location,area_sqft,bedrooms,bathrooms,balconies,age_years,distance_to_it_hub_km,nearest_metro_km,parking_spaces,amenity_score,price_lakh
Sarjapur Road,635,3,4,2,19,10.96,8.7,1,96.6,500.28
Sarjapur Road,1146,3,3,0,34,21.5,,0,57.2,343.07
Koramangala,1053,1,1,3,31,8.94,4.55,0,64.5,356.2
Electronic City,702,1,2,2,20,24.56,4.18,1,78.0,306.47
HSR Layout,1441,3,4,1,14,27.4,6.81,1,64.3,340.28
JP Nagar,3797,6,7,1,5,2.42,2.93,2,69.3,663.13
Jayanagar,1791,3,4,1,27,26.79,6.47,3,71.3,471.37
Yelahanka,1257,2,3,3,14,23.88,2.77,3,55.7,162.34
Koramangala,902,3,4,2,19,20.15,10.6,1,42.3,342.39
Electronic City,1237,3,3,2,13,6.87,6.19,1,99.5,375.85
Whitefield,450,2,2,2,26,1.64,6.13,1,38.7,271.23
Electronic City,1154,1,2,2,1,7.97,3.2,0,73.0,298.35
Yelahanka,1058,1,1,2,3,15.93,10.57,0,60.6,220.04
Whitefield,1637,4,3,3,32,1.61,10.8,0,49.2,308.43
Whitefield,2223,4,4,0,10,6.53,1.64,4,70.3,550.9
Yelahanka,1948,3,2,0,17,10.72,4.41,4,40.4,389.74
HSR Layout,1101,1,1,2,22,2.52,13.36,0,47.2,456.92
Bellandur,857,1,2,0,16,10.03,,0,63.0,395.43
Whitefield,798,1,1,0,7,4.07,5.53,0,39.1,195.78
Whitefield,722,1,1,2,21,1.35,10.73,2,62.5,179.53
Bellandur,805,2,1,1,29,23.69,,1,38.2,268.73
Electronic City,1108,3,3,3,31,8.49,4.49,4,64.5,371.94
Indiranagar,543,1,2,1,17,10.51,5.2,3,85.2,410.41
HSR Layout,1601,2,1,0,26,11.01,7.42,2,44.5,452.22
Sarjapur Road,1118,2,2,1,5,7.47,11.18,1,40.9,280.49
Bellandur,697,4,3,0,15,17.59,,0,73.0,279.72
Indiranagar,792,2,3,1,27,9.6,2.74,3,43.3,346.58
Sarjapur Road,2070,4,5,0,26,15.31,7.49,2,52.1,481.04
Bellandur,2160,3,2,0,17,14.43,5.57,4,92.7,421.91
Hebbal,5669,6,7,3,7,28.69,13.47,1,45.3,712.77
Whitefield,1735,5,6,2,28,12.24,14.68,2,35.7,447.56
Indiranagar,774,1,1,1,1,12.76,6.92,1,85.2,457.05
Yelahanka,751,2,3,0,4,11.83,,2,45.8,294.6
HSR Layout,1545,2,2,2,13,18.51,4.54,2,45.0,418.68
Bellandur,2026,3,3,2,17,2.7,,0,41.4,485.4
Koramangala,2996,5,5,0,25,16.89,13.97,1,66.9,627.21
Electronic City,680,2,2,0,17,26.28,,1,90.9,153.39
Marathahalli,1281,1,2,1,29,16.76,13.29,0,51.4,382.35
Koramangala,564,2,2,1,2,23.2,7.79,2,79.8,245.01
Jayanagar,1536,3,4,1,18,5.13,5.52,1,62.7,447.76
Sarjapur Road,621,1,1,2,31,15.38,13.26,0,54.5,331.97
Electronic City,3090,4,5,2,34,19.71,0.96,1,93.6,396.45
Hebbal,724,1,1,2,30,6.94,11.28,0,68.0,277.68
HSR Layout,1783,2,3,0,8,26.13,1.42,0,90.4,313.6
JP Nagar,1324,1,1,1,9,12.75,14.59,1,60.8,416.54
Marathahalli,1239,2,1,3,2,18.53,9.33,1,87.7,457.5
Whitefield,450,2,3,0,19,23.47,2.73,1,80.3,259.69
Jayanagar,1131,2,2,3,20,9.55,13.78,3,47.2,324.33
Sarjapur Road,635,1,1,3,28,5.68,13.49,3,75.0,224.43
JP Nagar,820,1,2,3,25,15.2,7.65,0,85.1,408.52
JP Nagar,1649,3,2,3,13,19.98,13.05,0,63.8,321.75
Koramangala,6500,6,6,3,9,4.35,10.19,1,61.8,891.53
Sarjapur Road,4121,6,6,0,25,6.41,1.21,1,64.1,711.14
Bellandur,1679,3,3,0,24,21.43,8.23,2,59.6,495.36
Jayanagar,1542,4,5,3,15,1.17,12.06,2,92.8,513.97
Jayanagar,955,2,1,1,8,10.22,14.66,2,75.5,404.06
Bellandur,626,1,1,3,19,20.23,,0,51.2,301.51
Koramangala,1600,2,1,2,10,14.2,2.63,0,36.4,608.39
HSR Layout,899,1,2,1,13,25.81,6.36,0,75.7,255.27
JP Nagar,3758,6,6,1,3,11.38,6.7,1,47.6,673.16
Whitefield,4843,6,5,1,20,3.75,10.06,4,90.2,679.9
Koramangala,4824,6,5,1,24,11.43,5.94,2,38.0,718.78
Bellandur,794,2,1,2,25,22.77,5.89,2,44.6,263.73
Indiranagar,863,1,2,0,33,7.23,8.22,1,37.9,423.19
Jayanagar,546,2,3,3,5,19.86,11.24,1,37.9,300.97
Koramangala,1829,2,3,1,18,2.77,1.04,1,51.6,519.73
Indiranagar,688,1,1,3,27,10.39,9.43,2,50.0,335.69
Electronic City,810,2,1,1,12,26.25,10.04,1,93.9,159.48
Jayanagar,674,1,1,2,9,5.48,12.9,1,64.2,242.4
JP Nagar,836,1,1,1,19,27.56,13.06,4,88.4,514.03
Marathahalli,3516,6,7,3,15,10.51,,1,80.1,616.89
Indiranagar,450,1,1,0,30,4.93,7.7,3,47.4,317.6
Yelahanka,1689,6,5,2,23,15.52,13.76,1,42.3,270.21
Sarjapur Road,710,1,2,3,7,24.87,13.42,0,50.5,273.81
Bellandur,5507,6,5,2,34,21.52,14.62,0,52.2,777.67
Hebbal,2055,4,5,0,17,4.7,1.71,1,36.5,436.02
Electronic City,619,2,1,1,15,25.64,2.71,1,60.4,252.58
Sarjapur Road,807,1,1,3,7,22.12,11.03,1,85.1,347.15
Electronic City,829,2,2,2,26,19.83,6.54,1,99.4,199.11
Electronic City,2535,6,5,0,16,27.73,12.67,3,42.7,476.99
HSR Layout,3610,6,6,2,0,12.54,14.4,4,41.3,759.64
Marathahalli,1326,2,1,2,10,23.65,,3,91.6,312.63
Yelahanka,1093,1,1,1,31,11.19,2.51,3,45.9,173.95
Whitefield,2365,5,4,2,12,13.72,,3,42.2,548.02
Hebbal,1222,1,1,0,33,1.93,9.42,1,62.6,348.5
Jayanagar,1627,2,1,2,25,2.28,5.75,2,70.5,377.23
Electronic City,1386,3,2,2,4,29.23,6.36,1,61.0,353.25
Koramangala,719,2,2,0,7,9.94,8.12,2,76.1,251.17
HSR Layout,2911,4,3,3,21,16.76,1.72,1,50.5,631.26
HSR Layout,817,1,2,0,0,5.62,,1,62.7,329.63
Jayanagar,4229,6,5,3,18,7.41,13.86,2,55.1,681.54
Marathahalli,2584,5,6,1,17,8.18,7.81,0,91.1,477.28
Yelahanka,1361,2,1,3,12,8.49,,0,76.4,271.97
Indiranagar,535,1,2,2,22,9.68,,1,57.2,495.22
Yelahanka,3567,6,5,3,11,12.68,14.4,1,43.4,478.43
Sarjapur Road,1473,4,4,2,6,1.35,8.03,2,99.1,359.11
HSR Layout,2145,3,4,3,27,14.33,8.86,4,63.7,526.0
Jayanagar,3134,5,4,2,1,11.46,9.09,2,51.2,608.08
HSR Layout,579,2,1,0,24,14.61,9.47,0,58.2,335.26
HSR Layout,1520,1,1,2,29,24.5,8.71,1,44.6,370.36
Hebbal,939,2,1,1,33,21.77,14.3,1,49.4,355.35
Koramangala,1477,2,2,2,32,3.72,,3,76.3,433.1
Yelahanka,1615,2,2,1,34,29.97,1.68,0,50.3,322.48
Indiranagar,450,1,1,2,31,10.0,4.99,3,97.7,302.49
Koramangala,1035,2,3,0,0,12.89,12.18,0,73.0,461.42
HSR Layout,1272,2,1,2,4,7.15,13.06,2,66.6,410.45
Yelahanka,532,1,1,3,34,14.57,5.39,1,83.3,258.64
Koramangala,744,1,1,1,11,18.14,2.53,3,76.3,368.74
Koramangala,1301,2,2,0,16,9.88,2.19,1,71.4,455.97
Jayanagar,1875,2,3,2,12,18.53,8.66,3,54.7,464.39
Koramangala,1091,2,3,1,24,25.63,13.75,2,93.6,457.18
Electronic City,762,2,1,3,4,17.62,13.14,2,40.4,123.89
JP Nagar,625,2,3,3,3,12.98,12.31,0,83.1,363.38
HSR Layout,951,1,1,1,33,9.03,1.43,2,68.5,275.53
Bellandur,714,1,2,2,13,15.19,11.09,0,90.5,268.41
HSR Layout,1767,3,3,2,23,16.54,11.81,0,91.6,445.37
Electronic City,1414,3,2,2,0,26.7,3.16,2,84.3,349.42
Whitefield,786,1,2,1,9,7.25,,2,53.9,268.57
Marathahalli,1392,3,4,0,0,3.65,9.7,3,84.3,457.43
Hebbal,5458,6,7,1,9,28.58,1.09,2,38.4,705.67
Koramangala,1957,2,2,1,7,2.77,12.67,0,52.4,648.48
Jayanagar,1416,3,4,2,0,29.92,11.95,3,65.7,496.77
Hebbal,1913,2,1,3,7,25.1,,0,80.2,424.68
Yelahanka,2729,5,6,2,12,28.36,8.78,1,84.3,500.89
Electronic City,450,1,1,0,25,28.7,4.16,1,55.5,281.98
Whitefield,910,1,1,3,19,29.5,9.63,1,98.5,293.92
HSR Layout,803,1,1,2,0,16.15,4.16,0,38.5,361.7
Electronic City,789,1,1,3,11,27.18,14.11,0,60.1,250.27
HSR Layout,4743,6,7,2,34,17.6,14.46,4,90.5,817.37
Bellandur,1672,3,4,1,12,21.56,12.26,2,56.2,440.48
Indiranagar,2478,6,7,3,21,4.3,5.02,0,60.9,823.76
Koramangala,1457,2,3,0,8,24.14,12.43,0,82.8,469.81
Electronic City,6500,6,7,3,28,23.03,3.31,1,99.8,632.78
Bellandur,450,1,2,1,21,26.12,13.55,2,90.5,315.51
HSR Layout,876,2,2,0,24,9.87,9.78,0,41.2,382.81
HSR Layout,901,1,1,3,29,9.1,13.6,0,44.1,375.0
Indiranagar,957,3,2,1,27,11.62,11.49,2,79.7,330.11
Koramangala,2174,2,1,3,9,27.36,8.85,1,72.9,484.74
Hebbal,1272,4,4,1,12,20.1,,2,94.4,414.09
Koramangala,1832,4,5,3,28,26.17,6.23,0,90.2,599.0
Bellandur,2363,1,1,3,2,8.34,6.97,1,40.2,396.39
Bellandur,1389,2,3,0,11,22.97,6.74,2,50.8,423.48
Indiranagar,1927,3,2,1,25,2.35,12.09,0,67.7,575.58
Whitefield,901,1,2,2,11,14.5,2.39,0,61.1,269.6
Whitefield,789,2,2,0,18,4.09,7.27,2,41.9,203.01
Yelahanka,675,3,2,2,15,20.74,14.28,1,91.6,308.55
Hebbal,1268,4,3,3,30,5.43,7.65,4,68.7,314.68
Hebbal,645,4,4,3,10,28.28,10.98,1,53.2,279.9
Bellandur,599,1,1,2,18,22.33,10.97,3,45.5,208.34
JP Nagar,1833,1,1,2,17,21.46,14.41,3,94.7,500.12
JP Nagar,655,1,1,2,3,10.39,7.08,0,73.8,256.65
Hebbal,1735,4,4,2,21,17.6,,1,36.2,395.93
Koramangala,973,2,2,1,7,21.86,7.27,0,40.3,348.48
Electronic City,824,1,2,1,4,28.33,4.16,0,35.5,25.93
Koramangala,2166,4,4,1,32,1.98,2.0,1,92.3,670.0
Hebbal,2287,4,3,2,16,17.8,2.24,1,52.5,526.42
Indiranagar,1379,5,5,0,13,25.73,2.31,1,66.4,444.0
JP Nagar,3001,6,6,2,1,10.13,,1,96.4,596.75
Yelahanka,450,1,2,0,27,29.03,2.32,1,92.1,123.78
JP Nagar,2423,3,2,3,15,20.76,8.61,2,79.1,540.89
Jayanagar,712,1,2,3,1,21.27,,0,44.4,315.27
Electronic City,1033,2,1,1,8,23.79,0.87,1,81.0,329.14
Indiranagar,1515,2,1,3,29,5.57,7.73,1,40.1,475.49
Jayanagar,764,3,4,0,8,18.67,,1,79.3,307.24
Electronic City,1167,3,4,0,4,25.41,13.08,1,59.9,276.24
Indiranagar,909,1,2,0,21,29.13,5.46,0,69.8,371.3
Yelahanka,1035,3,3,2,25,24.99,13.99,1,63.3,414.87
Hebbal,4713,6,5,1,0,27.81,4.31,1,55.5,621.69
Indiranagar,450,1,1,0,20,9.91,,1,35.6,271.88
Electronic City,1044,2,3,3,15,19.63,8.18,2,40.3,359.71
HSR Layout,1549,3,2,2,8,11.53,4.44,1,81.1,500.18
Electronic City,575,2,3,1,30,28.11,7.38,2,95.9,227.18
Hebbal,1076,4,3,3,25,23.61,10.74,0,38.1,365.85
Indiranagar,1461,2,2,0,20,5.04,11.84,0,41.5,515.89
Marathahalli,1516,3,3,1,23,10.41,8.36,2,80.7,312.73
Electronic City,2049,1,1,2,3,19.87,0.61,2,53.4,357.66
Sarjapur Road,2448,5,6,0,32,12.08,10.71,1,85.1,503.82
Marathahalli,968,2,1,2,30,8.94,11.07,1,82.5,277.77
Sarjapur Road,1270,3,3,3,9,10.08,8.17,0,96.0,373.49
Sarjapur Road,477,1,2,3,0,2.57,5.54,1,71.5,303.74
Yelahanka,1160,3,2,3,20,18.9,13.65,2,91.7,252.14
HSR Layout,467,1,1,2,21,13.27,14.9,1,76.2,231.15
Sarjapur Road,1209,1,1,2,31,18.21,1.34,1,72.9,329.67
Jayanagar,2049,3,2,0,33,7.65,12.6,2,41.8,508.32
Koramangala,1570,3,2,0,17,16.54,0.97,1,85.6,618.54
Indiranagar,1273,3,3,1,23,12.2,,4,92.1,521.96
Yelahanka,2028,3,4,1,7,7.66,2.46,2,45.6,283.84
Electronic City,2408,4,5,2,5,16.59,6.79,3,57.4,334.3
HSR Layout,700,1,1,2,28,15.26,9.33,1,43.6,330.57
Jayanagar,2594,2,1,1,23,3.45,2.07,2,41.8,615.49
JP Nagar,734,1,2,0,15,13.14,3.8,1,69.3,244.31
Hebbal,898,1,2,0,28,5.25,0.41,3,68.0,235.3
Jayanagar,1923,2,2,2,31,13.09,10.54,3,78.5,349.48
JP Nagar,1347,2,2,1,20,13.34,11.77,1,80.5,271.52
HSR Layout,1182,1,1,2,23,2.64,,1,37.7,223.19
JP Nagar,1343,1,1,0,34,23.85,12.8,3,90.1,291.13
JP Nagar,2818,6,5,0,8,11.78,11.94,1,43.0,533.64
Jayanagar,1254,1,1,0,22,18.81,12.22,1,54.9,362.57
Indiranagar,1948,2,2,1,9,2.56,5.01,1,97.3,536.01
Yelahanka,1916,2,2,3,24,13.86,9.12,0,89.8,373.18
Jayanagar,4661,6,6,3,6,14.43,12.04,0,90.3,742.11
Yelahanka,2949,6,7,0,19,11.27,14.78,3,38.6,434.14
Jayanagar,1897,5,4,3,17,9.35,6.01,3,82.0,574.58
HSR Layout,1916,3,3,2,18,9.85,3.59,2,47.0,393.47
HSR Layout,1339,2,2,1,25,20.21,1.07,0,94.7,393.75
Marathahalli,1080,1,1,1,18,21.89,1.2,1,78.9,213.99
Jayanagar,1190,1,2,2,21,27.23,12.37,0,44.6,319.04
Koramangala,1219,4,4,0,22,8.1,3.39,2,57.3,501.52
Whitefield,896,1,1,2,2,21.21,13.62,1,42.0,352.11
Hebbal,917,2,1,2,26,4.33,9.16,3,75.6,323.47
Indiranagar,1151,2,1,2,25,3.99,3.96,0,83.4,380.21
Indiranagar,972,2,3,2,34,29.92,2.29,4,51.0,433.85
Bellandur,1058,1,1,3,3,8.14,14.95,0,41.6,331.3
Bellandur,1077,3,2,2,32,1.0,14.62,2,68.2,291.25
Marathahalli,2162,5,4,1,34,9.41,1.61,1,40.3,292.34
Whitefield,2008,3,4,0,28,28.17,0.5,0,44.3,246.14
Hebbal,2336,6,5,2,24,23.26,9.73,1,84.3,471.8
Yelahanka,2696,5,4,3,12,21.61,14.9,1,49.4,404.49
Sarjapur Road,751,1,1,3,30,10.31,2.02,3,61.5,140.07
Marathahalli,1223,1,1,2,34,8.5,2.58,1,65.2,285.69
Electronic City,1460,3,3,3,23,29.98,4.32,1,37.6,358.34
Marathahalli,1600,3,4,2,21,23.26,13.61,1,35.9,261.97
Yelahanka,1675,3,3,1,11,11.45,9.52,1,50.1,321.71
Jayanagar,3021,5,5,3,5,20.51,1.15,1,64.1,545.57
Sarjapur Road,840,1,2,2,19,6.65,9.25,0,81.4,411.95
JP Nagar,1394,3,4,2,29,13.82,1.01,2,93.0,316.2
Bellandur,544,1,2,0,14,3.08,8.93,0,66.1,264.38
HSR Layout,1574,3,2,1,10,13.05,,1,61.7,436.37
Whitefield,450,1,2,2,18,16.51,5.2,1,46.3,282.44
HSR Layout,1517,3,3,1,18,29.46,10.34,2,46.0,508.45
Indiranagar,2688,4,4,1,5,12.31,7.32,1,75.6,633.08
Jayanagar,1798,4,3,2,7,13.35,,0,52.4,544.07
Indiranagar,601,1,2,1,20,7.85,4.61,1,80.2,508.88
Sarjapur Road,725,2,3,2,29,8.65,7.26,0,48.7,267.21
Marathahalli,1792,3,4,0,28,25.53,3.67,0,41.0,435.29
Electronic City,1115,2,1,0,5,11.73,0.3,3,79.3,297.56
Indiranagar,450,3,3,1,4,7.16,1.64,4,74.7,479.72
Marathahalli,3014,3,2,3,18,5.59,3.8,0,83.3,432.03
Yelahanka,1354,3,3,0,19,19.39,5.74,2,77.8,307.11
Electronic City,474,1,1,0,12,0.6,6.41,0,90.2,125.86
JP Nagar,1397,4,4,1,14,20.13,8.53,2,81.0,454.01
Sarjapur Road,5062,6,5,3,18,4.37,4.44,3,93.2,719.91
JP Nagar,1091,2,3,2,34,7.77,11.82,1,60.6,324.56
Hebbal,1080,1,2,0,26,26.78,14.49,1,96.2,549.85
Marathahalli,791,1,2,2,0,3.9,0.38,1,88.6,237.91
Whitefield,1827,3,2,2,30,6.7,11.58,1,67.5,383.56
Yelahanka,1413,3,3,2,5,20.92,1.24,4,98.5,430.88
HSR Layout,2034,2,3,2,24,4.07,11.09,0,92.6,616.06
HSR Layout,749,1,2,2,29,14.03,11.25,1,80.4,294.29
HSR Layout,1927,3,3,2,34,5.23,7.72,1,91.8,479.45
Electronic City,558,1,2,1,32,27.34,,0,44.0,201.89
Indiranagar,1657,3,3,3,19,19.34,6.06,1,52.5,489.49
Koramangala,717,1,2,2,30,25.81,6.18,0,58.4,237.99
HSR Layout,1230,1,1,3,22,7.06,8.54,0,76.0,423.0
Electronic City,450,1,2,3,3,15.99,6.68,4,75.9,231.47
Indiranagar,1279,3,3,2,5,4.89,2.04,1,42.1,531.61
Sarjapur Road,1185,4,5,0,16,9.23,6.34,1,51.3,419.62
Koramangala,450,1,1,0,15,3.14,11.32,2,57.5,253.25
Marathahalli,3697,4,3,0,5,26.28,7.01,2,89.2,481.83
Yelahanka,1798,4,3,2,13,15.19,6.51,1,45.8,396.38
Hebbal,591,1,1,3,22,3.64,2.56,0,80.1,273.31
Yelahanka,623,2,1,0,1,0.75,2.44,1,36.8,211.76
Bellandur,1021,4,4,1,28,24.75,2.16,1,99.0,298.19
JP Nagar,830,3,3,3,10,12.67,7.89,0,89.1,473.22
Indiranagar,1130,2,3,0,34,9.38,7.93,3,88.1,539.37
Hebbal,450,1,1,3,25,19.52,3.96,3,88.9,262.71
Marathahalli,3605,6,5,1,26,1.42,7.48,1,60.2,523.45
Yelahanka,753,1,1,1,27,27.55,7.52,0,93.0,190.33
Sarjapur Road,2638,4,5,2,31,25.16,0.56,0,40.7,518.13
Bellandur,1076,3,4,0,0,15.75,5.37,0,49.3,335.3
HSR Layout,5891,6,7,2,6,19.03,11.79,1,48.7,877.2
HSR Layout,2097,3,2,0,14,21.01,11.34,3,74.7,431.44
Electronic City,2394,5,5,1,16,22.9,3.28,0,47.8,400.8
Indiranagar,2611,3,2,3,20,24.77,3.61,2,39.7,667.34
Hebbal,1267,2,3,2,29,9.96,10.05,1,51.3,425.26
Marathahalli,1324,3,3,3,7,10.18,7.48,1,50.9,426.33
Indiranagar,1106,4,5,0,19,28.94,12.32,0,49.8,375.87
Indiranagar,1518,4,3,0,3,2.89,6.51,1,38.6,620.76
Indiranagar,1261,2,3,2,23,3.97,11.77,0,39.6,382.71
Marathahalli,1518,1,2,1,30,25.15,,2,76.4,222.45
Whitefield,716,1,1,2,11,17.01,3.64,2,60.6,227.32
Whitefield,915,2,3,2,26,21.3,1.64,3,39.9,310.73
Hebbal,1721,3,3,1,16,2.05,2.0,1,68.0,485.01
Electronic City,1216,2,2,1,25,13.59,1.26,1,50.5,342.66
Whitefield,1644,1,2,1,1,18.7,10.12,3,40.5,405.57
Bellandur,1856,3,2,3,13,13.45,,2,36.8,454.39
Jayanagar,2137,3,2,1,13,28.22,8.42,0,48.5,564.68
JP Nagar,1654,2,3,0,16,17.81,,1,72.7,370.6
Marathahalli,1032,2,1,3,26,4.93,7.31,0,80.9,306.91
Bellandur,684,1,2,0,25,8.87,4.0,2,79.0,281.3
Marathahalli,2547,4,5,3,7,12.66,3.74,0,79.2,584.94
Whitefield,765,1,1,1,20,0.61,7.76,2,57.1,365.92
Indiranagar,1200,1,2,3,25,3.52,10.7,3,69.7,535.94
Electronic City,3434,5,4,2,11,17.42,14.42,1,52.5,483.97
Sarjapur Road,717,1,1,0,10,1.11,1.43,2,96.2,247.94
JP Nagar,1005,3,3,1,1,1.79,7.11,0,47.1,464.98
Sarjapur Road,1296,3,3,1,23,23.55,7.68,1,67.0,331.46
Indiranagar,450,1,2,1,30,24.4,1.41,1,87.3,278.44
JP Nagar,599,1,1,2,13,19.38,3.49,2,59.0,323.41
Indiranagar,2707,5,6,3,26,4.79,0.52,4,71.4,873.87
HSR Layout,1610,3,3,3,0,17.25,9.95,4,97.2,440.36
JP Nagar,2052,2,3,2,23,12.0,6.97,1,54.3,506.31
Koramangala,1417,1,1,1,26,29.59,1.2,1,50.4,485.22
Electronic City,450,1,1,0,28,26.47,13.1,2,41.6,40.74
Hebbal,619,2,3,3,29,9.03,11.48,2,64.5,359.62
Bellandur,450,1,1,1,20,19.14,0.83,2,63.6,299.35
Electronic City,1821,5,5,0,12,21.04,12.19,1,48.2,427.59
Koramangala,6500,6,5,3,2,22.9,3.36,0,60.7,1013.71
Marathahalli,450,1,1,1,1,18.51,3.32,2,97.0,164.14
Yelahanka,2407,5,6,1,24,11.52,13.68,2,74.3,425.15
JP Nagar,2436,3,4,1,30,5.37,2.4,3,80.2,611.2
Whitefield,1355,1,1,1,28,12.82,10.24,3,70.1,384.69
HSR Layout,492,1,1,0,11,6.33,9.69,0,38.2,226.66
Electronic City,683,1,1,3,31,3.99,,0,81.7,98.34
HSR Layout,450,1,1,0,10,27.85,14.56,1,53.3,274.42
Indiranagar,1106,1,1,0,6,11.62,9.9,1,62.8,584.2
Indiranagar,1382,2,2,0,3,12.6,2.8,1,79.7,495.76
Indiranagar,2048,3,4,3,13,6.06,4.45,1,52.8,571.21
Marathahalli,1051,3,4,1,30,9.11,6.9,1,54.1,391.41
HSR Layout,692,1,1,2,2,4.25,2.06,1,76.1,434.42
Koramangala,766,1,1,0,25,15.8,8.44,1,76.1,509.74
HSR Layout,1102,2,1,0,21,26.54,12.71,1,36.6,357.02
Marathahalli,1460,2,1,1,26,24.27,9.85,1,52.1,339.18
Electronic City,2964,5,4,3,16,10.26,,0,84.9,370.8
Marathahalli,4538,6,7,0,22,22.29,4.42,0,69.7,558.74
Yelahanka,1194,1,2,3,30,4.69,5.31,3,50.8,342.69
Electronic City,596,1,1,0,7,18.75,5.06,3,63.8,203.35
HSR Layout,2667,4,3,0,15,8.77,10.61,2,83.4,530.21
Yelahanka,6324,6,7,1,32,28.96,8.16,0,79.8,638.66
Electronic City,735,1,2,2,17,2.09,9.62,1,46.0,184.63
Marathahalli,868,1,1,0,1,29.08,7.71,2,69.5,322.01
Koramangala,1110,1,2,2,14,11.12,9.49,2,78.8,391.38
JP Nagar,1217,3,3,3,14,27.02,9.9,0,63.0,414.3
Electronic City,773,1,2,0,10,19.37,,2,49.0,167.29
Marathahalli,487,1,1,1,23,4.51,,1,85.4,205.21
Whitefield,1787,1,1,3,31,13.43,5.96,1,75.0,386.22
Indiranagar,1099,1,1,0,19,11.67,10.91,4,41.0,448.61
Whitefield,2500,4,5,2,2,16.27,5.97,0,39.6,425.24
JP Nagar,1709,3,4,3,26,0.73,0.78,2,45.2,448.91
HSR Layout,2329,5,5,3,9,24.0,,1,71.9,538.4
Whitefield,1250,1,1,0,5,21.57,10.73,2,59.6,310.26
Koramangala,1893,3,3,1,0,24.97,14.13,0,50.4,407.78
Sarjapur Road,748,1,1,0,9,27.92,2.04,3,55.0,322.73
Indiranagar,1664,1,1,0,3,18.32,11.65,1,45.0,435.69
JP Nagar,2316,5,6,2,21,5.83,7.44,0,96.3,526.68
Marathahalli,2845,4,5,1,3,25.01,1.18,1,46.9,587.61
Electronic City,992,2,2,3,7,29.9,9.1,3,79.0,294.95
Whitefield,1773,3,3,2,22,13.3,8.13,1,69.4,416.08
Whitefield,2806,6,5,2,18,23.51,5.37,0,79.4,514.62
Sarjapur Road,450,1,2,0,18,26.55,3.75,2,70.3,135.28
Koramangala,952,2,2,1,16,1.29,14.69,0,100.0,521.95
Marathahalli,1755,3,2,1,31,7.79,13.52,2,53.7,326.54
Yelahanka,999,1,1,3,25,28.34,9.87,1,87.8,236.44
Electronic City,785,1,2,2,9,5.78,14.55,0,42.5,217.6
Marathahalli,1600,1,2,3,33,15.28,1.54,0,41.2,338.02
HSR Layout,887,1,1,3,13,27.45,2.64,3,61.7,320.1
JP Nagar,1265,3,3,3,5,29.4,7.34,2,84.1,388.88
Koramangala,450,1,2,1,20,17.08,9.78,4,99.2,364.12
Bellandur,890,3,2,1,16,25.81,8.84,4,43.0,302.8
JP Nagar,1450,3,2,2,10,29.86,1.01,2,97.6,448.8
Indiranagar,1133,3,2,0,32,13.92,6.13,2,95.2,449.56
Electronic City,1174,3,2,2,17,23.36,13.05,1,58.4,249.39
Koramangala,1486,3,2,0,12,2.56,3.42,0,77.7,477.08
Whitefield,2462,4,5,1,15,22.25,7.22,0,88.2,523.28
HSR Layout,1032,2,1,1,0,20.6,13.49,4,81.4,391.04
Electronic City,1191,2,2,2,25,12.03,6.17,0,44.8,184.45
HSR Layout,1269,1,2,0,14,20.4,1.81,1,69.5,363.52
Whitefield,886,1,1,3,2,14.11,5.12,2,61.6,232.27
Hebbal,725,1,1,3,23,19.16,10.41,2,79.0,344.49
Marathahalli,2093,4,5,1,9,15.34,1.82,1,88.3,441.09
Electronic City,568,1,2,0,27,20.82,8.89,0,93.7,121.11
Bellandur,1779,2,2,0,12,0.55,3.09,2,45.6,411.36
HSR Layout,1054,3,2,0,25,17.48,12.67,2,45.9,357.26
Sarjapur Road,969,1,1,3,27,16.34,11.04,3,93.9,294.88
Sarjapur Road,1492,1,1,3,12,3.74,11.03,0,59.7,164.64
Whitefield,1646,4,5,3,7,3.1,9.5,0,92.5,477.76
Sarjapur Road,615,1,1,2,21,22.94,14.06,2,52.5,172.86
Jayanagar,1181,1,1,2,24,5.2,7.38,1,35.5,524.16
JP Nagar,906,2,2,0,23,4.53,10.74,1,62.9,333.65
Whitefield,746,1,1,1,17,6.16,14.1,2,53.1,162.11
Sarjapur Road,450,1,1,3,10,15.74,1.38,3,72.9,346.92
Indiranagar,2098,3,2,0,24,28.58,4.13,0,66.5,502.82
Yelahanka,2152,3,4,1,24,8.93,4.37,2,57.6,208.69
Whitefield,566,2,1,0,22,22.08,3.69,1,84.5,294.62
HSR Layout,1126,3,4,1,20,15.6,3.49,1,79.5,301.91
Yelahanka,544,3,2,1,3,9.74,,2,43.3,188.95
Jayanagar,957,1,1,0,0,26.89,9.31,0,79.5,302.7
Indiranagar,796,2,1,0,29,24.93,5.18,2,43.8,379.75
Whitefield,2899,5,4,2,14,18.88,11.7,0,58.9,520.8
JP Nagar,494,1,2,1,34,14.82,5.29,2,93.6,322.86
Jayanagar,450,1,1,0,33,14.33,12.12,1,71.4,212.23
Marathahalli,957,2,3,2,6,14.01,13.22,1,86.3,318.1
Jayanagar,996,1,2,3,31,12.08,11.85,2,95.6,487.16
Bellandur,4312,6,6,1,26,15.64,1.99,1,95.8,653.48
Koramangala,734,1,1,2,0,4.52,10.51,1,39.6,365.85
Whitefield,3136,5,4,2,25,29.43,12.57,2,87.3,661.69
Indiranagar,1669,3,4,1,10,19.74,10.01,4,91.1,446.58
Hebbal,3519,5,6,3,4,1.38,,1,35.9,663.71
Hebbal,1440,3,3,1,2,4.47,12.18,0,88.6,625.54
Jayanagar,450,2,1,0,12,10.89,6.84,1,50.6,410.56
Electronic City,658,2,1,3,8,19.75,13.21,0,58.9,318.93
Whitefield,1714,2,2,3,23,8.25,3.06,2,35.3,387.79
JP Nagar,676,1,1,3,21,21.61,13.9,0,61.8,327.42
Electronic City,5687,6,5,2,30,7.96,2.29,0,35.3,571.91
Indiranagar,450,4,5,0,17,1.4,4.48,0,75.4,322.08
Marathahalli,798,2,2,3,34,18.2,8.95,0,73.9,212.36
HSR Layout,1632,4,3,0,3,15.46,1.43,3,47.5,566.41
Whitefield,1217,3,4,2,16,19.06,2.09,0,96.0,357.57
Bellandur,884,1,2,2,34,11.79,13.81,0,51.0,247.3
Hebbal,3080,5,5,1,27,13.85,13.14,1,90.1,649.97
Bellandur,1262,2,1,0,33,23.75,6.76,3,50.4,370.2
Yelahanka,2419,4,4,1,34,14.37,0.85,0,60.1,282.6
HSR Layout,914,4,4,2,31,27.06,10.17,3,81.6,380.7
Marathahalli,2364,3,2,2,16,27.22,11.82,3,51.0,511.82
Electronic City,1397,2,3,1,4,6.88,0.92,1,51.9,405.17
Hebbal,450,1,2,0,12,18.77,1.59,3,80.0,303.28
Whitefield,546,1,1,0,28,26.34,12.31,2,78.3,294.1
Yelahanka,2501,4,5,3,1,22.69,1.51,2,65.4,363.84
Electronic City,1202,1,1,0,18,23.44,3.45,3,68.1,135.26
Marathahalli,2527,4,3,3,9,15.12,,2,65.6,439.57
Jayanagar,1927,3,3,0,21,5.37,4.89,0,36.0,452.0
Hebbal,580,1,1,1,23,16.5,6.13,2,78.4,130.3
Hebbal,554,1,1,1,34,28.79,8.2,0,38.5,65.27
Bellandur,1123,1,1,0,34,29.02,2.55,1,76.0,349.76
Koramangala,1340,2,2,1,23,22.2,5.76,0,96.1,395.67
Hebbal,764,1,1,1,28,26.52,11.34,1,54.9,370.92
Jayanagar,1673,2,1,0,2,27.75,10.49,4,66.4,576.85
Indiranagar,1044,2,3,3,18,28.62,2.24,2,40.0,443.43
Yelahanka,734,2,1,3,28,9.14,11.36,1,62.8,283.48
Sarjapur Road,1416,2,1,3,20,11.74,6.57,4,78.4,353.03
Whitefield,790,1,2,1,32,16.81,0.58,1,51.6,275.05
Whitefield,467,1,2,0,30,28.88,2.57,3,54.6,295.99
Yelahanka,3334,6,6,1,32,21.23,5.28,0,75.2,404.62
Yelahanka,450,1,2,0,6,12.27,14.85,0,36.9,227.31
JP Nagar,450,1,2,3,28,11.82,6.34,1,38.5,54.9
Marathahalli,2057,2,1,1,16,23.86,12.69,0,35.5,403.59
HSR Layout,1424,3,2,0,23,26.86,8.48,2,60.4,401.93
Marathahalli,830,1,2,2,26,1.66,9.61,0,42.0,299.93
Marathahalli,4237,6,6,0,29,22.12,12.58,2,88.8,509.26
Sarjapur Road,929,1,1,0,2,23.11,13.23,1,36.7,327.71
Sarjapur Road,1115,3,2,2,5,2.71,10.54,1,89.6,359.63
JP Nagar,1212,1,1,0,15,14.4,0.85,1,52.3,296.48
Indiranagar,1787,2,2,0,32,24.33,9.38,3,72.0,397.68
HSR Layout,1880,2,3,0,2,11.7,,0,89.8,343.46
Electronic City,2909,4,4,1,14,4.06,8.06,1,78.9,437.87
HSR Layout,886,1,1,2,13,10.89,12.4,2,74.9,369.01
Yelahanka,1165,1,1,3,2,20.9,7.17,1,71.0,232.79
HSR Layout,988,1,1,2,32,5.29,10.53,0,80.7,214.12
Koramangala,506,2,1,0,21,21.56,,3,88.0,429.93
Sarjapur Road,969,2,3,0,25,27.28,,2,80.3,340.19
HSR Layout,1490,4,3,2,8,20.64,,3,49.5,319.25
Electronic City,1293,3,2,3,16,28.25,8.7,2,57.7,402.14
Yelahanka,3036,5,5,2,23,4.49,6.49,1,52.7,348.99
Hebbal,1365,2,3,0,1,19.31,1.81,1,46.2,450.03
Whitefield,630,2,3,0,28,26.43,6.81,1,94.3,301.13
Sarjapur Road,858,1,2,1,1,10.9,9.01,3,46.1,255.32
HSR Layout,706,2,1,0,24,20.11,,1,89.6,256.71
Indiranagar,812,2,3,1,30,3.35,6.0,1,46.3,485.95
JP Nagar,1133,1,1,2,3,6.44,11.21,0,67.2,493.8
Yelahanka,1970,5,5,2,28,16.63,11.58,1,49.4,321.66
Jayanagar,2104,4,5,1,32,1.27,2.88,2,99.6,665.92
JP Nagar,663,1,1,2,31,16.07,6.46,1,57.6,311.95
Sarjapur Road,1577,4,5,2,17,7.08,14.67,2,42.2,376.26
Indiranagar,1148,1,2,3,25,24.26,13.28,0,70.9,449.42
Yelahanka,955,3,2,1,33,15.04,3.33,2,42.5,261.97
Indiranagar,777,1,1,3,19,25.12,2.84,1,93.0,418.34
Electronic City,744,1,1,0,13,6.42,2.44,2,61.4,240.93
JP Nagar,849,1,1,2,15,1.22,9.92,1,51.9,401.33
Bellandur,2365,5,4,3,22,26.25,12.49,1,48.4,632.68
JP Nagar,2211,4,3,2,3,21.93,7.84,4,38.0,392.11
Jayanagar,2058,3,2,2,3,29.11,1.41,3,38.0,372.03
Indiranagar,450,1,1,1,1,29.63,10.43,2,93.3,366.59
Bellandur,2693,6,7,3,10,20.0,14.81,1,70.3,513.17
Indiranagar,1462,3,2,3,28,17.28,0.62,1,38.0,466.14
Hebbal,2107,3,4,2,19,13.81,8.06,1,53.6,494.94
JP Nagar,1074,2,3,0,17,12.94,9.75,1,54.0,342.78
Whitefield,1353,3,2,2,4,13.49,3.01,1,75.0,424.82
Sarjapur Road,2857,6,5,0,34,19.26,2.1,0,57.3,341.4
Indiranagar,2319,4,4,2,27,3.11,14.32,1,90.8,686.5
Bellandur,657,1,2,0,3,8.58,10.51,4,61.8,348.16
HSR Layout,716,1,2,0,34,28.21,2.98,0,99.1,332.69
Indiranagar,1607,2,1,1,6,6.11,1.65,1,76.7,560.37
HSR Layout,1365,4,4,0,5,17.08,0.99,4,89.7,424.54
Indiranagar,673,1,1,3,9,18.61,1.56,0,52.4,340.53
Whitefield,1156,2,1,3,18,16.92,6.18,2,79.0,400.17
Indiranagar,771,3,2,2,25,26.76,4.94,1,95.9,534.17
Koramangala,1754,1,1,3,0,2.83,12.48,1,41.8,667.81
Hebbal,5264,6,7,1,17,19.29,11.94,2,54.1,764.02
Koramangala,665,1,2,0,8,11.09,0.54,3,48.0,424.35
JP Nagar,1600,1,1,2,21,18.14,,1,36.5,276.66
Hebbal,1578,1,2,2,6,14.45,12.24,2,95.8,553.01
Whitefield,1053,1,1,1,13,13.13,11.84,3,77.5,244.51
Marathahalli,939,2,2,1,25,7.3,5.28,2,42.1,168.79
HSR Layout,959,2,1,0,21,19.98,3.65,3,77.3,370.39
Sarjapur Road,463,2,3,0,4,23.08,1.22,0,53.6,279.62
Bellandur,450,1,1,0,33,5.81,13.0,3,85.2,266.13
HSR Layout,685,2,3,1,0,20.34,,0,38.6,389.28
HSR Layout,811,2,1,3,19,11.25,9.88,2,98.8,442.83
Yelahanka,1949,3,2,2,8,7.18,11.23,0,40.5,307.5
Indiranagar,587,2,3,3,15,21.04,12.95,0,82.7,399.3
Electronic City,854,1,1,1,8,23.88,6.37,0,83.4,261.81
Hebbal,2410,2,2,0,10,24.02,0.63,2,59.7,393.07
Whitefield,2013,4,3,3,9,2.37,,2,74.9,464.24
Electronic City,1637,3,4,1,15,1.29,1.48,0,74.3,314.56
Bellandur,2460,4,3,0,3,26.41,,1,59.1,448.36
Indiranagar,6500,6,7,0,14,26.1,2.16,2,82.7,1078.53
Sarjapur Road,1124,2,2,1,27,12.06,7.87,3,54.6,377.62
Jayanagar,1784,3,4,3,3,29.58,13.67,2,65.6,297.02
Jayanagar,1103,2,3,3,7,11.07,14.68,2,60.7,460.54
Bellandur,1065,2,2,3,33,11.23,4.12,0,48.9,361.02
Hebbal,669,1,2,0,9,22.6,1.86,2,47.7,294.47
HSR Layout,3604,6,7,0,19,10.84,,0,65.3,661.61
Bellandur,1360,1,2,3,33,3.49,7.88,0,45.5,374.14
Yelahanka,3252,5,6,0,6,11.57,2.98,2,85.6,380.38
Koramangala,1540,2,1,0,31,13.3,14.77,2,56.7,445.53
Sarjapur Road,684,1,1,2,18,21.33,1.51,1,38.1,307.5
Indiranagar,1214,2,3,3,24,8.03,8.6,0,91.7,490.48
Indiranagar,1829,4,3,0,10,22.74,10.48,1,86.0,621.89
Indiranagar,1383,2,3,1,10,4.38,2.95,4,47.1,646.18
Bellandur,450,1,1,2,19,23.16,8.76,0,47.8,175.15
JP Nagar,1213,3,4,2,0,6.73,11.72,0,78.1,383.88
Indiranagar,933,2,1,0,5,24.68,0.27,2,94.0,448.04
Hebbal,917,1,2,3,8,16.27,4.33,1,38.7,446.85
Bellandur,493,1,2,3,14,16.76,13.19,1,91.5,192.85
Whitefield,4096,6,6,2,7,22.7,9.71,2,66.0,489.32
Indiranagar,2274,3,4,2,14,10.44,10.45,3,42.3,659.52
Jayanagar,701,2,2,0,32,19.23,9.64,0,47.4,389.95
JP Nagar,1038,1,1,1,15,22.62,,0,50.1,402.42
JP Nagar,2779,5,6,2,3,4.6,14.42,4,79.4,547.0
Koramangala,450,1,2,1,22,12.66,7.15,1,70.9,316.57
HSR Layout,3343,6,5,3,9,3.1,10.36,3,40.0,616.53
Bellandur,1519,2,2,1,12,21.6,0.68,4,41.2,452.23
Electronic City,1634,4,3,0,9,4.39,13.49,3,81.1,385.59
Electronic City,1081,2,2,1,15,5.58,7.68,1,36.3,286.61
Indiranagar,1598,3,4,3,23,17.17,4.09,2,42.8,511.87
Sarjapur Road,4284,6,7,1,34,18.65,14.38,0,64.4,553.84
JP Nagar,1289,4,4,0,11,14.29,,1,38.3,386.39
JP Nagar,768,1,1,3,17,29.27,7.9,1,99.4,180.98
Indiranagar,854,1,2,1,4,11.05,0.89,1,35.7,359.48
Hebbal,2366,4,3,2,6,21.65,11.82,1,63.2,487.0
Yelahanka,1438,1,1,3,20,21.12,1.25,2,98.9,374.63
JP Nagar,1399,1,1,1,18,29.73,5.92,3,78.2,350.04
Bellandur,840,3,3,1,28,8.83,12.75,1,89.5,357.95
Bellandur,3007,5,5,3,25,10.7,7.74,0,90.1,491.86
Bellandur,1306,2,3,2,32,25.42,4.25,2,38.5,459.52
Indiranagar,710,1,1,2,3,21.89,6.68,2,67.1,282.37
Indiranagar,450,1,2,2,27,27.77,13.45,1,80.6,335.41
Yelahanka,541,2,2,2,23,15.12,5.23,2,63.2,206.77
Jayanagar,1564,3,4,3,29,23.56,11.38,1,96.7,486.31
Yelahanka,677,1,1,0,28,23.38,7.43,0,72.5,205.16
Bellandur,450,1,1,0,3,2.96,,1,68.1,290.99
Electronic City,695,1,1,0,33,0.72,1.63,0,40.4,361.85
Marathahalli,1090,2,2,3,18,15.63,0.9,1,85.6,343.03
Marathahalli,1763,4,4,1,14,25.42,5.57,1,49.0,300.33
Hebbal,450,1,1,0,22,6.53,10.23,2,35.0,305.57
Yelahanka,1161,2,1,0,9,1.21,13.33,1,86.1,282.42
Marathahalli,2154,3,4,1,34,29.64,9.9,2,83.2,297.0
Electronic City,683,1,1,2,1,23.43,7.53,1,87.6,163.84
Whitefield,825,1,1,2,23,12.27,,1,52.2,366.03
Koramangala,1367,4,4,3,18,21.81,1.45,1,68.0,562.48
Whitefield,630,1,2,1,28,28.66,9.45,1,53.3,288.92
Yelahanka,662,1,1,3,23,14.72,,2,38.3,151.44
Bellandur,1113,2,2,3,0,6.71,10.94,1,70.3,388.15
Koramangala,1346,2,1,0,34,24.68,6.19,1,81.6,325.18
JP Nagar,1744,4,5,3,2,29.68,12.78,2,85.5,513.02
Bellandur,1213,3,3,2,8,26.11,1.88,1,89.5,312.1
Marathahalli,1202,3,2,3,11,6.6,,2,62.8,322.98
HSR Layout,1411,4,3,2,13,2.79,6.18,1,37.7,384.02
Bellandur,680,2,3,0,30,26.79,5.6,0,83.0,327.5
Koramangala,450,1,2,3,19,24.33,,1,40.5,431.14
Jayanagar,668,1,2,2,33,6.78,2.4,1,79.0,266.6
Jayanagar,875,1,1,3,16,11.26,3.05,0,51.5,337.06
Sarjapur Road,705,2,1,1,12,16.55,12.19,0,73.4,244.89
Marathahalli,573,1,2,0,3,12.69,8.29,0,61.7,124.11
Sarjapur Road,2394,3,4,3,15,19.43,8.74,1,76.5,614.47
Bellandur,699,1,1,2,22,28.79,8.03,1,70.2,324.48
HSR Layout,945,2,2,2,0,13.93,,1,81.0,318.36
Sarjapur Road,1744,3,2,0,27,16.89,3.88,2,48.4,462.47
JP Nagar,1597,3,4,2,15,16.58,,2,75.8,481.23
Bellandur,748,2,1,2,1,7.91,8.95,0,77.7,311.8
Hebbal,674,1,1,1,26,16.81,11.4,2,89.0,411.05
Whitefield,1149,3,2,2,24,13.98,9.66,2,86.5,404.77
Koramangala,765,1,2,0,18,14.17,14.32,0,67.3,308.47
Hebbal,1102,2,2,0,32,1.43,13.09,0,49.7,285.25
JP Nagar,685,1,1,3,20,16.72,6.63,1,35.6,298.76
Hebbal,1572,1,1,3,8,25.59,10.43,4,67.8,487.17
Marathahalli,479,1,1,3,28,1.23,2.99,1,53.7,241.31
Koramangala,1044,1,1,2,15,18.03,9.28,4,69.5,377.51
Marathahalli,1450,1,1,3,18,10.37,11.18,0,68.9,264.24
Koramangala,1452,4,4,1,13,18.48,8.47,1,44.2,460.9
Whitefield,5777,6,7,1,18,18.61,2.43,2,42.7,828.05
Bellandur,1034,2,3,2,23,14.02,10.41,1,47.9,417.31
Yelahanka,1318,2,2,3,24,15.9,,0,54.7,261.98
Whitefield,1130,1,1,2,29,10.51,4.96,1,70.9,290.47
Jayanagar,4140,6,5,3,4,23.75,2.27,2,82.5,756.34
Hebbal,2310,5,4,3,2,12.98,3.14,2,99.2,615.71
Whitefield,4211,6,7,0,14,24.27,13.1,2,36.1,559.24
Marathahalli,826,2,1,2,2,11.11,5.67,1,60.3,348.1
Koramangala,1336,1,1,3,27,3.51,7.23,2,53.4,365.92
Koramangala,1241,2,2,3,27,21.65,11.94,0,46.4,334.64
Hebbal,568,1,2,1,31,26.11,12.96,2,48.7,198.09
Hebbal,1501,1,2,2,32,7.71,,1,42.8,436.65
Bellandur,631,1,1,0,4,18.73,9.74,2,85.1,192.51
Bellandur,2381,3,3,0,13,27.72,7.14,1,47.2,424.03
Whitefield,1048,1,1,1,26,8.74,6.62,2,76.6,391.5
Electronic City,450,2,2,0,23,26.85,13.26,0,94.9,225.93
Yelahanka,834,2,1,1,9,3.1,13.32,1,55.6,216.18
Whitefield,1237,2,2,0,34,18.49,1.54,1,55.7,331.71
Indiranagar,3733,5,6,0,31,16.85,6.0,1,35.0,749.67
Jayanagar,2109,3,2,3,26,22.47,6.98,2,93.9,568.86
Marathahalli,1274,1,1,3,0,13.7,3.0,0,90.5,249.04
Bellandur,2121,4,3,3,16,29.1,5.12,1,55.8,404.19
Indiranagar,1342,2,2,3,30,22.97,10.07,2,43.8,274.96
Sarjapur Road,673,2,2,3,0,23.05,14.3,4,75.7,188.5
HSR Layout,1570,2,2,3,10,7.18,10.78,2,50.2,455.74
Marathahalli,2099,3,3,0,18,12.59,14.44,0,47.2,310.53
Marathahalli,6500,6,6,2,20,16.41,7.06,1,67.5,777.36
Bellandur,1455,2,3,3,20,18.29,13.1,4,99.6,366.6
Sarjapur Road,877,1,1,2,16,17.56,11.0,1,98.5,336.1
Koramangala,2198,2,3,0,13,13.54,6.56,0,62.2,497.53
Yelahanka,1879,3,3,0,12,3.12,12.12,1,45.6,276.97
Indiranagar,3354,6,6,3,21,26.79,,1,92.5,748.99
Yelahanka,1954,3,4,3,13,26.2,7.74,1,76.1,374.61
Bellandur,450,1,1,2,32,12.89,5.06,2,84.6,256.26
JP Nagar,1153,2,1,1,11,20.41,7.03,0,63.2,363.76
Yelahanka,2773,4,5,0,25,12.88,4.53,4,92.2,502.31
Koramangala,3646,5,4,0,24,16.07,3.95,0,57.1,619.96
Marathahalli,699,1,1,3,27,26.0,,0,74.0,376.36
Indiranagar,1043,1,1,1,32,15.4,14.96,4,68.7,455.79
HSR Layout,1837,4,5,2,27,19.61,5.22,3,57.4,487.07
Yelahanka,920,1,2,0,8,6.29,11.3,0,78.3,357.0
JP Nagar,1015,2,2,1,33,0.62,12.82,2,78.8,420.8
Electronic City,2168,5,5,1,9,6.67,1.15,2,52.5,357.0
HSR Layout,2320,6,5,0,7,6.89,3.03,1,81.3,677.31
Yelahanka,2521,4,4,2,20,28.94,13.61,1,87.9,335.43
HSR Layout,1666,3,3,1,4,2.64,12.56,3,41.0,528.13
Hebbal,623,3,4,3,24,15.97,,1,40.3,368.54
HSR Layout,1098,1,1,0,1,23.72,5.91,1,47.2,362.73
Marathahalli,632,1,1,0,34,20.18,4.49,1,62.5,248.61
Jayanagar,863,1,2,2,24,10.49,2.15,1,86.3,408.94
Koramangala,1744,2,1,1,17,12.16,,2,72.3,565.29
Indiranagar,1337,4,4,2,3,18.69,0.8,2,64.0,605.68
Koramangala,5047,6,6,2,26,25.0,7.75,1,92.3,868.2
Marathahalli,1424,1,1,1,8,4.26,11.83,1,80.1,362.85
Indiranagar,1566,6,5,1,14,28.06,3.39,1,62.0,585.69
Electronic City,1179,1,2,0,34,23.62,11.37,1,93.5,290.04
Electronic City,1981,4,3,1,0,19.1,,0,41.5,302.17
Koramangala,3545,6,6,2,4,14.53,3.28,1,75.8,816.23
Koramangala,1340,3,3,3,32,7.08,8.48,3,46.9,455.35
Bellandur,3232,6,5,3,14,14.18,8.55,1,76.8,571.97
Yelahanka,1126,1,1,3,5,23.29,6.42,0,88.1,271.61
Whitefield,2416,4,4,1,29,4.72,1.66,3,94.1,427.36
JP Nagar,1140,2,2,3,15,29.61,13.51,2,81.0,286.81
Yelahanka,1122,2,3,1,34,9.87,10.98,1,80.1,220.31
HSR Layout,450,1,1,0,6,16.95,1.9,2,51.8,344.52
Hebbal,450,2,1,3,16,19.75,10.19,0,58.0,408.28
Marathahalli,1109,1,1,0,3,4.74,1.15,2,57.1,239.32
HSR Layout,1958,4,4,3,9,26.07,8.26,3,53.1,567.17
HSR Layout,1167,2,1,2,16,16.28,1.71,3,47.0,325.11
Hebbal,693,2,2,3,7,4.25,12.62,0,67.3,287.81
Indiranagar,643,1,2,0,27,15.59,2.69,0,71.3,422.62
Whitefield,1957,4,3,3,26,1.67,13.14,3,45.7,381.52
Electronic City,618,1,2,1,0,18.58,9.33,3,96.5,224.06
Indiranagar,2065,3,4,3,7,8.91,4.74,2,92.9,727.28
Sarjapur Road,1887,2,1,0,20,29.07,14.79,3,68.4,505.32
HSR Layout,3177,3,2,3,23,22.94,10.86,0,67.3,512.19
Marathahalli,5943,6,6,1,3,10.89,8.77,1,40.3,698.12
Jayanagar,1019,1,2,3,21,26.02,1.84,2,39.0,321.74
Marathahalli,1114,1,1,2,23,7.34,5.66,1,52.2,253.12
Whitefield,3071,4,5,0,14,15.03,,2,69.4,427.4
Sarjapur Road,1165,2,2,2,13,1.3,8.03,2,40.1,351.42
Marathahalli,450,1,1,2,14,27.88,10.8,3,83.5,344.4
Jayanagar,729,2,3,0,16,4.61,1.62,0,50.8,284.46
Hebbal,1543,2,1,1,30,25.66,6.75,1,67.3,471.43
Yelahanka,545,1,2,2,20,8.63,11.49,0,72.0,190.81
Indiranagar,4457,6,6,3,9,4.66,3.87,0,36.2,790.88
Yelahanka,2795,2,1,3,29,25.46,6.75,1,72.4,295.23
Indiranagar,655,2,2,1,1,19.23,11.58,2,69.9,416.67
Bellandur,690,1,1,3,19,3.27,12.03,3,35.0,244.43
Marathahalli,1311,3,3,0,19,25.67,10.57,2,74.4,423.41
Electronic City,911,1,2,2,13,7.79,1.28,2,87.9,230.86
Hebbal,1122,1,2,1,5,22.81,7.82,1,48.3,261.68
Koramangala,1868,2,1,3,33,27.16,,0,36.2,485.43
Hebbal,1057,2,2,2,1,26.73,11.32,3,62.5,472.71
Bellandur,3035,6,6,1,21,21.52,,1,73.7,608.77
Sarjapur Road,2108,4,5,2,30,12.79,9.65,0,83.5,461.66
Indiranagar,2332,5,5,1,2,9.9,7.96,1,71.2,591.75
Electronic City,567,1,1,2,6,2.67,3.73,1,39.8,283.99
Koramangala,473,1,1,2,11,21.11,,1,55.0,229.45
Sarjapur Road,1186,1,2,0,31,9.08,,3,94.0,433.99
Koramangala,3843,6,5,2,33,26.61,2.4,0,45.7,600.91
Marathahalli,2645,4,3,3,24,5.69,3.54,1,36.1,443.84
JP Nagar,1947,4,5,0,23,21.6,9.88,0,64.1,356.16
Koramangala,2698,5,6,0,6,6.9,4.82,0,36.6,524.68
Whitefield,584,1,2,1,2,29.91,11.27,2,70.9,121.69
HSR Layout,470,1,1,0,32,16.15,0.81,1,70.2,221.52
Jayanagar,2794,5,6,1,13,17.7,5.41,2,53.0,516.61
Sarjapur Road,809,3,2,2,31,29.98,0.82,0,98.5,342.86
Jayanagar,713,1,2,1,32,11.07,6.08,2,52.7,437.19
Sarjapur Road,1783,4,3,1,2,28.33,8.96,1,61.5,435.11
Yelahanka,1022,1,2,1,10,20.84,2.89,1,36.8,214.13
JP Nagar,1109,1,2,3,31,8.83,9.76,1,70.1,308.23
Indiranagar,1498,3,4,0,13,25.17,12.58,2,40.4,563.96
Marathahalli,1344,3,2,1,28,23.97,,3,47.2,361.49
Marathahalli,450,1,1,0,4,5.95,6.0,0,38.8,164.19
Whitefield,885,2,3,1,6,26.93,14.64,3,48.4,331.64
Whitefield,1922,4,4,0,32,21.34,8.13,0,72.5,318.89
Jayanagar,768,1,2,0,28,0.51,9.02,1,81.4,386.63
Yelahanka,973,2,3,0,30,19.9,1.39,1,64.8,285.2
HSR Layout,994,2,3,1,7,27.78,5.76,3,94.2,429.24
Indiranagar,450,2,3,1,34,25.39,6.09,1,50.9,397.27
Electronic City,1282,4,4,3,11,17.8,10.64,0,85.3,318.14
JP Nagar,807,3,4,2,18,19.34,1.89,2,67.5,304.56
Hebbal,1756,2,2,3,25,6.25,9.45,1,91.0,465.06
Sarjapur Road,1421,1,1,0,27,13.7,,0,70.6,365.1
Marathahalli,716,1,2,0,29,8.91,12.06,2,60.1,257.89
Whitefield,1626,4,4,3,10,7.92,14.84,2,62.3,452.19
Electronic City,875,2,1,1,33,9.46,12.02,0,40.0,232.5
Whitefield,768,1,1,0,29,26.33,10.64,3,37.9,195.5
Indiranagar,464,1,1,2,6,3.22,,1,58.8,414.79
Indiranagar,1596,3,4,3,28,25.27,3.54,2,61.4,508.84
Marathahalli,1087,1,1,2,14,8.92,7.5,0,70.3,253.87
Jayanagar,858,2,2,1,34,11.44,2.3,0,63.3,273.01
Hebbal,450,1,1,1,9,2.18,2.89,1,92.5,243.65
Electronic City,2452,2,1,3,22,14.9,7.71,0,86.8,496.11
Marathahalli,999,1,1,2,29,20.76,4.29,0,56.5,278.95
Koramangala,1497,3,2,2,5,11.05,4.14,3,78.6,537.12
Indiranagar,1464,2,3,3,6,6.82,11.31,3,51.1,557.36
Whitefield,492,1,1,1,7,28.95,12.01,0,42.5,195.28
Koramangala,1876,4,4,1,25,27.07,9.68,2,92.5,598.83
Bellandur,1017,1,2,0,22,27.55,0.96,1,65.8,400.9
Electronic City,1052,3,4,2,6,12.1,12.78,1,81.6,350.71
Bellandur,450,2,3,3,16,3.69,9.05,0,50.1,312.92
Sarjapur Road,2664,4,4,0,34,6.88,6.56,4,48.7,508.99
Sarjapur Road,1283,2,2,0,9,29.85,2.5,1,62.0,409.02
Electronic City,1043,1,1,2,3,21.04,10.45,1,98.3,248.77
Whitefield,764,2,1,2,33,11.37,12.29,0,54.0,221.27
Yelahanka,1155,1,2,0,17,7.35,2.28,0,63.9,323.38
Jayanagar,1817,2,1,2,34,6.11,8.1,3,78.6,386.1
Electronic City,1138,1,2,2,18,9.96,4.73,1,60.2,354.8
Electronic City,1630,4,3,2,13,10.3,8.69,3,56.0,453.27
Jayanagar,589,1,2,0,23,10.87,10.91,0,79.5,297.95
Koramangala,450,1,1,3,17,2.82,10.27,2,60.7,311.4
Koramangala,723,2,1,2,16,19.15,14.47,1,45.9,367.75
HSR Layout,950,1,2,3,26,6.77,6.07,0,96.4,392.5
Yelahanka,611,2,3,0,28,19.87,8.15,1,65.8,93.3
Koramangala,1145,2,2,0,30,7.62,8.55,1,42.3,384.32
Indiranagar,1008,1,2,1,28,7.99,1.85,0,81.7,462.33
Indiranagar,450,1,1,0,21,27.26,4.99,1,95.8,392.01
Jayanagar,1940,4,3,2,31,2.15,11.95,1,99.1,418.27
Koramangala,1036,3,3,0,23,21.35,13.02,0,60.7,294.04
Electronic City,567,1,1,2,8,9.8,10.66,2,59.1,170.49
Yelahanka,450,1,1,2,9,18.94,,0,42.5,170.39
HSR Layout,5279,6,5,1,18,22.38,10.94,1,95.0,766.76
Indiranagar,872,1,2,2,19,29.48,1.46,2,90.0,319.76
Sarjapur Road,450,3,4,1,33,10.19,6.0,2,79.7,223.56
HSR Layout,465,1,1,2,1,12.28,3.99,1,46.9,339.91
Hebbal,1264,1,2,0,11,5.94,11.31,1,80.3,291.09
JP Nagar,742,1,1,0,27,28.34,7.5,1,51.9,303.27
Whitefield,1022,1,1,3,7,27.73,5.54,3,83.5,264.81
HSR Layout,1166,2,2,2,9,24.69,3.41,0,47.5,364.83
HSR Layout,1174,2,1,2,7,19.22,,2,89.0,380.53
Yelahanka,1170,2,3,1,33,6.04,,2,90.1,392.59
Hebbal,1069,2,2,2,1,12.15,,1,54.9,258.42
Jayanagar,3427,4,4,1,26,14.64,4.52,0,62.3,451.0
Jayanagar,951,1,2,3,22,12.93,0.48,0,45.2,314.53
Koramangala,2463,4,3,3,13,18.94,8.83,1,84.8,509.85
HSR Layout,1373,3,4,1,34,24.23,13.38,2,40.2,319.01
Indiranagar,2231,4,5,0,10,22.47,5.18,2,36.7,472.71
Marathahalli,1726,2,2,1,17,6.23,0.26,1,36.4,388.01
Hebbal,2514,4,4,3,6,6.93,12.68,0,76.2,510.24
Jayanagar,6257,6,5,2,10,3.21,0.61,1,42.3,952.98
Bellandur,1137,2,1,0,29,7.82,3.28,0,35.5,302.12
Jayanagar,1602,3,2,0,15,14.75,0.85,1,84.6,390.81
JP Nagar,4116,6,7,1,32,11.97,5.88,2,98.3,690.36
Hebbal,1400,4,3,1,33,21.83,2.31,0,36.6,321.12
Marathahalli,450,1,1,1,27,0.64,13.02,3,78.3,248.05
Electronic City,896,2,3,2,4,18.0,7.79,2,88.0,342.0
Indiranagar,950,2,2,1,17,18.64,7.15,1,35.6,323.54
Sarjapur Road,1309,2,3,1,19,23.51,0.67,1,67.7,341.09
Indiranagar,789,1,1,0,5,1.07,6.21,3,80.1,486.77
Hebbal,5412,6,5,0,31,22.12,11.83,2,90.6,663.37
Electronic City,4962,6,7,3,32,4.48,4.01,1,64.9,633.42
Jayanagar,450,1,1,1,17,18.58,6.59,2,100.0,268.22
Jayanagar,658,2,2,2,8,24.24,13.83,1,70.1,228.88
Indiranagar,2387,3,2,2,4,9.56,7.88,2,81.0,600.72
Electronic City,707,2,1,1,22,6.09,12.85,1,88.8,285.34
Hebbal,918,1,1,1,1,10.58,1.55,1,40.0,309.26
Electronic City,719,1,1,0,34,19.58,2.04,0,77.9,151.8
Yelahanka,2998,4,5,2,15,20.85,1.17,2,41.9,465.19
Sarjapur Road,1145,1,1,2,29,18.45,4.7,0,84.3,195.99
Jayanagar,2713,5,6,1,28,12.04,1.17,0,73.5,452.04
HSR Layout,824,2,1,2,28,3.69,6.62,1,89.8,401.8
Bellandur,2015,3,4,3,13,22.17,9.35,3,41.5,353.61
Sarjapur Road,1011,2,1,3,29,29.95,11.06,0,82.7,274.68
Jayanagar,1360,1,1,2,18,7.56,2.64,2,80.1,392.48
JP Nagar,908,1,2,3,23,23.39,9.25,0,65.4,352.06
Whitefield,1014,1,1,1,6,6.49,8.53,1,66.7,302.4
JP Nagar,1131,2,2,0,28,4.44,2.45,0,39.4,324.65
Jayanagar,1412,4,3,1,22,12.21,10.48,2,74.6,455.38
Indiranagar,1997,4,4,1,6,17.45,0.69,0,89.0,713.62
Marathahalli,646,2,1,0,20,27.25,6.49,0,51.3,227.79
Yelahanka,508,1,1,1,6,5.28,1.8,1,86.6,190.93
Hebbal,2724,6,6,3,6,26.28,3.07,1,49.3,495.88
Marathahalli,4520,6,7,2,29,25.15,12.26,0,46.9,772.34
Whitefield,2242,3,3,0,9,7.25,,0,45.1,472.3
Jayanagar,2809,5,5,0,19,11.45,10.6,1,72.0,510.97
Marathahalli,942,1,1,3,2,17.81,8.82,0,53.3,177.12
JP Nagar,1791,3,3,2,8,24.8,13.3,1,38.9,374.86
Marathahalli,1591,3,2,0,19,0.77,4.02,3,72.8,336.99
Electronic City,1344,3,2,2,26,7.41,3.27,1,87.4,338.92
HSR Layout,691,3,2,2,9,23.47,7.13,1,84.6,412.61
Hebbal,450,2,3,0,22,13.15,9.42,1,49.5,214.42
Whitefield,2693,6,7,3,15,12.47,2.93,2,88.7,525.04
Hebbal,1994,3,3,0,10,26.48,2.29,1,56.7,560.05
Whitefield,782,2,2,2,21,13.23,4.05,2,84.1,249.36
Whitefield,1510,3,3,0,9,14.7,11.81,0,74.5,475.9
JP Nagar,892,1,1,1,2,8.65,4.79,3,81.3,432.7
Yelahanka,2197,2,2,2,21,1.19,6.63,2,66.3,525.32
Sarjapur Road,1694,2,1,3,28,14.7,0.99,1,38.5,368.58
Marathahalli,3287,4,3,3,30,10.7,9.67,1,48.3,483.65
Electronic City,1306,2,3,2,29,20.13,12.47,0,91.7,370.19
Sarjapur Road,1138,1,1,0,6,8.77,10.49,1,56.1,384.59
HSR Layout,1234,3,4,0,7,22.97,12.64,0,54.3,287.44
Whitefield,6500,6,6,2,1,23.66,5.11,0,83.0,790.28
Koramangala,1879,2,1,3,29,27.58,14.9,1,35.1,447.79
Indiranagar,1291,3,2,3,6,22.11,13.71,0,44.3,537.52
HSR Layout,2161,3,2,3,16,10.59,,3,76.4,545.97
Yelahanka,1031,1,1,0,5,4.55,,1,37.3,275.39
Indiranagar,1515,2,2,1,4,24.42,5.63,2,76.7,605.84
Yelahanka,2325,4,5,3,10,27.2,10.05,1,49.3,351.93
Bellandur,450,1,1,2,8,28.17,6.39,1,57.7,237.2
Hebbal,509,1,2,0,9,20.04,1.86,0,46.1,206.5
Whitefield,535,1,2,2,22,22.1,0.29,0,90.8,139.75
Yelahanka,964,1,1,3,25,28.65,3.54,1,38.6,198.32
Indiranagar,956,3,2,0,15,29.74,11.27,2,60.6,322.48
Whitefield,1615,4,4,2,2,6.09,,2,47.9,464.68
Whitefield,1857,1,2,0,28,15.54,9.94,1,52.5,454.9
Jayanagar,3129,6,6,3,29,9.39,10.17,3,74.1,659.44
Sarjapur Road,976,1,2,1,33,9.08,3.27,2,56.4,267.25
Bellandur,930,2,1,0,17,0.54,9.09,3,53.4,409.68
Yelahanka,883,2,3,0,0,5.28,14.01,0,93.8,292.86
JP Nagar,671,1,2,3,27,13.38,9.59,2,85.7,275.37
Jayanagar,1367,2,2,3,23,18.48,,1,85.6,321.11
Electronic City,543,2,2,1,27,6.07,7.94,4,89.4,211.94
Yelahanka,2542,4,4,3,25,23.23,3.66,0,82.1,392.53
Jayanagar,1427,3,3,3,8,28.32,11.21,2,92.7,349.38
Marathahalli,2044,5,4,1,13,27.25,6.0,3,55.2,392.52
Hebbal,3442,5,6,1,25,16.67,5.53,0,67.6,685.75
Marathahalli,450,1,1,2,7,0.54,11.05,1,59.9,293.22
Koramangala,1100,3,2,1,30,20.52,11.12,1,77.2,425.56
Hebbal,814,1,1,1,18,10.01,,0,60.7,279.44
JP Nagar,1622,3,4,1,28,6.07,,1,60.9,447.77
Bellandur,2075,4,3,1,3,7.56,5.52,0,63.5,558.53
Hebbal,1589,3,3,1,6,29.84,13.59,2,89.1,357.68
Bellandur,1312,3,3,0,19,1.08,12.33,4,39.1,508.08
Electronic City,1076,1,1,1,14,19.45,14.32,1,47.5,306.67
HSR Layout,2194,4,4,1,23,19.05,13.78,4,73.9,460.14
Sarjapur Road,1223,1,2,3,9,16.3,7.54,0,82.0,230.33
Indiranagar,3618,5,6,1,10,24.61,3.65,0,61.9,736.33
Whitefield,863,2,1,0,28,21.42,14.86,1,83.6,344.54
Koramangala,3938,6,6,0,25,24.6,11.16,1,76.9,642.01
Sarjapur Road,557,3,4,0,19,21.04,,3,84.6,335.41
Indiranagar,1434,1,1,1,22,26.92,1.2,0,55.8,366.64
HSR Layout,1264,2,1,0,0,1.3,,0,50.4,420.97
Koramangala,760,1,2,2,7,13.2,9.59,2,53.1,404.41
Bellandur,498,1,1,0,26,16.54,,2,69.3,283.17
Sarjapur Road,2198,1,1,3,12,2.5,3.95,1,59.6,457.73
Koramangala,1201,1,1,1,31,27.53,12.11,2,98.1,427.01
Yelahanka,2234,5,5,3,15,5.52,3.19,3,74.2,299.4
Yelahanka,3829,6,6,3,5,14.34,5.74,2,67.5,439.31
Bellandur,1864,3,3,2,11,20.2,12.61,1,80.2,316.22
Jayanagar,2245,3,4,1,13,2.82,11.61,0,79.1,604.77
Indiranagar,938,1,1,2,22,11.85,4.89,1,93.5,470.89
Whitefield,3039,4,4,0,11,19.03,4.51,0,67.5,698.73
HSR Layout,3249,5,5,0,2,18.23,6.51,4,70.5,640.97
Jayanagar,1740,2,3,0,17,13.21,14.66,1,40.8,515.0
HSR Layout,1042,1,1,2,22,5.32,2.75,2,48.5,385.87
Electronic City,1243,4,3,1,23,2.03,6.77,1,83.0,183.62
Sarjapur Road,1328,3,4,1,14,1.05,2.68,1,42.1,464.46
Electronic City,1626,4,4,1,31,5.43,11.67,1,99.4,446.04
HSR Layout,1196,2,2,2,32,12.72,4.61,2,53.9,419.25
JP Nagar,996,1,1,1,0,12.36,,2,64.1,321.99
Whitefield,1077,2,2,0,2,28.23,12.63,0,46.7,360.8
Bellandur,1205,1,2,0,22,25.39,12.18,1,62.8,314.13
Indiranagar,2667,6,5,0,33,3.66,5.86,0,94.8,694.78
Jayanagar,657,1,1,2,28,21.06,14.88,0,37.5,275.35
Bellandur,450,2,2,2,12,2.68,8.38,2,98.3,190.54
JP Nagar,450,1,1,3,22,3.84,3.7,0,57.2,451.42
Bellandur,1392,3,4,2,23,22.78,10.91,0,50.6,430.08
Indiranagar,1440,3,4,2,30,12.89,,1,37.9,393.76
Koramangala,2575,4,4,1,8,25.39,4.6,3,77.5,734.82
HSR Layout,6039,6,6,2,7,13.93,5.56,1,57.9,832.18
HSR Layout,1081,1,1,3,5,20.21,3.97,1,57.9,385.52
Yelahanka,2394,2,3,0,6,29.59,6.29,2,89.6,303.22
Koramangala,825,2,1,1,9,3.21,2.86,2,50.2,316.72
Indiranagar,2462,4,3,1,30,6.13,13.2,0,94.1,674.65
Bellandur,1447,2,1,3,8,5.32,,0,46.0,372.37
Yelahanka,553,1,1,3,11,3.93,12.1,2,44.5,250.6
Electronic City,1487,2,1,0,31,24.2,4.84,0,35.1,359.28
Indiranagar,1689,2,3,3,20,7.99,6.05,2,58.8,560.9
Bellandur,1547,2,3,1,32,2.44,11.0,1,38.0,323.96
JP Nagar,1006,2,2,0,24,4.67,8.3,0,91.3,279.77
JP Nagar,3138,3,2,1,5,25.32,0.53,2,58.3,470.72
Whitefield,2526,4,3,3,4,25.77,,0,45.6,488.92
Electronic City,1884,4,4,0,6,0.64,2.29,1,97.5,391.59
Sarjapur Road,766,1,1,3,25,11.38,13.73,3,99.4,273.88
Jayanagar,933,2,3,2,1,4.97,6.71,1,79.5,398.57
HSR Layout,2055,4,3,1,22,20.45,9.52,0,81.4,541.9
Yelahanka,3651,5,5,3,6,16.28,12.68,0,75.4,658.05
Jayanagar,2356,6,5,0,10,26.69,9.65,1,87.0,532.16
Whitefield,1071,1,1,1,17,23.88,4.64,1,79.5,280.7
Jayanagar,1336,2,1,0,23,19.66,13.5,1,56.9,450.02
Koramangala,2692,3,3,1,17,1.54,1.98,1,61.5,666.43
Hebbal,519,1,1,0,13,26.02,14.88,3,36.6,252.0
Jayanagar,484,1,1,2,23,6.48,4.94,3,61.0,236.58
Jayanagar,2387,4,5,1,29,10.86,,0,73.3,509.38
Sarjapur Road,1318,2,3,3,3,21.25,13.19,0,85.4,491.38
Bellandur,654,4,3,3,15,6.48,0.62,1,81.9,257.76
Electronic City,1066,3,3,2,31,18.48,,1,65.9,360.28
Yelahanka,960,2,3,0,31,12.51,11.95,0,81.9,251.02
Koramangala,1674,3,4,2,34,10.76,5.67,0,93.4,518.7
Whitefield,1112,1,1,1,21,21.18,12.17,1,80.8,230.21
Jayanagar,1601,3,2,3,11,8.84,0.62,0,94.4,386.57
HSR Layout,3377,6,6,3,12,7.84,11.9,0,56.2,669.34
Marathahalli,1367,2,1,2,23,22.75,3.41,1,97.4,305.43
Jayanagar,1126,2,1,0,5,14.73,7.81,1,60.4,388.45
Sarjapur Road,864,2,3,2,26,16.63,10.27,1,60.0,294.03
Yelahanka,885,3,3,2,11,12.78,4.55,0,58.2,162.46
Koramangala,1124,1,1,1,28,14.5,2.66,0,83.2,517.7
Indiranagar,2341,4,4,3,26,27.05,11.67,2,77.6,704.73
Jayanagar,2013,4,4,0,33,23.3,4.44,1,66.0,446.01
Yelahanka,461,1,1,3,4,5.68,2.1,0,39.9,327.85
Marathahalli,4073,6,6,3,23,13.51,12.02,3,45.4,542.08
Indiranagar,843,1,1,0,23,28.46,0.93,3,69.2,382.88
Marathahalli,844,1,2,0,15,14.23,3.0,2,64.1,404.59
Bellandur,1077,3,4,2,33,12.72,14.36,1,79.9,454.64
Bellandur,4584,6,6,1,20,9.13,10.24,2,98.0,664.06
Indiranagar,1823,3,3,0,33,15.64,2.6,2,59.0,471.38
Hebbal,1397,2,3,1,6,22.62,8.8,0,51.3,273.56
Whitefield,823,2,2,2,0,1.19,14.25,1,62.6,274.95
JP Nagar,1351,4,5,3,3,12.98,5.5,1,36.2,406.73
Sarjapur Road,5288,6,5,1,14,13.84,11.11,3,85.8,726.81
Sarjapur Road,2118,4,5,3,15,0.64,14.49,2,36.1,426.36
Whitefield,901,3,2,3,33,10.7,10.95,2,83.8,349.82
Indiranagar,961,2,3,1,5,0.85,9.74,2,49.1,377.68
Jayanagar,1780,4,4,0,22,6.7,9.21,3,40.4,575.04
Electronic City,2246,5,5,0,26,17.75,3.96,1,71.5,426.46
Electronic City,569,3,4,2,18,16.79,13.75,2,67.6,223.93
Whitefield,1547,4,4,0,14,28.49,1.67,2,97.8,300.11
Sarjapur Road,1920,5,4,3,34,12.77,,0,35.2,446.22
JP Nagar,2724,5,4,0,27,4.0,5.32,0,53.0,476.12
Indiranagar,549,1,1,2,5,10.96,,2,87.5,325.85
Marathahalli,5376,6,6,0,20,10.02,1.7,2,82.3,737.26
Yelahanka,922,1,2,1,6,4.99,11.01,0,60.6,214.43
HSR Layout,903,1,1,1,29,10.01,5.34,1,51.7,293.92
HSR Layout,867,1,1,2,6,8.72,8.46,2,61.5,318.85
Koramangala,1758,3,4,2,34,12.05,2.71,1,63.1,501.96
Marathahalli,657,1,1,2,25,25.2,9.32,0,82.9,306.32
Jayanagar,3711,6,6,1,2,3.25,8.06,1,71.1,737.8
Bellandur,890,1,2,0,32,6.06,,3,42.2,250.06
Hebbal,1302,2,2,3,7,17.82,5.57,0,87.5,386.03
Yelahanka,579,3,4,1,19,27.57,10.72,4,38.0,247.57
Koramangala,855,1,1,2,27,6.75,6.42,2,79.3,387.64
Bellandur,450,1,1,0,33,3.54,5.29,1,53.6,191.84
JP Nagar,1178,3,3,3,1,12.03,11.84,2,87.6,393.84
Hebbal,1122,1,2,0,28,14.72,12.46,0,65.9,412.09
Whitefield,450,1,2,3,18,7.71,4.8,3,55.1,284.88
Jayanagar,1064,1,1,1,19,4.22,11.52,1,51.5,463.42
Koramangala,1665,3,4,0,12,19.98,9.75,0,77.6,643.33
JP Nagar,2894,3,2,0,22,20.76,0.81,4,82.5,340.64
Bellandur,665,2,3,0,13,1.7,0.61,1,93.8,322.74
Yelahanka,450,1,2,3,13,19.51,,2,67.3,129.52
Whitefield,1108,3,2,3,31,17.91,,4,96.1,447.62
Jayanagar,3853,5,6,1,11,21.39,8.39,0,45.4,648.0
JP Nagar,974,2,1,3,16,18.93,0.33,0,79.2,443.88
Whitefield,883,1,1,3,23,22.27,8.53,1,96.3,304.99
Marathahalli,2428,3,4,2,1,7.66,4.54,0,38.7,539.62
Hebbal,938,2,1,0,18,4.79,,3,75.5,356.48
Whitefield,948,1,1,0,33,28.8,1.33,3,88.1,240.96
Hebbal,771,1,1,2,1,5.44,9.74,1,78.5,320.66
Electronic City,1293,3,3,1,11,11.17,10.05,0,80.1,362.97
Koramangala,1186,1,1,1,17,26.73,,4,77.0,343.36
Jayanagar,1334,4,3,0,8,21.2,,0,60.6,380.09
Bellandur,1283,3,3,1,24,14.53,5.85,2,51.8,364.03
Indiranagar,450,1,1,3,31,0.63,,0,92.9,392.09
Sarjapur Road,1830,3,3,0,10,1.38,10.55,1,50.9,423.78
Jayanagar,485,1,2,3,33,5.46,7.94,1,76.1,332.6
Marathahalli,987,3,4,1,15,13.28,7.6,1,61.5,328.09
Bellandur,2707,4,4,1,3,24.69,12.5,2,79.8,549.82
Koramangala,1767,4,4,2,5,27.53,9.18,1,90.8,543.11
HSR Layout,3249,6,7,3,23,8.68,4.22,0,69.6,659.97
Whitefield,879,1,1,1,21,22.84,12.96,0,68.7,243.29
Bellandur,837,1,1,2,27,13.63,3.29,1,46.7,258.29
Yelahanka,2577,4,5,3,32,21.5,8.73,1,69.4,407.43
Yelahanka,1323,1,1,1,17,29.57,6.34,0,42.7,202.4
Whitefield,4629,6,5,2,16,23.96,1.6,1,57.5,543.71
Sarjapur Road,660,1,2,0,27,9.34,0.4,0,87.5,230.22
Indiranagar,1933,4,3,2,28,2.04,11.15,0,79.0,623.36
Koramangala,1814,5,4,3,29,28.27,6.19,1,57.6,346.43
Whitefield,2603,5,5,1,3,13.18,8.67,1,78.2,479.52
HSR Layout,1800,3,4,3,3,20.64,,0,94.6,485.46
Koramangala,1905,2,3,3,3,0.57,7.97,1,62.5,472.61
Bellandur,1345,3,2,2,25,28.09,14.59,0,56.6,259.38
Electronic City,2280,5,6,0,27,0.97,4.88,4,35.1,243.83
Marathahalli,888,1,1,1,26,25.93,11.14,4,71.6,454.51
HSR Layout,2202,4,3,2,0,12.12,2.07,0,81.9,547.81
Hebbal,4091,6,6,2,32,1.15,8.68,4,70.1,723.82
Yelahanka,766,1,1,3,19,13.06,10.36,0,67.3,296.3
Jayanagar,1912,2,3,0,16,12.42,4.06,1,66.1,482.63
Whitefield,1600,3,2,3,14,3.3,3.25,1,75.7,448.55
Hebbal,655,2,2,3,31,22.16,1.67,1,41.6,144.29
JP Nagar,1291,2,1,2,17,5.42,1.34,2,46.3,381.17
Yelahanka,2164,4,4,2,13,27.02,0.44,2,98.3,266.81
Indiranagar,1983,3,4,1,31,13.39,0.23,3,58.8,676.55
Jayanagar,686,1,2,0,19,24.59,8.87,2,48.1,143.56
Sarjapur Road,1442,2,3,3,29,26.85,12.16,3,51.3,427.47
Bellandur,1639,1,1,1,0,29.93,14.09,1,70.9,459.22
JP Nagar,2189,3,4,3,1,22.68,,2,92.1,459.35
Whitefield,1246,3,2,2,2,1.64,1.16,0,85.8,389.27
Hebbal,836,1,1,0,15,12.1,9.33,0,68.0,202.68
HSR Layout,2489,6,7,0,10,16.22,,2,61.2,507.23
Sarjapur Road,598,1,1,0,18,13.21,6.53,0,48.4,228.98
HSR Layout,795,1,2,1,18,15.09,11.84,4,56.0,356.26
Koramangala,1982,3,3,3,14,4.45,13.65,0,38.7,529.76
Sarjapur Road,1490,2,3,0,12,24.39,12.99,1,41.3,370.97
Jayanagar,1325,3,3,2,22,1.41,11.27,1,84.2,650.04
Hebbal,713,1,1,2,33,25.08,11.86,2,70.5,120.39
Marathahalli,2178,5,6,0,26,16.14,1.99,3,61.5,422.86
Bellandur,1748,3,2,1,9,15.83,9.22,0,67.2,353.99
Bellandur,4275,6,7,2,10,1.38,13.69,2,61.0,837.71
Whitefield,1892,3,2,1,34,10.07,8.0,0,47.6,409.71
Jayanagar,488,1,1,2,6,15.81,7.55,2,41.6,371.8
Whitefield,1285,2,3,3,13,7.31,1.81,1,64.9,336.95
HSR Layout,1133,1,1,1,29,14.96,,0,65.5,338.96
Jayanagar,1084,2,2,2,14,7.42,5.09,1,57.9,520.96
Hebbal,1054,2,1,1,6,9.31,12.54,1,72.8,311.55
Jayanagar,1336,2,2,2,19,9.98,11.78,0,73.0,463.28
Marathahalli,742,3,4,3,26,10.77,8.89,0,87.0,247.33
Bellandur,450,1,2,3,3,10.64,12.85,1,58.4,259.98
Jayanagar,1565,2,1,0,14,9.16,,4,35.4,582.82
Jayanagar,2445,6,7,3,28,14.07,10.7,2,66.8,491.64
Electronic City,1619,4,4,1,6,20.5,1.43,1,90.0,462.81
Bellandur,1454,2,3,0,10,27.14,3.98,1,44.5,390.42
Sarjapur Road,728,1,1,3,2,12.67,12.67,1,43.3,380.93
Electronic City,2102,3,3,1,31,27.56,8.24,1,88.5,346.61
Bellandur,450,1,1,3,12,21.43,3.17,1,46.8,129.52
Electronic City,4507,6,6,3,0,11.77,3.39,0,37.9,540.25
JP Nagar,837,1,1,2,8,14.32,7.74,1,63.1,231.85
Hebbal,1908,2,3,2,16,10.47,7.22,1,84.5,355.03
Electronic City,891,1,1,0,15,1.36,12.16,1,48.0,328.91
Electronic City,1287,1,2,3,5,29.37,2.41,0,86.3,306.82
Indiranagar,961,2,3,3,1,9.5,6.04,1,58.5,466.35
Sarjapur Road,450,1,1,0,14,20.17,6.0,0,97.2,224.24
Jayanagar,1805,3,3,0,17,17.55,0.59,0,66.5,531.29
Hebbal,599,1,1,0,25,5.91,0.43,4,60.3,304.45
Yelahanka,568,2,3,2,7,9.62,4.94,2,52.0,246.31
Hebbal,875,1,2,1,24,14.9,10.82,1,58.0,332.28
Jayanagar,997,2,3,0,12,8.24,12.14,2,44.1,371.33
HSR Layout,1508,2,3,1,17,11.44,5.14,1,35.9,565.75
JP Nagar,861,1,1,0,5,11.27,6.63,0,54.4,450.3
HSR Layout,6500,6,6,3,22,1.37,2.13,1,44.3,986.7
Bellandur,450,1,1,3,5,5.65,12.05,1,44.4,294.32
HSR Layout,971,2,3,3,10,11.99,6.24,0,58.6,306.8
HSR Layout,1645,2,3,2,1,1.93,10.17,2,51.6,392.24
Koramangala,2434,6,6,3,8,11.23,,2,90.5,692.59
Electronic City,1806,3,3,0,5,21.48,8.47,3,52.1,368.83
Koramangala,2081,4,4,0,20,9.55,6.68,0,77.6,512.2
Sarjapur Road,765,2,1,2,26,3.86,7.61,2,89.1,303.65
Indiranagar,1767,4,4,3,28,9.47,0.41,0,74.3,518.76
Indiranagar,2799,4,3,2,15,23.89,13.55,1,38.6,716.42
Whitefield,1653,3,4,3,3,15.13,14.33,1,70.2,481.95
JP Nagar,5691,6,7,3,2,4.89,10.96,1,76.6,843.0
Marathahalli,1155,1,1,0,3,17.39,4.57,3,37.2,313.5
Bellandur,968,3,2,3,19,8.77,6.53,1,36.8,331.08
Koramangala,450,1,2,1,2,23.2,6.72,1,49.1,468.29
Electronic City,901,2,3,1,22,8.95,0.56,2,36.0,261.33
Electronic City,1675,2,2,3,9,8.17,6.92,4,69.6,429.87
Bellandur,2149,2,2,1,2,2.93,4.13,2,95.2,471.35
Whitefield,2976,5,4,0,13,14.43,7.3,0,69.1,566.19
Indiranagar,1385,2,2,0,22,13.56,0.46,2,67.4,489.44
Koramangala,829,1,1,1,27,2.41,6.51,1,76.7,443.28
Hebbal,509,1,1,2,3,17.74,14.52,3,52.3,251.9
Indiranagar,1066,3,4,2,2,16.11,9.73,1,68.0,440.04
Koramangala,616,1,2,3,28,28.83,0.96,2,50.2,238.88
Hebbal,1054,3,3,1,20,23.07,8.81,3,68.4,345.62
Jayanagar,487,1,2,0,4,7.15,6.34,1,99.8,409.3
Sarjapur Road,953,2,1,2,11,5.74,7.88,2,40.8,285.58
Koramangala,796,1,1,1,13,29.18,11.97,0,37.1,384.9
Jayanagar,2328,3,3,3,29,28.48,3.74,2,65.6,466.36
Bellandur,561,1,1,3,23,11.54,12.75,1,53.3,285.63
Whitefield,450,1,1,2,5,28.34,8.36,2,40.6,212.35
Marathahalli,1998,5,5,1,3,23.12,13.06,1,78.6,332.97
Hebbal,3194,4,4,1,32,24.03,6.84,0,49.1,511.03
Koramangala,1984,6,6,0,28,13.33,11.37,1,80.2,583.62
Bellandur,1094,3,3,0,16,14.33,9.0,0,72.6,379.69
Sarjapur Road,687,1,1,0,23,11.9,11.05,1,75.3,185.28
Bellandur,1047,2,3,3,30,5.0,5.67,0,78.0,240.46
Whitefield,928,2,1,2,3,12.27,5.93,1,59.5,208.31
Whitefield,550,2,2,3,25,17.37,,0,46.5,187.59
Marathahalli,1210,2,3,3,3,13.31,10.94,4,92.4,324.26
JP Nagar,2772,3,3,3,12,16.52,4.8,1,35.6,582.8
Yelahanka,2091,2,3,3,4,25.93,12.15,3,88.1,272.57
Whitefield,1510,2,3,1,14,7.46,5.1,1,78.1,341.0
Yelahanka,1156,2,2,3,11,20.18,,1,56.0,267.47
Hebbal,635,1,1,3,6,5.02,1.37,4,87.6,351.99
Koramangala,2438,3,2,3,25,25.93,6.47,1,99.9,543.48
JP Nagar,472,1,1,0,16,22.92,13.83,0,75.1,279.94
Marathahalli,450,2,2,1,13,20.33,3.25,2,54.4,302.26
Marathahalli,1152,4,3,2,11,4.53,14.41,0,63.3,283.23
HSR Layout,911,2,1,2,3,22.91,7.97,1,99.0,362.77
Hebbal,953,1,2,3,26,21.01,1.91,1,36.0,222.64
JP Nagar,1923,2,3,1,23,4.77,11.53,0,46.9,410.24
Electronic City,1704,2,1,2,27,23.82,7.78,2,53.8,293.15
Hebbal,1848,4,3,2,6,22.18,12.71,1,46.3,455.9
HSR Layout,2438,5,5,2,9,20.09,13.99,3,60.8,609.85
Jayanagar,526,1,1,0,21,13.64,0.99,1,78.2,419.85
Jayanagar,3740,6,6,3,6,21.53,6.96,0,97.2,787.29
Indiranagar,689,1,1,0,11,29.62,,0,90.6,404.12
Hebbal,1467,5,4,3,34,23.31,,1,57.1,490.11
Marathahalli,4057,6,5,1,32,22.92,6.36,2,72.4,585.85
Jayanagar,3459,6,7,1,16,28.84,10.47,2,94.8,687.07
Yelahanka,3007,5,5,1,17,13.54,,0,66.2,467.14
Electronic City,1183,1,2,3,28,13.01,5.86,3,98.8,326.57
Bellandur,465,1,1,1,34,21.71,9.92,1,64.5,136.88
Yelahanka,599,1,1,0,23,10.96,7.3,0,81.3,169.66
Jayanagar,977,2,3,1,17,11.84,8.11,0,35.7,399.01
HSR Layout,769,2,3,2,6,16.25,0.52,2,99.2,266.84
Bellandur,753,1,1,1,21,8.76,1.87,4,88.7,331.82
JP Nagar,1029,1,1,2,19,19.09,8.33,0,54.4,267.34
Bellandur,792,1,2,0,3,16.22,2.92,2,44.3,413.72
Bellandur,858,2,3,0,32,6.61,0.72,2,44.1,283.7
Whitefield,1274,1,1,0,24,9.45,8.54,0,67.3,392.62
Whitefield,630,1,2,3,30,29.62,8.81,0,63.1,278.92
JP Nagar,1914,4,3,2,33,27.97,0.52,1,37.9,353.86
Koramangala,2220,4,4,3,15,23.41,11.5,2,41.6,431.05
Hebbal,891,3,2,0,17,23.43,10.27,2,69.3,267.83
Bellandur,1208,1,1,3,18,29.29,13.89,2,96.3,225.68
JP Nagar,3220,4,3,2,21,12.13,2.12,0,78.8,465.07
Hebbal,2020,3,2,2,29,18.49,1.47,2,38.4,559.25
Whitefield,3432,6,5,2,22,26.23,0.94,1,55.4,471.85
Electronic City,1981,2,2,3,5,9.89,7.22,0,45.8,299.83
Jayanagar,2346,4,3,1,13,1.78,14.46,2,91.1,633.43
Indiranagar,831,3,3,0,7,11.84,,2,91.9,511.71
Koramangala,1177,2,1,2,19,8.54,3.69,1,96.5,274.53
Sarjapur Road,731,1,1,3,17,8.94,1.76,1,63.7,415.63
Koramangala,1267,2,2,1,10,25.52,0.97,1,85.5,403.4
Bellandur,1709,3,3,0,18,5.35,12.7,0,49.9,436.67
Sarjapur Road,1398,5,5,2,28,10.92,2.55,3,61.3,484.3
Jayanagar,453,1,2,1,9,13.26,12.99,1,90.1,363.34
Bellandur,718,2,2,2,33,20.5,4.78,2,64.3,264.1
Indiranagar,558,1,2,3,33,27.26,2.24,2,50.7,128.46
Marathahalli,1470,2,2,3,13,18.86,13.16,1,98.5,457.58
Hebbal,930,1,1,2,20,26.46,13.7,0,67.1,315.06
Electronic City,1430,4,3,1,0,26.23,9.13,2,41.1,249.86
HSR Layout,450,1,2,1,4,26.9,4.55,2,69.3,189.67
HSR Layout,1280,1,1,3,9,9.95,11.05,1,61.0,390.51
JP Nagar,618,2,2,0,15,2.29,9.05,2,95.5,300.68
Jayanagar,1908,5,4,1,3,14.68,13.41,0,87.9,649.48
Yelahanka,1981,5,4,0,19,24.77,11.38,1,53.3,316.45
Electronic City,1722,3,4,2,32,12.34,12.43,1,96.8,371.12
Marathahalli,2214,3,3,1,10,11.28,11.76,2,44.0,486.2
Marathahalli,2032,5,5,0,9,29.99,1.34,3,58.7,392.89
Sarjapur Road,857,1,1,0,9,4.33,7.61,2,83.6,263.13
Bellandur,469,1,1,1,31,28.18,13.27,1,82.7,103.51
Koramangala,1909,3,2,2,24,24.21,6.53,1,51.9,495.93
Yelahanka,1479,1,1,0,21,11.43,14.26,1,71.5,240.98
Whitefield,450,1,1,0,25,5.73,2.73,3,75.5,276.45
Yelahanka,450,2,2,2,2,2.62,7.67,2,50.3,306.31
Marathahalli,517,1,1,2,3,16.89,14.36,0,82.3,274.22
HSR Layout,1140,2,3,2,7,4.73,12.71,0,89.5,414.9
Jayanagar,483,1,2,3,11,1.76,,0,91.9,353.2
Electronic City,1837,3,3,1,24,18.91,,1,96.5,396.34
Indiranagar,861,1,1,3,17,29.19,8.71,3,73.7,311.75
Koramangala,3278,6,6,0,33,15.8,,0,56.5,549.72
Marathahalli,1584,3,2,3,0,15.47,6.63,2,41.8,374.14
JP Nagar,1102,1,2,2,3,18.03,9.98,2,94.9,373.31
Jayanagar,1579,2,2,0,16,25.97,7.57,1,83.1,413.86
Koramangala,654,2,3,3,24,22.49,7.15,1,82.1,327.07
Jayanagar,3072,6,6,2,13,20.23,14.79,1,40.0,699.27
Sarjapur Road,2375,3,4,2,11,15.18,7.57,1,48.6,538.81
Hebbal,1409,4,4,1,25,20.55,4.6,1,54.8,400.88
Electronic City,4216,6,6,2,6,4.66,13.33,1,85.7,546.43
JP Nagar,463,2,3,3,16,17.17,7.75,0,36.8,145.07
Sarjapur Road,2031,3,4,1,12,3.03,4.33,2,78.9,477.82
Bellandur,2625,3,4,1,1,8.74,3.42,1,65.6,481.04
Jayanagar,1657,3,3,1,18,24.46,12.78,1,46.4,392.21
Indiranagar,1085,2,1,1,7,26.68,10.44,3,40.8,547.89
Yelahanka,450,1,1,0,34,29.54,0.57,1,83.2,244.35
Marathahalli,2430,5,4,0,30,25.16,3.74,2,87.6,365.06
Sarjapur Road,909,2,1,2,32,5.14,1.25,0,47.5,355.84
Electronic City,1146,2,1,3,14,22.11,,0,89.2,290.68
Koramangala,2278,2,3,1,20,14.33,7.85,1,82.2,581.69
Marathahalli,2282,4,3,0,1,11.4,4.62,2,50.9,433.06
HSR Layout,566,2,1,1,0,29.11,7.44,1,48.9,250.85
Jayanagar,632,1,1,2,3,3.51,2.66,4,51.1,304.0
Electronic City,758,1,2,2,22,25.42,6.02,3,85.6,296.16
Marathahalli,1878,3,2,1,16,27.17,3.55,1,98.5,452.81
Hebbal,2421,6,5,3,7,14.63,6.4,1,53.0,566.27
Hebbal,1663,4,4,2,24,13.03,10.67,1,45.7,433.69
Marathahalli,901,1,1,3,20,11.81,11.06,1,93.0,212.6
Marathahalli,1093,2,1,0,9,13.28,13.67,2,48.5,228.19
Bellandur,2955,5,5,2,6,1.83,1.7,4,60.7,569.11
Yelahanka,578,2,2,1,6,19.31,1.53,2,95.5,138.21
HSR Layout,1992,4,5,2,28,17.09,12.39,2,72.5,439.32
JP Nagar,1119,4,5,2,29,4.25,1.09,1,66.8,240.89
HSR Layout,1650,3,3,3,34,11.43,11.96,0,52.5,259.21
Bellandur,1220,1,1,0,32,5.21,14.2,0,87.1,317.68
Electronic City,2346,4,3,1,14,25.53,9.66,0,42.0,380.65
JP Nagar,1694,2,3,1,22,26.41,13.99,1,54.3,334.78
Yelahanka,1256,2,1,1,29,25.65,8.04,2,54.0,309.71
Marathahalli,5230,6,6,1,7,16.53,9.51,1,44.5,667.87
Yelahanka,2706,6,5,1,32,29.74,1.09,2,50.4,497.41
Jayanagar,1432,4,5,3,17,10.93,1.0,1,85.2,586.4
Indiranagar,1987,5,5,3,28,9.9,0.39,0,81.4,608.8
Hebbal,1295,2,3,1,22,18.36,9.37,1,50.4,471.04
Sarjapur Road,766,1,1,2,5,6.09,13.7,2,35.2,326.69
Jayanagar,450,1,1,1,25,4.47,2.24,0,77.4,342.06
Hebbal,4592,6,6,2,22,25.57,,2,58.1,718.74
Electronic City,902,3,4,1,33,13.34,10.27,1,55.7,248.43
Koramangala,1760,3,3,0,15,22.28,3.27,3,90.9,512.56
JP Nagar,2730,4,5,3,17,19.59,14.02,0,96.1,526.16
Whitefield,902,1,1,2,15,21.16,6.57,0,43.3,324.86
Jayanagar,1002,1,2,2,13,26.21,11.21,0,36.3,386.75
Sarjapur Road,1682,3,2,2,9,7.31,9.73,4,43.1,394.63
Bellandur,1691,3,4,3,31,2.81,13.28,3,54.5,445.35
Marathahalli,1226,3,3,0,12,13.93,15.0,1,52.0,396.49
Hebbal,604,1,1,0,14,21.83,5.92,1,61.8,286.05
Jayanagar,2774,5,5,1,28,21.93,14.69,0,61.2,508.3
Bellandur,1970,4,4,2,33,8.25,5.03,2,96.8,540.59
Marathahalli,1351,1,2,1,13,11.5,1.75,0,42.4,399.09
Whitefield,2025,3,3,2,1,21.88,12.26,2,83.4,323.34
Jayanagar,450,1,1,1,25,22.12,6.49,3,53.5,259.58
HSR Layout,1251,2,1,3,32,7.28,4.27,4,95.9,462.46
Indiranagar,912,1,1,3,32,21.54,,1,89.4,440.91
Sarjapur Road,450,1,1,2,34,21.14,7.7,2,97.6,256.73
JP Nagar,1710,4,4,1,26,16.64,4.52,2,56.9,372.61
Marathahalli,633,1,1,1,20,8.59,0.74,1,67.4,259.77
Whitefield,3013,6,5,3,11,2.64,13.58,1,46.2,694.42
Whitefield,1094,1,1,0,14,1.73,1.73,0,40.0,259.15
Sarjapur Road,1851,3,4,0,27,6.34,3.18,2,87.6,412.02
Sarjapur Road,824,2,2,1,20,5.91,9.47,1,93.7,391.86
Sarjapur Road,2048,2,1,1,3,1.37,14.76,1,37.1,486.92
Indiranagar,3015,5,5,1,33,11.16,6.68,1,74.4,687.84
Hebbal,450,2,3,2,2,29.91,0.25,0,70.6,262.63
Electronic City,1793,4,3,1,5,10.82,2.12,1,84.3,474.96
Whitefield,450,1,2,3,12,7.4,7.96,0,56.9,318.98
JP Nagar,1114,1,2,2,30,7.36,5.73,2,92.5,373.55
Yelahanka,1421,3,2,1,0,22.41,9.9,4,96.9,461.49
Indiranagar,590,1,2,0,21,12.54,12.95,1,72.9,386.28
Marathahalli,968,3,3,2,28,20.53,11.44,1,93.1,372.21
Jayanagar,3175,4,4,3,8,17.15,3.78,2,61.1,710.17
Hebbal,2147,2,2,1,27,20.88,4.06,1,92.0,474.65
Whitefield,2351,3,4,1,32,29.29,9.97,0,81.4,553.19
Sarjapur Road,3463,5,5,3,23,20.62,5.25,1,82.5,518.35
Marathahalli,977,1,2,3,29,8.65,2.68,0,91.0,230.4
Yelahanka,2301,4,5,2,19,15.94,,0,50.4,370.96
Bellandur,811,1,2,0,1,22.02,6.79,2,35.3,179.35
Bellandur,2701,4,5,1,34,2.93,6.42,0,44.0,442.63
Electronic City,576,1,2,2,18,13.22,,2,91.9,366.53
HSR Layout,700,1,2,1,26,21.72,6.53,1,56.0,242.56
Marathahalli,3738,6,6,3,9,4.23,13.34,1,57.9,652.88
Jayanagar,1783,3,4,0,9,24.55,10.2,1,44.4,510.73
Hebbal,1486,3,3,3,10,25.23,9.99,1,67.4,423.46
Bellandur,1067,3,4,3,3,22.77,1.09,3,42.3,398.58
Sarjapur Road,937,3,4,0,1,13.3,10.19,0,42.5,238.44
Hebbal,1143,2,3,3,5,19.78,10.41,0,74.5,357.13
Yelahanka,1133,2,3,0,9,16.63,,3,72.5,275.04
HSR Layout,1870,3,4,3,1,18.87,7.82,0,55.7,471.1
JP Nagar,3626,6,7,1,3,2.79,3.2,1,55.0,902.13
Koramangala,695,2,2,3,2,14.66,1.34,2,78.3,409.08
Sarjapur Road,1348,4,4,1,33,9.78,,2,68.7,295.94
Yelahanka,2033,4,4,0,5,10.47,13.37,3,79.1,431.49
Hebbal,1003,2,2,2,33,2.78,6.8,1,89.3,366.5
Whitefield,2048,2,3,0,2,20.27,2.05,0,56.8,463.12
Marathahalli,490,1,1,1,32,15.3,14.91,2,97.8,160.14
Whitefield,5355,6,6,0,3,19.23,9.77,3,50.8,660.03
Indiranagar,1496,4,4,2,33,27.13,3.17,0,96.7,513.41
Electronic City,1166,3,2,0,11,18.61,9.13,4,46.8,250.48
Koramangala,755,2,1,3,24,20.6,,1,54.1,330.81
Electronic City,1010,3,2,2,26,26.32,11.05,1,60.8,259.77
Koramangala,1942,4,3,2,21,18.44,8.81,2,47.1,528.21
Hebbal,5674,6,7,1,4,10.71,1.43,1,80.2,845.26
Whitefield,516,1,1,2,22,4.6,4.07,0,58.1,221.13
Hebbal,1126,2,3,2,29,24.12,11.29,0,69.2,382.03
Indiranagar,579,1,1,0,19,7.54,10.18,1,37.0,360.39
Jayanagar,546,1,1,0,2,3.48,,1,58.6,190.33
Jayanagar,1272,3,4,2,34,7.22,7.77,1,91.6,414.46
Whitefield,867,2,3,1,26,12.62,9.28,0,60.5,353.55
Whitefield,1491,1,2,0,18,10.67,9.02,1,83.6,302.19
Hebbal,1884,4,5,3,6,6.87,12.28,4,51.8,513.57
JP Nagar,532,1,2,2,3,4.85,,1,79.6,357.05
Sarjapur Road,850,3,4,2,8,13.59,7.58,3,72.1,380.66
Marathahalli,1003,1,2,3,17,14.27,10.99,1,36.7,304.93
Hebbal,450,1,1,0,13,4.8,6.3,1,63.4,322.68
Yelahanka,1015,1,2,1,28,14.63,5.98,1,53.4,139.5
Hebbal,524,1,1,2,17,13.57,1.63,3,70.4,258.89
Bellandur,1039,2,3,0,11,24.57,6.54,0,49.8,350.9
JP Nagar,1164,1,2,2,5,1.58,12.27,1,51.9,350.46
HSR Layout,450,1,1,1,31,2.22,11.33,1,40.0,335.68
Jayanagar,582,1,2,2,11,29.35,,2,59.2,195.21
Koramangala,1551,1,1,0,16,15.63,14.74,2,74.2,487.99
Electronic City,2140,3,2,2,10,6.99,0.79,3,78.3,466.88
Marathahalli,4115,6,6,3,23,10.19,9.7,0,71.0,622.8
Whitefield,1507,3,4,3,1,29.09,,1,89.1,270.09
Hebbal,783,1,2,2,9,0.68,11.72,1,77.3,350.42
Bellandur,660,1,1,3,16,15.87,1.54,1,50.0,147.73
Jayanagar,524,1,1,2,19,15.61,3.97,2,56.5,146.41
Sarjapur Road,2340,4,3,3,12,15.44,2.51,2,77.2,465.71
Sarjapur Road,496,1,2,3,0,15.72,7.61,3,75.2,250.43
Sarjapur Road,724,1,2,2,17,15.02,6.67,3,37.9,301.37
Indiranagar,1104,3,4,2,0,25.55,0.34,4,88.2,507.52
Marathahalli,2749,3,4,1,0,13.56,0.55,1,76.0,479.34
Bellandur,1785,2,3,3,16,29.95,8.7,0,37.6,397.66
Bellandur,1098,2,2,1,27,28.58,0.59,1,53.7,341.25
Whitefield,1811,1,1,3,26,29.81,14.25,3,63.7,341.96
Koramangala,4188,6,6,0,32,6.68,4.95,1,51.2,853.11
Bellandur,964,2,1,0,3,8.62,11.87,1,46.8,390.7
Indiranagar,2523,4,3,3,12,15.01,14.69,0,44.5,568.98
JP Nagar,1790,3,3,2,8,16.29,12.17,1,81.2,498.84
Hebbal,2697,4,4,3,18,7.32,14.6,3,56.4,637.39
Bellandur,1320,1,1,3,24,12.65,11.05,1,54.8,355.97
Indiranagar,767,1,1,3,13,28.73,2.77,1,94.7,397.88
Electronic City,609,1,2,3,16,24.31,,1,59.2,147.1
Sarjapur Road,1058,1,2,2,25,28.14,14.63,1,80.4,330.45
Yelahanka,622,2,2,2,34,3.23,1.42,0,72.9,218.74
HSR Layout,473,1,1,0,21,6.05,3.48,3,68.9,354.63
Electronic City,5501,6,5,3,31,25.75,13.17,2,57.8,666.66
Sarjapur Road,656,1,1,2,18,23.09,9.3,3,92.6,288.91
Koramangala,876,2,1,1,23,22.65,,2,85.8,411.03
Bellandur,1306,2,3,0,1,18.0,7.08,2,84.5,416.83
Sarjapur Road,3874,6,6,2,19,18.26,4.84,1,78.8,705.07
Hebbal,1850,1,2,2,14,15.92,3.24,1,64.1,370.35
Hebbal,2967,6,5,3,18,4.41,8.45,3,78.0,557.69
HSR Layout,1342,2,2,0,6,27.68,7.36,2,86.6,329.31
HSR Layout,1225,2,1,0,25,26.33,,4,46.7,368.18
JP Nagar,1378,4,4,1,16,4.78,11.7,1,98.5,436.28
Indiranagar,2668,3,4,2,20,1.28,1.6,4,71.8,721.12
Yelahanka,672,1,2,3,4,6.75,4.38,1,43.4,320.15
Yelahanka,818,3,4,3,10,22.91,2.48,3,55.3,309.78
Yelahanka,2199,3,2,2,26,3.67,5.33,1,41.2,310.37
Yelahanka,2982,4,3,2,8,16.6,1.75,2,69.8,508.18
HSR Layout,467,1,1,2,28,11.44,14.21,2,36.3,265.72
Yelahanka,876,1,2,0,25,20.84,11.87,3,89.6,206.13
Whitefield,1658,3,3,0,31,5.75,3.83,1,48.2,405.22
Hebbal,1778,4,5,1,2,10.33,2.82,0,36.5,387.46
JP Nagar,2600,4,3,3,1,27.28,11.82,1,85.4,505.35
JP Nagar,3078,5,5,1,31,4.18,0.6,0,49.0,475.72
Indiranagar,918,2,2,0,18,12.0,1.86,3,51.4,550.66
Jayanagar,2471,4,4,0,0,18.45,10.65,1,78.2,686.2
Hebbal,682,2,3,1,10,2.0,5.49,1,85.7,332.05
Yelahanka,2390,5,6,3,33,19.6,13.1,0,82.7,271.49
Koramangala,1070,3,4,1,6,10.29,5.18,1,58.3,370.87
Indiranagar,1606,4,5,0,14,10.87,7.5,0,96.1,524.08
Sarjapur Road,2002,5,4,0,31,7.83,12.79,1,48.0,456.66
Marathahalli,2135,2,3,3,18,27.15,2.55,1,37.0,469.31
Bellandur,1534,2,2,1,19,17.23,4.74,1,91.1,495.53
Sarjapur Road,1486,2,2,3,19,1.47,1.24,1,49.7,292.79
Indiranagar,530,1,1,2,22,17.62,7.88,3,62.1,307.89
Marathahalli,1611,3,3,3,25,11.11,7.8,1,63.1,312.17
JP Nagar,789,1,1,3,28,18.48,2.28,0,86.5,379.32
JP Nagar,872,4,5,0,24,15.51,9.55,3,81.2,326.02
HSR Layout,1565,2,2,2,11,10.97,1.24,3,93.1,335.95
Electronic City,3372,4,4,2,7,23.56,,3,87.4,559.66
Marathahalli,2284,5,4,0,33,22.93,,2,86.1,456.48
Electronic City,1146,3,3,0,19,22.27,1.7,0,99.7,260.41
Bellandur,1062,1,1,2,22,12.67,11.45,1,48.8,395.26
Jayanagar,754,1,1,1,6,13.8,4.27,1,86.9,288.73
Koramangala,1244,1,1,2,23,8.06,11.62,3,54.6,370.49
Sarjapur Road,450,2,3,0,9,6.42,9.88,2,52.3,334.23
Sarjapur Road,1108,4,3,3,30,5.84,,3,65.9,310.93
Bellandur,790,1,1,2,20,19.78,5.63,3,61.0,254.04
Jayanagar,1076,1,1,2,33,29.82,6.39,3,56.1,419.78
Bellandur,450,1,1,3,20,1.53,14.09,0,94.8,201.46
Yelahanka,916,1,2,1,1,27.09,8.0,1,46.6,287.6
JP Nagar,3173,5,6,1,4,6.11,6.17,0,50.0,637.37
Jayanagar,1359,1,2,3,3,15.69,6.02,2,72.7,379.14
JP Nagar,580,1,1,0,4,6.98,9.29,1,70.2,358.27
Bellandur,893,3,2,2,0,28.23,9.44,1,88.8,314.89
Jayanagar,1306,2,3,1,23,3.18,,3,81.6,467.43
Koramangala,450,1,1,3,13,5.44,13.32,2,49.3,373.89
Marathahalli,5565,6,5,0,3,20.48,7.77,1,97.7,698.63
Koramangala,1420,1,1,3,30,13.75,13.38,4,53.1,454.21
Koramangala,1418,1,1,0,12,9.29,7.75,4,77.8,455.45
Yelahanka,1993,3,3,0,17,11.32,4.74,0,66.2,208.24
Marathahalli,1729,3,3,0,14,15.06,8.95,0,73.8,500.03
Jayanagar,3055,6,7,0,0,8.6,13.43,1,55.4,707.1
Sarjapur Road,3625,6,6,0,24,1.91,10.12,2,94.5,627.98
Bellandur,706,2,3,3,22,7.04,4.65,2,58.4,315.45
Jayanagar,450,2,2,3,27,18.63,,0,56.9,415.25
Marathahalli,450,2,1,0,12,2.6,6.47,1,62.5,192.28
HSR Layout,5023,6,6,3,0,27.71,5.03,4,91.0,809.04
Bellandur,596,2,2,3,34,28.54,14.97,0,46.7,197.21
Indiranagar,3192,3,4,3,21,8.44,8.77,1,41.6,843.17
Electronic City,600,1,1,0,28,26.76,7.11,4,40.4,144.05
Electronic City,2788,5,6,0,3,13.27,2.39,1,60.2,617.94
Indiranagar,2770,4,4,3,31,11.89,11.67,3,37.8,769.73
Hebbal,1397,2,3,2,30,28.98,4.32,1,82.1,452.72
Hebbal,793,1,1,2,28,10.87,9.87,1,86.6,325.59
JP Nagar,2535,5,4,1,22,15.67,4.45,1,92.9,500.66
JP Nagar,838,2,2,1,4,22.8,6.23,1,35.3,221.18
JP Nagar,3312,6,5,0,31,23.54,10.83,1,68.3,511.9
JP Nagar,820,3,4,0,22,3.23,8.44,1,51.7,218.08
Whitefield,2956,6,7,2,24,18.74,10.18,1,87.6,469.04
Yelahanka,765,1,1,1,29,4.78,,1,60.1,278.86
Sarjapur Road,741,1,1,1,33,16.58,12.71,4,69.6,291.62
Marathahalli,1897,2,2,3,1,4.28,11.4,2,66.6,450.22
Hebbal,1215,2,1,0,24,18.51,2.79,0,97.9,413.21
Indiranagar,1821,4,5,0,2,16.54,1.84,1,92.5,692.86
Indiranagar,6500,6,6,1,20,1.61,4.37,0,63.4,936.99
Yelahanka,659,2,1,2,31,10.89,13.56,1,50.6,240.62
Electronic City,956,1,2,2,12,8.8,10.9,1,79.2,209.23
Yelahanka,1312,2,2,2,32,26.44,12.41,1,35.1,220.7
Koramangala,606,1,1,1,8,28.52,7.21,0,36.5,339.92
Marathahalli,450,3,2,3,34,25.96,,1,95.4,231.0
Hebbal,660,1,2,1,24,25.59,10.08,0,95.6,314.14
Hebbal,1941,4,3,3,28,17.22,0.37,1,75.9,573.13
Bellandur,757,3,3,0,26,20.32,6.01,2,35.8,307.46
Whitefield,761,1,2,3,18,13.58,14.82,3,77.0,180.79
JP Nagar,1646,2,1,1,20,11.7,7.78,2,36.8,453.31
Electronic City,623,1,2,1,27,0.94,5.79,1,72.5,340.25
Bellandur,2180,5,4,3,24,9.31,3.21,4,56.6,415.82
Electronic City,4210,6,7,2,20,27.08,9.5,2,61.3,600.68
HSR Layout,1444,4,3,0,7,7.24,9.37,1,99.5,466.47
Indiranagar,1604,4,5,3,6,4.13,2.41,0,98.6,510.92
HSR Layout,756,2,3,1,4,29.78,4.61,1,57.3,221.4
Bellandur,1444,2,1,2,3,16.63,6.98,2,99.1,249.99
JP Nagar,1642,2,1,1,7,19.32,8.5,3,92.6,425.04
Jayanagar,526,2,3,1,20,7.8,14.75,2,94.5,362.4
JP Nagar,644,1,1,0,17,3.12,11.16,0,78.3,417.77
Hebbal,710,2,2,3,9,17.15,5.29,0,76.6,307.46
Yelahanka,1377,2,1,3,7,11.92,3.53,2,94.2,439.24
Koramangala,852,1,1,2,28,20.29,11.1,0,79.8,472.46
Jayanagar,1361,3,2,3,11,7.76,,3,41.4,523.11
Marathahalli,874,1,1,2,11,14.56,2.95,2,61.6,392.53
JP Nagar,2449,2,2,1,24,22.65,10.26,1,36.3,512.78
Indiranagar,1068,2,3,0,12,12.02,13.85,4,72.4,436.93
Bellandur,621,3,4,3,5,28.57,8.92,1,40.1,328.7
Hebbal,3464,6,5,1,24,3.63,13.56,1,55.6,805.42
Hebbal,4605,6,6,0,19,2.62,7.74,2,50.0,608.59
HSR Layout,1981,3,3,1,32,8.88,5.74,3,83.5,272.92
Bellandur,1622,1,1,2,1,6.86,10.48,1,56.0,443.1
Marathahalli,1180,4,4,0,23,17.23,,2,42.6,265.73
Koramangala,1602,4,4,1,13,22.19,0.29,1,45.7,533.9
Bellandur,598,1,2,3,15,11.72,2.76,0,89.9,323.3
Whitefield,567,3,2,0,9,27.51,5.87,2,87.2,319.26
Whitefield,1754,3,2,1,28,19.21,4.18,3,41.1,394.3
Yelahanka,555,1,2,2,5,28.28,14.02,2,39.9,208.48
Whitefield,3918,6,7,3,5,18.24,7.16,2,61.5,597.61
Whitefield,720,1,1,0,25,14.59,10.84,1,90.1,258.6
Electronic City,1713,3,2,3,0,5.01,1.09,0,39.5,337.35
Bellandur,536,1,1,3,1,17.59,6.88,2,81.2,229.25
Indiranagar,1185,1,2,1,30,22.31,6.41,2,73.7,474.03
Whitefield,1574,3,3,2,9,24.44,0.96,0,43.6,357.87
Electronic City,908,1,2,3,31,0.82,,0,93.3,317.89
Sarjapur Road,796,2,3,0,20,14.77,8.3,0,44.8,310.8
Yelahanka,1007,1,2,1,8,26.11,6.08,1,44.6,248.84
Yelahanka,2803,5,4,3,12,21.9,0.27,1,68.9,417.75
Indiranagar,2316,6,7,3,28,17.19,3.81,4,64.5,627.58
Jayanagar,2463,5,6,2,27,28.5,9.24,1,90.4,652.35
Sarjapur Road,2357,5,4,2,11,16.18,6.91,1,45.2,446.75
Hebbal,3223,5,6,1,11,12.51,14.2,1,83.8,638.82
HSR Layout,2034,3,4,3,33,16.73,1.94,2,69.4,360.33
Bellandur,450,1,1,3,2,25.62,8.95,1,48.8,327.71
Bellandur,1823,4,3,3,2,8.03,6.93,2,69.4,530.23
Bellandur,1609,2,1,2,27,18.71,2.11,0,38.6,345.51
Jayanagar,1039,3,3,0,6,16.69,,1,78.7,491.25
JP Nagar,461,3,2,0,0,4.36,,0,83.8,363.38
Jayanagar,771,1,1,2,31,25.5,14.24,3,89.1,341.39
JP Nagar,966,2,3,1,14,26.93,12.89,0,35.8,265.42
Marathahalli,2119,3,3,1,21,11.64,3.71,1,70.3,390.33
Marathahalli,1916,4,3,1,13,17.26,,0,95.8,400.35
Sarjapur Road,565,1,1,0,26,10.86,6.61,2,83.3,308.25
Bellandur,1783,5,6,3,6,18.92,4.11,2,48.2,526.5
JP Nagar,450,1,1,0,32,1.48,14.07,1,54.2,279.15
Jayanagar,909,1,1,1,34,20.75,0.33,1,82.0,330.69
Whitefield,1188,2,3,1,31,17.23,0.2,2,87.8,393.45
Yelahanka,1950,3,3,1,20,19.53,,0,42.5,368.49
Whitefield,1015,1,1,1,2,13.58,3.38,2,40.0,257.24
Jayanagar,1729,3,3,3,20,9.75,,0,64.1,371.5
HSR Layout,1454,3,4,1,31,12.59,3.06,1,39.6,464.77
Koramangala,1647,3,2,2,9,23.17,0.6,2,99.8,499.9
Indiranagar,1846,2,2,3,7,13.53,8.75,1,62.8,418.35
Indiranagar,999,1,1,0,5,17.2,5.62,2,72.4,328.84
Indiranagar,2128,4,4,1,25,19.45,4.31,0,64.6,571.61
Yelahanka,3296,5,4,3,0,27.82,10.64,0,81.7,528.63
JP Nagar,1082,3,4,2,17,28.83,11.66,2,53.0,349.66
Sarjapur Road,450,1,1,2,26,3.16,8.9,0,74.7,326.23
JP Nagar,1840,1,1,1,8,10.3,,1,83.0,415.99
Electronic City,1217,2,1,2,15,4.46,9.07,1,35.2,254.98
Marathahalli,1642,2,1,2,26,17.05,0.62,1,91.2,441.76
HSR Layout,715,1,1,2,6,23.2,1.0,2,60.5,267.4
Whitefield,888,2,1,1,4,24.77,12.73,0,68.3,220.45
Whitefield,1245,1,1,3,8,24.65,7.15,3,73.3,282.45
Whitefield,1071,1,1,2,18,19.31,9.48,1,88.8,318.42
Indiranagar,1158,2,2,2,9,3.39,1.87,2,91.8,604.32
Electronic City,871,2,2,2,20,9.24,14.99,1,79.3,223.48
Jayanagar,1102,3,4,2,33,19.78,4.22,3,75.3,343.37
HSR Layout,1872,4,5,0,4,7.22,,2,51.7,628.54
HSR Layout,1702,2,3,1,12,9.09,11.3,1,94.5,432.35
Koramangala,528,1,1,2,4,10.11,9.33,0,64.8,272.07
Whitefield,1379,3,2,3,3,23.84,9.08,1,72.9,418.29
Hebbal,747,1,2,1,23,4.08,2.11,3,37.8,148.89
Whitefield,1530,3,3,2,1,17.01,4.57,2,37.6,431.36
Hebbal,2604,4,3,2,30,3.51,4.65,0,36.0,411.29
Yelahanka,2046,3,2,2,11,1.21,10.25,1,45.9,378.74
Whitefield,782,3,2,1,33,9.92,6.91,0,58.5,272.94
Jayanagar,1275,3,2,1,16,10.18,4.36,3,83.0,431.76
HSR Layout,1540,1,1,2,6,2.72,3.95,1,84.4,393.45
Jayanagar,1613,3,3,3,28,20.55,,2,45.3,413.98
Jayanagar,688,1,1,1,6,24.24,8.35,1,57.8,353.89
Indiranagar,1693,4,5,1,10,1.77,,1,45.6,548.1
Electronic City,1477,3,4,2,2,1.87,3.86,0,78.8,498.17
Yelahanka,645,1,2,3,21,3.76,,1,91.6,249.35
Marathahalli,1518,4,5,1,10,16.99,8.24,1,83.6,450.75
Koramangala,898,1,1,0,3,13.76,11.81,1,58.6,365.29
Whitefield,670,2,1,2,7,19.18,8.47,1,72.1,323.08
Jayanagar,925,2,2,2,26,3.69,1.57,2,66.4,341.89
HSR Layout,647,2,1,3,17,24.28,0.42,4,48.1,278.74
Jayanagar,752,1,2,2,16,21.53,2.29,0,40.5,305.4
Koramangala,3142,6,6,2,28,27.91,13.3,1,94.9,678.18
Yelahanka,517,1,1,0,27,1.91,14.78,1,67.4,163.46
Yelahanka,1993,3,4,3,26,10.73,2.23,0,98.9,405.81
Jayanagar,1626,2,3,1,22,19.79,8.51,1,50.5,412.51
Whitefield,3230,5,5,3,6,28.67,13.23,3,52.7,465.49
Marathahalli,4407,6,6,3,4,16.17,0.72,1,82.8,634.9
Koramangala,1092,2,2,3,25,19.58,14.27,1,62.3,325.5
Hebbal,1474,3,4,0,16,15.13,2.26,1,66.8,279.09
Indiranagar,1252,1,2,1,8,22.81,13.73,0,65.8,440.36
Electronic City,586,1,1,2,14,1.22,2.87,2,65.2,292.13
HSR Layout,903,2,3,2,23,26.0,9.5,1,50.5,287.77
Electronic City,6500,6,6,0,29,22.13,7.8,0,85.1,775.48
Jayanagar,1580,2,1,2,8,18.06,2.84,0,79.7,391.83
Yelahanka,450,2,3,1,16,8.43,4.57,1,38.0,229.63
Electronic City,1810,2,2,3,8,20.35,11.61,0,75.1,347.24
JP Nagar,2381,3,2,0,22,1.87,5.3,0,48.9,467.64
Koramangala,1902,4,4,2,15,12.79,13.75,0,79.7,630.23
Yelahanka,465,1,1,2,34,14.18,3.78,1,36.0,343.27
JP Nagar,1425,1,1,3,28,18.31,7.48,1,63.0,305.4
Electronic City,450,1,1,3,28,6.8,1.63,3,49.3,126.26
Sarjapur Road,1023,4,3,1,13,27.8,6.73,0,93.3,337.79
JP Nagar,450,1,1,1,2,2.53,,1,85.6,264.88
Koramangala,450,1,2,3,2,13.12,13.41,2,86.8,324.9
HSR Layout,1489,3,3,2,31,8.91,3.3,3,52.9,465.88
Jayanagar,2455,5,5,2,6,20.42,11.59,2,84.6,658.0
Koramangala,1113,3,3,2,19,2.65,0.85,2,51.1,348.61
Sarjapur Road,1871,2,3,0,5,22.62,6.53,1,40.1,303.74
Electronic City,4084,6,7,1,33,6.0,10.56,1,85.7,508.43
Bellandur,621,1,1,0,21,15.7,1.77,3,78.7,284.28
Koramangala,1810,3,4,0,15,15.9,8.54,1,59.3,505.96
Electronic City,2709,4,4,1,14,27.23,,3,85.2,441.91
HSR Layout,1350,1,1,3,1,14.78,0.76,3,67.6,515.74
Indiranagar,1560,2,3,3,23,2.25,11.87,0,71.9,552.76
HSR Layout,1656,2,3,0,30,2.08,11.38,2,61.1,422.96
Marathahalli,901,1,1,2,6,12.6,13.71,1,52.8,258.77
Indiranagar,2725,6,5,2,33,26.29,2.71,0,54.7,674.23
Jayanagar,523,1,2,1,14,9.83,12.05,3,68.6,320.6
Electronic City,923,1,1,3,24,24.59,11.5,1,49.2,107.35
Indiranagar,1309,4,5,0,4,19.68,14.43,2,49.0,534.15
Whitefield,2212,2,3,0,6,0.89,10.67,0,64.9,441.12
HSR Layout,585,2,3,3,20,15.26,8.41,0,85.9,354.83
Marathahalli,2202,5,5,3,17,3.06,12.31,2,62.1,541.39
Electronic City,1109,3,2,0,4,9.6,2.25,3,92.0,347.94
Indiranagar,2315,6,5,0,32,24.98,,3,46.8,603.65
Yelahanka,4904,6,6,2,8,19.88,14.52,0,59.0,422.81
Electronic City,2223,3,3,1,32,17.77,12.98,3,61.1,245.06
Bellandur,1492,3,4,2,29,2.32,7.7,2,81.2,443.03
JP Nagar,1507,3,2,1,24,16.81,7.84,1,49.1,354.39
Yelahanka,1824,2,2,3,21,17.25,13.29,2,85.3,428.56
Jayanagar,1781,4,3,0,14,5.16,10.74,1,85.6,386.47
Yelahanka,692,1,1,1,15,9.58,7.46,0,56.8,160.56
Koramangala,1410,2,1,2,33,13.28,7.66,0,83.9,470.48
Indiranagar,1726,1,1,0,14,23.38,1.66,0,97.7,524.9
Sarjapur Road,648,3,3,3,27,22.88,13.64,0,41.3,339.33
HSR Layout,1119,2,1,0,28,13.67,7.95,0,60.2,309.46
Jayanagar,486,1,1,3,25,6.17,8.39,2,98.4,281.57
HSR Layout,450,1,1,3,14,23.67,0.26,1,96.7,316.06
Electronic City,1054,3,4,3,26,24.32,0.8,3,74.2,219.89
Yelahanka,973,1,1,0,31,14.51,4.96,4,40.3,288.98
Jayanagar,3236,5,5,1,1,9.49,14.54,1,97.5,780.82
Marathahalli,474,1,1,3,8,13.17,0.67,1,52.8,273.03
JP Nagar,1767,4,5,2,15,15.21,8.21,3,73.7,314.37
Whitefield,1356,3,3,0,22,10.55,,0,83.1,427.35
Jayanagar,2404,4,4,2,29,19.73,7.25,3,39.1,462.89
JP Nagar,910,2,3,1,1,24.18,4.31,0,48.1,295.53
JP Nagar,1779,3,2,2,8,19.66,11.49,4,59.4,471.72
Koramangala,631,1,1,2,20,25.38,9.24,0,56.6,337.14
JP Nagar,1607,2,1,2,29,3.64,1.38,0,60.6,374.92
HSR Layout,1317,2,1,2,34,23.59,13.96,0,88.3,509.67
Indiranagar,871,1,2,0,0,5.21,,2,48.9,500.78
HSR Layout,2521,4,5,1,12,9.6,4.61,0,64.0,463.86
Koramangala,1310,2,1,0,34,15.44,,3,55.8,415.26
Whitefield,1895,6,5,0,4,22.39,6.92,0,43.0,488.24
Sarjapur Road,3308,5,6,3,26,19.88,2.32,1,57.0,611.08
Electronic City,2826,6,7,1,16,8.73,8.3,1,71.9,399.18
Bellandur,2414,3,2,2,18,15.24,11.35,1,45.6,505.15
Bellandur,1051,2,1,0,9,1.16,5.7,2,36.9,329.49
Sarjapur Road,1506,1,1,3,31,19.08,1.23,1,36.1,366.36
Jayanagar,1721,4,4,0,11,26.98,1.3,1,86.4,461.17
Jayanagar,2089,3,3,1,21,3.37,4.0,1,55.9,530.61
Hebbal,1748,2,3,2,26,4.06,3.79,2,64.9,488.16
JP Nagar,839,1,1,1,27,11.82,14.47,0,86.4,430.7
Jayanagar,1027,1,1,1,1,8.4,5.77,1,40.8,362.11
Bellandur,1057,4,5,0,0,23.25,2.19,1,87.9,383.83
Yelahanka,940,3,3,0,33,11.01,,1,64.0,267.14
Marathahalli,1978,4,3,1,32,29.21,3.17,1,94.8,371.71
Sarjapur Road,450,2,1,3,34,8.42,1.85,0,37.4,173.06
Jayanagar,806,1,1,2,23,22.68,,0,35.3,330.78
Jayanagar,982,3,4,3,11,5.38,10.15,4,49.5,553.44
Electronic City,2723,4,4,3,32,15.37,12.84,0,96.5,463.46
Koramangala,633,1,2,1,0,19.52,0.57,2,58.2,357.14
Jayanagar,1684,1,1,2,1,24.27,6.85,1,77.4,421.8
Yelahanka,1296,5,4,2,25,10.3,5.31,2,41.0,257.05
Sarjapur Road,782,1,1,2,32,17.6,13.51,0,73.3,258.41
Hebbal,4625,6,7,3,14,19.85,13.95,0,44.9,607.75
Bellandur,1907,2,3,2,17,28.19,6.92,1,70.8,488.67
Whitefield,868,3,2,1,19,0.59,4.44,1,71.6,296.04
Electronic City,2585,4,5,1,28,5.0,10.75,2,68.9,424.23
Bellandur,1233,3,4,2,7,22.51,2.39,2,45.1,359.56
JP Nagar,556,1,1,3,34,5.92,4.16,0,57.2,278.96
Bellandur,450,1,1,3,6,10.3,,1,91.8,259.77
Bellandur,1833,4,4,0,11,24.83,11.51,2,72.5,375.64
Electronic City,1571,3,3,0,2,18.34,11.54,4,48.9,346.53
Electronic City,678,1,1,2,26,15.93,14.15,0,49.2,181.49
Yelahanka,457,1,1,2,32,15.8,2.91,0,90.0,170.59
Bellandur,739,1,1,3,24,10.9,10.7,3,53.2,285.54
JP Nagar,858,2,1,0,16,12.26,8.29,1,74.8,392.91
Yelahanka,1618,3,2,3,29,16.83,,4,87.9,358.4
Koramangala,1438,1,2,0,21,27.38,9.31,2,84.4,433.18
Electronic City,919,2,1,1,23,24.63,3.43,0,41.5,192.29
Koramangala,450,2,1,3,25,1.21,,3,50.3,436.24
Indiranagar,539,1,1,3,16,21.38,6.02,2,40.1,324.15
Sarjapur Road,3385,4,3,1,34,21.13,9.3,2,42.0,448.81
Bellandur,899,3,2,1,12,10.56,13.92,0,53.5,253.57
Yelahanka,2688,4,3,2,30,22.07,4.37,3,48.8,356.53
Sarjapur Road,2164,2,2,3,23,25.43,7.18,1,76.7,386.94
Yelahanka,450,1,2,3,15,8.97,2.48,1,93.4,291.37
Hebbal,1985,3,2,3,12,2.38,5.9,0,96.3,538.26
Bellandur,609,1,1,3,20,14.5,9.3,2,79.2,313.67
Indiranagar,653,1,2,3,20,24.28,1.29,0,77.2,370.54
HSR Layout,2013,4,3,3,17,18.85,7.54,1,58.6,467.16
Whitefield,846,1,1,3,20,7.02,13.03,2,66.6,278.63
HSR Layout,450,1,1,1,9,24.51,1.91,1,50.9,131.9
Jayanagar,565,1,1,2,22,28.72,6.35,3,50.3,328.43
Koramangala,923,1,1,2,2,29.35,1.7,2,83.8,382.78
Indiranagar,1852,4,4,3,9,8.94,6.02,0,91.5,512.74
Electronic City,455,1,1,3,27,16.6,,0,69.3,308.09
HSR Layout,1227,2,1,1,12,22.77,,2,90.9,303.99
Bellandur,3478,6,7,0,8,28.01,8.63,0,59.3,585.63
Koramangala,507,2,2,0,8,22.16,9.87,1,63.9,385.41
JP Nagar,851,1,1,0,16,1.96,5.93,0,75.2,263.43
Whitefield,877,2,3,1,24,21.26,12.95,0,78.8,276.95
Yelahanka,644,1,1,3,33,0.89,13.18,2,83.4,269.44
Sarjapur Road,2035,3,3,1,13,22.94,7.29,1,81.3,464.05
Koramangala,1116,3,2,1,5,27.24,8.6,2,91.9,470.15
HSR Layout,1132,4,3,3,29,24.17,,0,57.9,352.6
Indiranagar,3129,4,5,2,18,15.17,11.83,2,85.7,735.49
Yelahanka,1434,1,1,1,32,13.47,4.85,1,74.4,335.69
Yelahanka,1144,2,2,1,17,18.72,1.96,2,58.0,307.1
Koramangala,1147,3,2,1,34,28.32,,2,89.7,280.24
Whitefield,721,3,3,0,12,11.22,13.27,2,96.9,332.83
Hebbal,2633,6,5,1,17,5.85,0.95,3,58.7,455.16
Electronic City,893,2,2,1,6,28.36,9.09,3,63.5,212.21
Yelahanka,1219,3,4,2,33,0.51,0.54,2,44.1,207.84
Jayanagar,450,1,1,1,5,15.59,7.51,0,95.3,325.61
HSR Layout,1819,2,2,3,2,24.77,14.22,0,48.9,398.0
Koramangala,3022,6,6,0,23,2.15,1.54,0,40.9,670.37
Bellandur,2698,4,4,2,4,6.79,10.1,1,76.9,552.11
Marathahalli,609,2,2,2,4,20.76,6.44,2,92.5,316.39
Electronic City,1771,4,4,2,8,29.68,0.89,2,59.6,341.78
Jayanagar,1241,2,3,3,9,11.82,,3,63.4,397.15
Hebbal,802,2,2,1,12,10.19,10.72,0,68.3,406.55
Marathahalli,1688,1,1,1,34,26.25,1.38,1,59.8,406.51
Koramangala,1850,5,5,3,13,2.19,,0,99.6,604.15
Sarjapur Road,1606,2,2,3,14,27.19,10.68,2,72.7,358.89
Bellandur,1655,4,4,2,8,15.52,9.24,0,49.8,330.43
Koramangala,1129,1,1,2,33,7.58,11.98,1,73.4,574.2
Hebbal,3509,6,5,1,34,1.88,8.85,0,86.7,542.77
Electronic City,693,1,1,0,33,27.43,13.54,1,93.5,206.7
Indiranagar,1552,1,1,1,29,14.07,10.66,1,99.6,509.37
JP Nagar,502,1,1,0,20,15.35,12.89,1,58.5,358.33
Bellandur,1123,1,1,2,5,3.25,6.95,3,94.1,431.21
Jayanagar,1416,2,1,3,10,24.64,13.18,1,81.2,550.67
Yelahanka,1344,3,2,0,1,5.66,1.06,3,73.2,326.72
Yelahanka,1871,2,2,1,18,3.63,12.64,3,80.3,360.12
Sarjapur Road,715,1,1,1,28,18.66,12.69,1,55.3,392.94
JP Nagar,707,1,1,3,32,12.21,13.81,3,91.2,364.21
Jayanagar,526,2,1,1,4,12.73,13.13,2,48.7,325.42
Whitefield,698,2,1,1,4,22.29,7.02,2,74.3,251.84
Whitefield,768,2,1,2,14,23.07,6.71,2,70.8,232.8
HSR Layout,690,1,1,0,8,1.13,11.19,0,36.0,392.26
JP Nagar,491,1,1,0,2,11.15,12.76,1,65.3,277.81
Jayanagar,1481,4,4,1,27,18.69,2.07,0,72.0,451.15
Bellandur,1001,3,4,1,6,18.3,10.95,1,96.8,453.97
Yelahanka,1322,1,1,1,6,6.79,12.25,0,81.6,123.97
Bellandur,927,1,1,2,25,13.46,6.82,1,42.2,335.92
Sarjapur Road,4873,6,5,0,16,26.09,9.7,2,91.3,665.37
Electronic City,450,1,2,3,26,21.53,12.11,2,41.8,193.11
Hebbal,814,1,1,2,8,17.25,7.37,2,83.7,318.55
Sarjapur Road,450,3,3,3,34,7.19,14.16,2,83.6,269.76
JP Nagar,1892,3,2,3,19,24.42,,4,99.5,627.14
Koramangala,794,3,2,0,3,20.4,4.91,0,79.4,405.11
Bellandur,1427,3,4,3,18,6.53,,2,63.7,427.04
Yelahanka,535,1,1,3,22,25.5,13.21,1,64.9,191.78
Bellandur,1223,3,4,3,13,23.87,3.4,2,60.8,350.16
Koramangala,1085,3,3,3,28,9.2,2.18,3,59.3,581.85
Yelahanka,841,2,2,2,3,5.85,3.08,2,64.8,185.2
Indiranagar,6500,6,7,0,6,14.04,12.77,2,52.4,1089.66
JP Nagar,1441,3,2,1,5,27.01,4.5,1,97.2,309.88
Whitefield,450,1,1,1,17,14.53,2.6,0,70.9,177.44
Indiranagar,4939,6,5,0,4,23.47,12.58,2,76.2,1003.89
Sarjapur Road,1073,3,4,3,29,13.6,,1,91.3,255.88
JP Nagar,574,1,1,2,31,26.9,0.63,1,93.6,299.1
Koramangala,752,2,2,1,6,22.07,11.81,2,61.7,287.36
Sarjapur Road,2211,4,3,1,15,9.61,3.52,1,41.5,462.54
Electronic City,2414,4,3,2,24,24.85,3.68,1,39.4,419.48
Sarjapur Road,1636,3,3,0,9,2.38,12.82,0,92.1,449.95
Koramangala,744,1,1,1,29,19.09,7.41,2,59.2,366.3
Electronic City,1878,3,2,2,29,17.41,,0,84.1,331.47
Yelahanka,1429,1,1,2,24,25.03,14.73,0,35.4,326.51
Hebbal,1346,3,3,2,30,12.52,4.17,1,38.8,418.62
Yelahanka,1266,4,4,1,14,20.83,0.98,0,56.1,195.22
Whitefield,1020,1,2,2,30,19.84,8.71,1,65.2,309.05
Electronic City,1324,2,2,2,33,1.63,5.94,0,82.8,349.9
Jayanagar,853,3,4,0,23,11.27,3.97,0,47.3,284.44
Marathahalli,1843,3,3,3,27,17.87,,4,46.7,354.08
Bellandur,1399,3,3,3,3,17.93,3.2,0,93.4,406.86
JP Nagar,4233,6,6,3,23,0.98,14.63,1,45.7,654.8
Koramangala,552,1,2,0,4,7.84,0.87,0,78.3,472.16
HSR Layout,2702,4,5,0,19,14.76,2.48,0,76.2,537.84
Hebbal,667,1,1,2,26,20.45,2.31,1,46.6,282.61
Indiranagar,824,1,2,1,23,18.66,10.91,1,77.0,349.14
Sarjapur Road,1124,1,2,0,28,11.39,11.32,1,67.9,351.19
Whitefield,3311,6,7,0,10,3.22,,0,66.1,585.01
Electronic City,679,1,1,3,16,9.18,2.68,2,63.4,271.14
Bellandur,2367,3,3,1,33,0.98,2.94,2,43.0,441.8
Whitefield,2289,6,6,0,21,8.88,4.71,2,65.1,528.76
Koramangala,2653,4,5,1,20,17.76,0.36,2,68.2,644.44
JP Nagar,804,1,1,2,13,4.52,8.65,2,40.0,328.42
Hebbal,2064,3,4,3,11,8.49,11.51,2,38.1,466.47
Hebbal,1221,3,4,2,34,17.65,10.51,2,82.1,372.08
Indiranagar,1642,3,3,3,10,10.9,4.79,2,49.6,628.05
Whitefield,913,4,4,3,25,21.88,6.75,3,57.1,349.66
Electronic City,450,2,2,0,21,16.33,2.96,0,67.1,236.28
Marathahalli,1368,1,1,0,27,7.08,3.52,1,64.7,449.24
Marathahalli,2011,4,3,3,21,24.5,14.07,0,87.4,342.7
Sarjapur Road,2190,2,2,3,33,6.27,6.89,3,43.7,412.9
Electronic City,1526,1,1,1,17,14.27,8.4,0,37.1,225.77
JP Nagar,953,1,2,1,6,5.47,10.45,0,89.8,321.09
Bellandur,738,2,1,1,2,14.53,6.99,0,57.9,134.96
Koramangala,2049,4,5,2,5,20.67,,0,76.9,579.53
Jayanagar,2166,2,1,1,33,11.85,,2,36.0,500.91
Yelahanka,1170,2,2,1,7,14.87,12.4,0,63.0,255.72
Indiranagar,1420,4,3,3,34,24.3,6.25,1,64.2,407.67
Electronic City,1356,3,3,2,7,22.5,,1,60.2,407.64
Koramangala,871,1,1,1,13,8.78,6.11,1,56.9,444.28
HSR Layout,2134,3,4,3,14,15.28,7.35,1,81.8,460.12
Jayanagar,3110,6,6,2,15,25.12,6.31,0,85.2,676.44
JP Nagar,450,1,1,1,17,9.89,4.46,2,60.3,359.17
JP Nagar,1690,4,5,3,15,25.82,6.49,2,69.1,456.74
Koramangala,1573,3,2,0,4,14.41,14.11,2,54.8,556.0
Whitefield,1080,1,1,0,28,24.09,6.91,3,79.9,209.7
Indiranagar,635,2,1,3,17,18.62,3.56,1,45.7,480.15
Koramangala,3733,6,6,0,16,7.2,6.72,4,87.6,659.71
Koramangala,1069,4,5,1,23,4.09,9.27,2,61.7,451.05
Whitefield,3726,6,7,3,29,9.2,9.11,2,49.6,590.72
Jayanagar,2130,3,2,1,17,1.5,,2,63.5,453.9
HSR Layout,1247,3,2,2,4,8.24,8.06,2,59.3,398.39
Marathahalli,1073,1,1,3,16,25.03,,2,41.3,267.88
Sarjapur Road,1355,2,1,3,12,18.13,2.51,0,35.4,308.55
Hebbal,1694,4,5,3,12,13.31,,1,82.7,469.29
Whitefield,1351,2,1,2,32,10.06,9.09,0,58.4,423.25
JP Nagar,922,1,1,0,7,12.63,3.89,2,69.4,379.75
HSR Layout,2453,4,3,2,30,5.43,12.86,1,68.3,567.32
Hebbal,3539,5,6,1,15,7.0,1.89,4,59.3,669.64
Jayanagar,1183,3,4,2,13,6.41,6.55,1,98.6,447.92
Koramangala,1330,1,1,1,1,24.27,1.35,3,69.6,411.54
Indiranagar,1956,2,3,0,25,25.08,6.84,2,87.7,646.33
Hebbal,963,1,2,0,22,16.84,8.77,1,91.1,215.46
Bellandur,450,2,3,2,12,0.97,13.26,2,59.5,310.07
HSR Layout,1327,2,2,2,6,1.04,5.97,1,63.9,549.26
Koramangala,2418,4,4,2,22,3.76,9.79,0,45.7,523.82
Jayanagar,517,2,1,1,15,5.4,7.49,2,74.0,320.84
Marathahalli,450,1,2,3,29,29.79,12.07,2,88.8,128.78
HSR Layout,1768,4,5,3,16,13.65,,1,45.4,443.87
Electronic City,624,1,1,0,20,11.37,1.08,0,55.0,150.76
Hebbal,482,1,1,0,2,1.69,15.0,0,68.2,457.54
HSR Layout,557,2,3,3,14,2.65,,3,94.2,314.79
Koramangala,1487,5,5,3,29,12.38,7.45,1,69.2,516.09
JP Nagar,2804,5,4,2,27,5.24,3.15,1,51.7,625.58
Sarjapur Road,493,1,2,1,31,17.67,8.94,1,79.7,337.89
Bellandur,1376,2,3,3,34,25.05,3.68,4,86.3,360.14
JP Nagar,1454,3,2,3,18,4.41,,0,54.8,305.53
Indiranagar,1375,2,1,2,12,7.9,0.96,2,46.7,357.42
HSR Layout,1808,3,3,0,6,23.31,3.75,2,78.4,498.14
Jayanagar,1181,1,2,3,31,17.68,,0,64.6,407.8
Marathahalli,474,1,2,2,34,18.83,5.39,2,79.3,232.82
Bellandur,1400,3,4,1,18,12.55,4.14,1,87.1,476.31
Whitefield,2366,4,5,2,20,7.73,2.29,0,88.3,503.21
Hebbal,1013,1,2,3,5,29.73,9.83,1,45.6,463.84
Whitefield,701,1,1,1,19,14.15,12.0,1,64.6,298.12
Jayanagar,2028,4,5,0,9,21.99,10.47,3,94.1,568.83
Sarjapur Road,848,1,1,1,21,23.08,7.81,0,70.9,334.01
Electronic City,1016,2,3,0,1,25.87,4.52,0,50.2,373.94
Marathahalli,2063,1,2,0,20,27.33,1.47,1,61.1,386.57
Jayanagar,1743,4,4,1,19,7.63,7.66,1,38.2,361.77
Marathahalli,5607,6,7,1,33,11.09,4.79,0,83.7,653.36
Marathahalli,929,3,3,1,9,7.74,11.09,1,44.2,350.29
HSR Layout,2512,6,6,0,5,9.53,14.27,0,67.2,607.86
Marathahalli,682,2,2,0,30,12.43,,2,88.9,198.85
Bellandur,4756,5,6,1,18,7.66,7.52,2,56.8,817.19
Sarjapur Road,3093,6,5,1,1,4.96,1.84,1,98.1,591.84
Yelahanka,1981,3,2,2,3,5.51,6.05,2,72.4,453.03
Sarjapur Road,503,1,1,2,27,12.66,3.75,0,50.1,279.97
Marathahalli,1708,3,3,3,6,8.71,1.24,1,62.1,384.62
Electronic City,767,1,2,2,8,7.37,7.87,0,69.0,115.36
JP Nagar,1938,2,1,1,12,27.93,4.74,3,59.5,397.36
Hebbal,1342,1,1,2,26,13.35,6.27,2,73.0,441.5
Marathahalli,1075,2,2,0,9,19.78,5.51,1,80.1,291.36
Hebbal,4288,6,6,1,31,20.11,6.6,0,35.3,723.21
Electronic City,701,1,1,0,8,4.03,1.01,0,59.6,276.16
HSR Layout,861,2,3,1,10,7.82,5.05,1,56.5,318.39
Whitefield,1943,4,4,1,31,19.51,4.92,0,72.5,475.87
Bellandur,826,1,2,1,11,12.26,4.6,2,41.1,284.61
Bellandur,846,2,3,1,12,23.46,11.31,1,60.9,150.7
JP Nagar,2212,4,4,2,5,1.4,,2,97.3,477.39
Hebbal,2191,4,4,1,1,23.45,12.91,2,71.4,486.04
Jayanagar,4291,6,6,1,6,10.05,8.88,3,62.7,765.48
Sarjapur Road,1810,4,5,1,13,15.88,13.58,1,88.4,311.19
Bellandur,2444,3,2,1,26,9.93,1.28,1,53.7,511.06
Sarjapur Road,1241,4,5,0,14,21.32,6.92,1,87.8,317.57
Electronic City,1041,2,1,3,13,26.42,10.44,0,90.8,259.03
JP Nagar,1361,4,5,0,34,27.36,12.81,1,95.1,449.09
Indiranagar,849,2,3,1,5,29.16,1.65,0,90.7,334.23
Sarjapur Road,2561,3,3,3,20,13.62,5.55,2,83.3,486.25
HSR Layout,720,2,1,3,10,21.85,,1,66.0,340.55
Whitefield,2027,3,4,0,14,14.38,11.0,1,83.0,389.58
Bellandur,4643,6,6,3,26,6.41,3.69,1,75.5,622.6
Marathahalli,1151,2,1,2,27,9.52,5.81,4,65.7,334.74
Indiranagar,2783,5,5,2,28,12.37,8.59,2,55.1,622.4
JP Nagar,1543,1,2,3,6,1.56,5.54,1,48.9,391.76
Whitefield,1281,3,4,3,3,29.44,7.46,1,47.5,324.65
Jayanagar,2094,3,4,0,21,2.1,6.33,0,46.2,554.44
Sarjapur Road,1877,5,5,3,4,29.52,3.17,0,68.5,483.45
Koramangala,1688,5,5,3,7,17.62,2.79,0,99.2,489.9
Hebbal,1235,4,5,2,13,8.36,9.36,2,91.8,446.45
Indiranagar,777,3,3,2,2,15.91,3.72,2,49.0,555.95
Marathahalli,3595,4,4,1,32,25.83,11.78,1,50.1,390.16
Koramangala,1466,5,6,1,30,7.94,2.95,0,94.0,651.1
Indiranagar,2101,4,4,0,6,25.19,,2,81.9,430.12
Indiranagar,4860,6,7,2,33,17.44,11.43,2,84.3,1058.2
Sarjapur Road,2330,6,6,3,30,7.38,13.6,0,97.9,467.32
Electronic City,618,1,1,2,21,17.37,8.11,1,89.3,309.22
Koramangala,592,1,1,1,3,25.33,5.63,1,62.1,303.74
Whitefield,4505,6,7,1,25,6.83,8.69,1,54.6,671.4
Marathahalli,450,2,3,1,21,28.48,2.3,0,79.6,387.23
Sarjapur Road,758,1,2,1,13,10.56,5.86,0,73.6,241.98
Koramangala,1887,2,3,3,1,26.31,14.29,4,50.3,420.7
Electronic City,1476,4,5,3,26,14.06,7.47,2,76.2,438.35
Marathahalli,468,1,1,2,10,5.54,6.24,2,62.9,249.61
JP Nagar,1303,2,3,3,11,21.17,4.02,2,89.2,284.75
Sarjapur Road,4484,6,7,2,18,16.53,5.0,1,65.0,764.2
Marathahalli,683,1,2,3,19,25.78,7.36,3,71.9,296.45
JP Nagar,450,2,1,3,34,23.81,13.8,1,44.3,251.16
Koramangala,790,3,3,2,2,14.15,1.4,1,63.8,507.62
JP Nagar,1304,3,3,1,8,7.59,10.49,4,67.8,273.08
Bellandur,924,1,1,0,1,8.96,1.08,0,47.1,272.01
JP Nagar,2345,5,4,0,15,11.71,,1,43.1,538.71
JP Nagar,2575,4,5,3,17,13.46,13.44,1,72.5,409.93
Electronic City,2938,5,6,2,25,22.68,11.78,1,81.3,469.86
Jayanagar,2241,4,3,3,27,11.98,3.12,0,59.2,508.82
Jayanagar,1033,1,2,3,13,20.73,4.86,0,79.5,396.52
Hebbal,848,2,1,3,22,14.95,11.08,0,42.0,190.66
Indiranagar,1248,2,1,1,17,8.52,13.51,2,98.6,394.88
JP Nagar,2361,5,4,3,16,10.46,7.15,0,47.8,444.37
Indiranagar,685,3,4,2,34,10.96,9.87,2,59.9,348.19
Whitefield,1486,5,6,3,6,16.92,1.98,1,65.9,498.94
Electronic City,2356,4,3,0,28,15.54,5.52,3,55.8,319.46
Indiranagar,2529,3,2,2,13,28.14,0.84,0,89.9,486.48
Bellandur,1817,3,2,2,9,22.78,6.87,2,98.7,455.46
Marathahalli,596,1,1,3,34,15.59,9.09,1,99.8,207.83
Sarjapur Road,1034,2,2,0,29,3.46,4.9,2,81.1,327.67
Electronic City,1138,2,2,2,17,24.51,11.04,0,97.9,328.24
Whitefield,450,1,1,2,12,26.03,7.61,1,61.5,281.42
Indiranagar,674,1,1,0,19,15.14,2.34,1,39.0,270.3
Sarjapur Road,3034,4,4,3,33,19.15,3.67,0,62.0,563.31
Koramangala,900,3,4,2,33,0.85,,0,77.5,293.24
HSR Layout,458,1,1,3,23,9.67,2.57,1,85.7,328.39
Yelahanka,1651,3,3,2,5,26.15,13.37,3,99.1,332.8
JP Nagar,2594,6,6,0,32,5.96,1.81,2,76.4,486.68
Yelahanka,450,1,2,1,7,24.13,12.55,2,45.2,220.56
JP Nagar,1068,2,2,2,26,18.65,12.0,1,99.2,263.51
Hebbal,679,1,2,0,2,3.24,10.34,2,70.1,373.58
JP Nagar,710,3,3,3,16,17.46,8.63,1,64.5,353.56
HSR Layout,637,3,4,3,3,14.02,,0,64.2,373.42
Yelahanka,1405,1,1,0,29,17.04,0.26,2,76.8,320.52
Hebbal,1132,2,2,2,16,14.8,11.14,0,66.9,364.81
Koramangala,2962,5,6,1,5,19.91,2.16,0,37.2,647.56
Yelahanka,608,1,2,1,9,6.91,12.68,0,74.9,342.32
Electronic City,3197,6,7,1,16,23.94,11.21,3,63.0,429.36
Whitefield,1223,2,3,1,14,14.28,7.62,1,50.6,321.06
Marathahalli,1288,3,3,3,19,27.78,9.13,2,76.9,335.08
Bellandur,706,2,3,2,29,23.65,13.28,2,81.0,231.83
Sarjapur Road,1583,3,2,1,16,19.0,,1,88.9,374.85
Marathahalli,2953,3,2,3,17,24.6,7.04,0,66.6,462.61
JP Nagar,675,1,2,3,10,19.99,2.79,1,84.8,251.36
Jayanagar,2498,3,2,2,14,10.05,9.58,1,61.6,515.55
Sarjapur Road,767,2,3,1,18,13.71,7.38,4,98.9,373.33
Indiranagar,891,1,2,0,13,9.15,10.12,1,53.5,386.21
HSR Layout,1424,2,2,1,11,2.86,11.39,2,61.5,540.09
Marathahalli,1171,2,3,2,32,23.11,0.86,1,54.9,232.91
Marathahalli,1123,2,1,0,32,29.23,9.73,2,42.7,292.01
JP Nagar,1189,1,1,0,3,29.88,,0,94.7,397.5
Koramangala,4481,6,6,3,12,10.76,5.7,2,45.6,846.06
Sarjapur Road,1330,3,4,1,21,16.99,14.82,2,53.9,294.06
Hebbal,591,1,2,3,10,17.55,1.95,1,93.9,252.05
Koramangala,543,1,2,0,16,10.53,9.53,0,67.0,378.87
HSR Layout,992,2,1,1,29,20.82,0.99,1,44.4,357.21
Jayanagar,4118,6,5,0,29,21.56,6.75,2,72.6,694.87
Hebbal,6383,6,5,3,29,20.17,3.6,1,65.4,775.25
JP Nagar,2227,4,4,1,6,26.93,11.97,1,63.9,357.91
Electronic City,542,2,1,3,19,5.84,3.13,0,76.8,261.11
Indiranagar,658,2,3,1,23,4.9,1.26,1,56.8,369.72
JP Nagar,555,1,1,0,17,6.67,13.84,1,68.0,291.76
Marathahalli,663,2,3,3,8,9.41,6.45,2,79.8,314.97
Whitefield,450,1,2,0,5,6.9,6.87,0,81.6,293.15
JP Nagar,1735,4,3,1,18,15.17,1.75,4,95.0,405.98
Sarjapur Road,803,1,1,3,13,7.48,13.61,0,64.1,397.64
Whitefield,4028,6,5,3,26,0.54,,4,42.5,669.34
Bellandur,1569,4,3,2,20,19.5,14.0,1,91.1,397.67
Bellandur,1924,5,4,2,3,7.35,8.7,0,97.8,455.64
Indiranagar,450,1,1,3,13,22.58,14.48,1,96.1,257.49
Koramangala,866,3,4,3,18,28.24,9.86,2,64.0,449.36
Indiranagar,544,1,1,1,14,19.3,11.37,1,87.5,380.21
Koramangala,450,1,2,1,4,27.98,11.35,4,44.0,172.55
Indiranagar,1750,3,4,3,24,9.33,12.9,0,38.4,544.89
Hebbal,1251,2,3,3,26,9.63,,0,98.5,525.97
Jayanagar,450,1,1,2,29,21.85,14.43,1,95.5,328.24
JP Nagar,2812,4,4,0,2,9.0,0.4,2,64.5,565.51
Sarjapur Road,1792,4,5,0,29,12.23,10.49,0,81.0,481.68
Bellandur,791,1,1,3,6,6.05,0.52,2,65.9,357.03
HSR Layout,1723,4,3,3,34,20.74,14.65,1,64.2,445.72
Jayanagar,1332,2,2,3,20,17.13,1.32,1,48.4,369.47
Bellandur,806,1,1,2,5,22.93,13.5,1,85.8,357.57
Bellandur,747,2,2,2,26,1.59,6.69,1,96.2,427.48
JP Nagar,1900,4,3,0,11,24.04,5.54,2,56.7,441.59
Koramangala,1481,4,4,3,2,12.98,11.49,1,49.1,518.98
Marathahalli,452,1,1,2,2,3.29,0.8,0,64.9,316.9
Koramangala,1972,3,2,1,31,18.04,5.56,0,48.4,632.49
Marathahalli,529,3,2,2,17,9.4,13.93,0,44.3,155.73
Electronic City,846,1,1,0,4,15.81,13.96,1,84.3,262.49
Hebbal,2075,4,4,2,26,4.54,12.35,3,76.8,431.84
Sarjapur Road,1083,1,2,2,34,18.12,,0,44.1,200.05
Marathahalli,2147,3,4,1,26,7.17,4.54,1,56.8,320.38
Sarjapur Road,4160,4,4,3,9,14.2,11.71,0,42.1,635.21
Koramangala,750,2,1,2,8,8.42,5.63,2,88.5,456.32
JP Nagar,1790,2,3,2,13,25.59,5.78,0,65.6,320.34
Electronic City,2118,4,3,1,16,4.99,0.78,1,79.7,376.95
Whitefield,2705,3,3,0,8,17.17,2.69,1,91.0,381.36
Marathahalli,1310,3,3,1,6,18.98,6.99,0,74.2,405.57
Sarjapur Road,670,1,1,1,28,26.96,10.61,1,58.4,251.33
Sarjapur Road,450,1,2,2,4,17.82,7.23,1,77.4,225.93
Bellandur,1939,2,2,3,1,10.51,5.33,2,44.4,491.02
Bellandur,2329,3,2,1,28,12.72,1.42,4,50.4,407.32
JP Nagar,2286,4,4,3,9,9.26,14.97,2,95.7,594.4
Indiranagar,1846,2,3,3,15,18.25,9.14,0,90.8,483.86
Koramangala,610,1,2,3,2,29.94,14.55,2,58.0,388.35
Indiranagar,2231,4,5,3,15,12.95,10.03,3,68.5,477.97
JP Nagar,450,1,2,3,12,22.89,4.4,1,59.2,303.5
HSR Layout,1990,4,3,0,28,22.96,2.67,2,99.9,503.32
Bellandur,603,1,1,1,12,20.25,1.27,1,79.3,321.31
Jayanagar,579,1,2,3,25,15.64,2.78,4,59.3,399.97
Whitefield,477,2,3,3,28,13.74,9.99,2,38.2,294.56
Yelahanka,450,2,2,2,0,12.92,14.29,0,92.1,237.02
Koramangala,2173,3,4,1,0,23.54,0.36,2,75.7,616.41
Indiranagar,498,3,3,0,24,12.99,14.04,0,36.7,405.13
HSR Layout,1476,4,3,3,23,22.16,9.22,2,97.4,359.05
Hebbal,3204,6,5,1,25,21.68,,0,70.1,648.43
Jayanagar,573,2,1,3,17,18.02,,0,35.5,304.54
Hebbal,1822,3,2,2,26,20.03,0.79,0,93.3,507.7
HSR Layout,576,1,2,1,26,10.94,13.73,1,35.3,411.69
Yelahanka,837,3,4,2,30,15.35,,2,97.7,207.7
Whitefield,639,2,3,1,4,15.04,0.38,1,76.2,307.24
JP Nagar,745,2,2,0,14,7.91,2.22,2,36.2,341.53
HSR Layout,1806,4,4,0,29,27.39,5.57,0,48.2,432.99
Sarjapur Road,1283,2,3,2,20,9.7,4.98,1,37.1,471.44
Hebbal,487,1,2,3,22,29.19,12.4,1,54.4,233.87
Whitefield,516,1,2,2,30,0.68,14.04,0,72.0,342.58
Marathahalli,2901,5,6,1,33,28.92,9.34,1,69.5,416.85
Koramangala,450,1,1,2,4,27.64,14.02,2,58.3,158.77
Electronic City,3140,5,5,0,12,19.47,1.96,0,72.1,399.05
Indiranagar,718,2,2,3,15,7.15,1.03,1,41.3,353.54
Electronic City,1240,1,1,1,19,22.93,3.42,1,51.4,126.33
JP Nagar,1386,2,1,0,33,13.22,14.38,1,36.1,316.03
HSR Layout,878,2,1,3,31,1.58,1.65,3,84.2,277.61
JP Nagar,1733,5,4,3,19,2.55,,1,64.3,438.65
Sarjapur Road,1025,2,1,1,1,12.53,9.73,0,96.0,389.63
Hebbal,679,1,2,0,10,8.56,4.93,2,91.8,377.72
Hebbal,716,1,2,2,9,24.49,10.72,1,41.2,252.35
JP Nagar,971,1,1,0,18,20.74,10.37,1,81.5,284.73
Electronic City,3376,6,6,3,4,29.09,11.43,2,38.4,443.64
Indiranagar,1214,2,2,3,26,8.0,6.71,1,99.9,431.34
Indiranagar,806,1,2,3,0,23.57,10.16,4,46.7,397.66
Hebbal,540,1,2,3,6,2.75,11.7,1,58.1,259.33
Koramangala,1168,1,2,3,2,24.92,7.78,2,61.4,379.26
Hebbal,844,1,1,0,17,6.59,5.6,1,69.4,290.39
HSR Layout,450,1,1,3,19,25.6,,1,64.9,122.07
Bellandur,1678,3,4,2,29,12.77,9.28,1,94.8,421.34
Koramangala,1988,5,4,3,22,29.25,14.96,3,93.5,577.6
HSR Layout,1697,4,5,3,18,29.17,10.21,1,42.6,481.48
Jayanagar,3949,5,4,1,18,29.11,3.46,1,50.4,636.63
Hebbal,1568,2,3,1,16,4.28,13.44,1,38.5,302.97
HSR Layout,985,3,3,2,21,15.03,6.62,2,36.5,431.97
Hebbal,1724,3,4,1,34,20.13,0.98,0,70.1,397.09
Sarjapur Road,2064,4,5,1,28,11.51,7.75,1,35.2,548.51
Jayanagar,1136,1,1,3,4,27.61,13.74,0,91.1,377.41
Koramangala,1434,2,2,3,9,21.08,2.78,1,35.7,415.03
Yelahanka,1119,3,4,2,9,7.16,10.48,1,40.2,302.87
HSR Layout,2951,3,3,0,24,18.43,,2,83.4,485.51
Hebbal,2768,5,4,3,28,4.16,10.69,2,78.2,574.33
Whitefield,1040,2,1,0,11,27.18,2.58,1,35.5,380.11
Whitefield,725,1,1,2,7,20.15,4.75,4,89.6,314.32
Hebbal,1134,2,3,1,9,16.83,9.29,0,60.6,313.41
JP Nagar,450,1,1,1,27,2.94,5.9,3,74.7,310.41
Sarjapur Road,1995,3,4,1,28,17.83,,0,51.2,628.67
JP Nagar,2151,4,3,3,27,27.8,9.4,2,39.3,362.6
Sarjapur Road,619,1,2,2,23,1.11,1.13,0,68.2,313.76
Whitefield,2096,4,4,3,23,22.14,3.61,2,91.0,423.17
Marathahalli,1045,1,1,3,32,20.0,14.61,0,86.7,271.04
Yelahanka,4111,6,5,3,8,10.91,1.4,2,64.9,523.85
Electronic City,5580,6,5,0,22,25.94,11.65,2,60.4,507.77
JP Nagar,1044,2,1,1,32,18.08,9.58,1,97.1,524.11
HSR Layout,450,1,2,2,29,16.89,6.54,1,78.5,331.88
Electronic City,2770,5,6,3,24,22.88,5.98,2,91.4,477.55
Indiranagar,3823,6,6,1,33,8.55,0.23,0,54.7,788.08
HSR Layout,2004,4,4,2,10,4.78,7.29,0,84.3,657.07
HSR Layout,1233,3,4,2,11,28.76,,1,40.8,400.95
HSR Layout,2503,5,5,1,10,12.68,8.41,2,58.1,429.99
Yelahanka,576,1,1,3,25,20.47,8.47,1,81.1,184.17
Marathahalli,2461,4,3,3,4,17.66,5.85,2,64.1,472.57
Electronic City,759,1,1,1,20,15.78,7.15,2,53.5,181.94
Hebbal,1062,1,2,1,8,29.99,4.1,0,78.9,275.14
Marathahalli,2796,6,6,0,34,26.2,12.93,2,73.8,435.32
HSR Layout,2738,5,6,1,7,3.57,7.29,2,98.3,613.35
Marathahalli,1091,2,1,1,11,22.34,12.04,0,39.4,386.77
Jayanagar,793,2,2,3,5,1.35,4.64,2,85.8,277.38
Marathahalli,1315,3,4,3,5,24.83,8.83,2,59.2,308.06
JP Nagar,674,1,1,2,13,8.41,1.79,1,78.5,342.13
Whitefield,2640,5,5,1,23,13.54,11.87,1,98.7,518.65
Bellandur,776,1,1,3,33,2.73,12.63,1,97.8,288.16
Jayanagar,623,1,1,3,11,22.24,,0,49.6,362.56
Indiranagar,2122,4,4,1,21,27.72,8.38,0,52.5,528.74
Yelahanka,1514,2,3,2,15,16.3,5.25,0,99.4,365.9
Marathahalli,810,2,2,2,24,15.7,4.25,0,45.3,350.7
Koramangala,846,2,3,3,1,20.19,14.08,1,86.0,324.37
Jayanagar,1043,2,2,0,27,16.08,5.0,4,63.8,314.03
Bellandur,667,2,1,3,12,21.51,0.82,1,96.8,272.08
Marathahalli,1345,2,3,0,12,28.84,7.69,1,98.4,432.99
Jayanagar,1053,3,3,1,11,24.39,,2,46.7,465.83
Yelahanka,450,2,3,3,22,24.55,9.07,1,49.8,231.15
Koramangala,916,3,2,0,15,16.91,4.45,2,61.5,480.79
HSR Layout,3035,6,7,1,17,18.77,3.92,3,51.1,487.89
Bellandur,656,1,1,2,25,26.69,12.34,1,69.7,223.25
Sarjapur Road,817,2,1,3,34,6.15,3.97,1,70.0,361.2
Indiranagar,925,2,3,2,30,19.32,,1,38.1,344.64
Jayanagar,1119,2,1,0,30,19.22,0.22,2,41.1,308.66
JP Nagar,489,1,2,3,5,24.45,9.56,0,35.6,299.14
Electronic City,720,3,4,3,21,29.35,8.16,2,40.5,270.87
Electronic City,1059,3,4,1,30,15.62,3.04,1,77.5,390.04
Indiranagar,1796,2,2,0,6,23.41,0.52,1,100.0,500.69
Electronic City,1665,1,2,2,10,7.69,7.26,0,82.6,292.61
Sarjapur Road,1406,1,2,1,9,10.07,6.75,1,62.9,266.22
Whitefield,1411,3,2,2,23,26.07,8.62,0,80.0,294.1
Indiranagar,638,1,1,3,11,15.83,10.36,3,92.0,392.52
Bellandur,450,1,2,2,21,28.29,10.18,1,50.8,232.32
HSR Layout,479,1,2,3,4,14.71,7.37,3,45.7,276.66
Marathahalli,1511,3,2,2,1,6.86,8.36,0,67.6,351.12
Marathahalli,1633,3,4,2,0,21.1,0.72,3,72.9,347.81
Bellandur,635,1,1,1,31,18.65,11.57,0,36.9,309.94
Yelahanka,3560,6,7,2,2,1.31,3.57,0,81.2,461.95
Yelahanka,3482,6,6,3,3,11.8,7.94,0,93.3,433.09
Jayanagar,684,2,1,1,20,26.67,8.92,2,72.0,339.34
JP Nagar,1274,3,2,3,25,9.44,6.65,4,77.6,493.03
Indiranagar,2415,4,3,3,31,13.84,9.82,1,57.7,619.06
JP Nagar,3163,4,3,2,17,5.04,9.28,2,89.5,478.44
Bellandur,1391,3,3,3,31,20.41,5.75,1,47.3,278.76
Yelahanka,876,2,3,0,31,27.98,0.75,0,78.9,189.31
JP Nagar,1754,2,3,0,21,2.59,,0,84.7,559.39
Hebbal,1672,3,3,1,4,22.82,11.08,0,47.0,431.44
Yelahanka,3679,6,5,0,0,29.53,7.28,1,39.7,449.7
JP Nagar,1979,3,2,3,21,17.44,7.68,0,48.9,347.24
Electronic City,1660,4,3,3,21,25.05,5.47,4,65.9,430.4
Sarjapur Road,1172,2,2,1,34,27.64,0.56,2,56.7,363.56
Electronic City,1702,2,3,2,5,18.38,,2,42.3,354.08
Sarjapur Road,450,1,1,1,5,16.12,3.14,1,50.7,180.64
Sarjapur Road,1426,3,2,3,32,2.62,13.91,0,72.7,360.85
Electronic City,1826,3,4,1,31,14.65,14.07,1,77.8,401.39
Jayanagar,450,1,1,0,17,3.43,12.24,2,96.8,338.08
Jayanagar,606,1,1,1,3,5.6,13.53,2,48.9,269.37
Marathahalli,450,1,1,3,20,12.67,1.3,2,52.6,282.09
Marathahalli,1699,2,3,2,20,18.24,11.09,2,69.3,452.93
Koramangala,2045,1,2,0,28,25.08,8.54,1,97.9,516.2
Marathahalli,476,3,4,3,9,25.16,6.11,2,49.4,353.52
Whitefield,985,2,1,0,16,16.1,1.6,2,63.3,443.61
HSR Layout,626,1,1,2,1,28.19,6.13,2,78.2,341.28
JP Nagar,1717,2,1,1,34,0.8,14.72,0,54.9,339.83
Electronic City,640,1,2,0,23,29.79,14.3,2,66.6,283.86
Koramangala,672,2,2,1,8,28.92,9.6,1,76.7,321.14
Whitefield,1573,3,3,0,8,12.04,,4,40.9,296.77
Jayanagar,5443,6,6,2,7,14.07,12.56,0,43.7,740.62
Jayanagar,707,3,3,1,12,26.28,6.98,2,84.9,308.33
Hebbal,772,1,1,0,11,10.2,12.93,2,90.6,220.72
Koramangala,987,1,1,3,21,4.09,10.98,1,89.7,364.96
Marathahalli,1756,3,3,0,2,3.82,14.47,0,89.2,436.11
Koramangala,1355,2,2,3,10,7.09,7.54,2,83.8,646.36
Indiranagar,789,1,1,1,1,13.39,6.18,2,71.7,410.0
Indiranagar,891,3,3,3,9,9.38,13.65,1,47.9,426.29
HSR Layout,838,2,3,1,6,23.95,5.5,2,55.6,393.45
HSR Layout,587,2,1,2,22,1.52,8.64,0,94.6,392.61
Indiranagar,2296,4,3,0,27,4.19,4.67,1,37.1,524.98
HSR Layout,943,4,3,2,20,29.7,,1,68.7,519.76
Whitefield,1677,2,2,0,27,7.08,13.12,2,49.3,386.76
Marathahalli,802,2,3,2,27,18.85,7.82,2,37.0,336.11
JP Nagar,1286,3,3,1,6,28.26,9.73,2,60.2,421.41
Hebbal,2406,4,4,0,20,1.0,2.19,0,38.7,430.66
Hebbal,3144,4,4,1,28,11.54,8.58,0,51.6,512.27
HSR Layout,2249,3,2,1,20,24.94,1.63,1,88.8,448.3
JP Nagar,667,1,2,2,8,27.02,12.81,1,54.4,246.57
Yelahanka,463,1,1,1,5,13.27,7.85,0,84.5,190.52
Marathahalli,1179,1,1,1,34,16.7,12.16,1,85.0,250.0
Marathahalli,1661,4,5,0,2,15.08,4.71,0,96.2,377.88
Yelahanka,3655,6,5,3,0,29.57,5.2,3,56.3,436.39
HSR Layout,1137,1,2,3,8,14.03,13.69,2,86.2,370.61
Electronic City,2017,2,1,2,30,9.31,7.69,1,80.2,370.51
JP Nagar,1444,5,5,2,26,12.36,11.25,1,39.4,374.78
Sarjapur Road,544,1,2,0,34,25.7,2.5,4,37.4,78.18
HSR Layout,1828,4,3,1,22,3.89,10.46,1,42.1,440.78
JP Nagar,1104,4,5,2,18,26.81,,1,74.4,449.19
HSR Layout,2110,2,1,2,0,5.02,,1,86.7,526.76
Indiranagar,493,1,1,2,1,29.4,11.36,0,42.0,409.48
Jayanagar,2046,3,4,0,19,9.39,7.31,1,45.1,405.48
Hebbal,1110,2,2,1,22,23.57,0.55,3,85.8,342.64
Marathahalli,862,2,2,3,19,20.73,8.74,2,48.5,331.65
Electronic City,3341,6,6,3,25,4.6,10.04,1,81.0,634.43
Whitefield,2051,6,6,3,20,28.26,11.4,0,83.2,433.92
Jayanagar,2025,4,5,2,9,22.17,4.64,0,60.2,584.48
Bellandur,1099,2,1,2,32,1.03,1.91,0,46.5,360.74
Jayanagar,564,1,1,3,15,27.54,13.71,4,83.2,347.24
Bellandur,521,3,2,3,10,24.61,8.41,1,67.8,284.19
Electronic City,970,2,1,1,31,18.84,3.07,2,75.8,245.89
Whitefield,486,1,2,1,10,8.07,10.28,0,59.3,345.86
Electronic City,882,1,2,1,15,16.64,,2,56.9,266.54
Koramangala,1166,3,4,0,27,15.25,12.55,0,97.1,393.1
Sarjapur Road,956,1,2,3,18,21.35,2.47,0,70.4,290.16
Whitefield,1365,4,3,1,20,18.01,14.85,0,67.9,457.81
Hebbal,450,1,1,2,19,11.38,4.17,0,96.3,238.4
Yelahanka,2008,3,3,2,5,27.27,,2,59.2,401.62
Hebbal,1110,2,3,0,18,28.83,7.29,3,70.6,293.36
HSR Layout,1741,2,3,0,14,22.24,8.83,3,41.4,525.36
Marathahalli,944,3,3,3,13,25.66,1.41,2,73.5,217.8
Electronic City,1094,2,2,3,32,7.52,6.52,1,93.1,370.62
Bellandur,583,2,1,2,25,1.6,13.73,0,91.4,240.49
Electronic City,1403,3,3,0,15,28.75,14.45,2,64.9,287.04
Marathahalli,754,1,1,2,11,2.83,6.18,0,36.3,319.15
Marathahalli,1414,4,3,1,19,15.76,10.78,2,91.6,337.78
Bellandur,2100,3,4,2,13,18.21,12.9,0,75.8,436.07
Yelahanka,1334,3,2,2,24,11.66,10.08,4,55.7,223.3
HSR Layout,4296,6,7,1,17,28.5,6.17,1,39.6,738.96
Sarjapur Road,1578,3,2,1,17,28.67,6.75,2,36.9,444.7
Jayanagar,1161,2,2,0,27,5.14,,0,93.3,404.04
HSR Layout,1368,1,1,1,3,15.66,10.34,4,35.6,454.4
Sarjapur Road,1344,3,4,1,27,14.37,9.43,1,36.4,388.09
Indiranagar,1817,2,2,1,28,16.59,2.12,1,47.5,575.96
HSR Layout,820,1,1,2,9,26.67,9.12,1,60.3,377.95
Sarjapur Road,1505,3,2,0,10,22.24,,1,72.3,313.7
Marathahalli,657,1,1,2,23,20.72,13.59,2,91.0,246.05
Sarjapur Road,1319,4,4,2,29,1.31,11.96,0,88.1,327.38
Electronic City,1844,2,2,1,17,3.13,6.19,0,56.2,368.38
Hebbal,2127,4,4,0,2,2.57,5.26,1,66.1,565.64
Electronic City,945,1,1,0,12,2.68,13.66,2,84.9,283.87
Indiranagar,2631,5,4,3,2,9.49,7.67,1,65.6,639.51
Hebbal,1044,3,3,1,23,14.28,5.88,0,85.3,411.6
HSR Layout,551,2,3,2,3,23.29,12.76,0,62.0,359.31
Electronic City,1296,2,1,0,2,3.55,14.06,0,53.8,295.16
Jayanagar,1932,3,3,1,13,11.9,,1,99.7,499.08
Sarjapur Road,762,1,1,2,32,28.47,,3,89.4,229.95
Marathahalli,494,2,3,1,24,5.56,11.6,2,65.8,227.79
Electronic City,1201,2,1,0,23,1.42,4.74,1,99.0,239.15
JP Nagar,1122,2,3,1,22,25.8,11.81,2,71.6,233.66
Bellandur,719,2,3,3,33,19.09,13.69,1,76.3,358.64
Whitefield,2855,6,7,3,27,29.6,13.21,0,52.7,657.93
Yelahanka,2041,2,2,2,21,1.34,8.96,0,72.5,456.51
Jayanagar,2309,3,2,0,15,13.41,6.46,0,51.5,449.93
Bellandur,519,1,1,3,12,2.35,14.5,0,76.9,361.11
Hebbal,998,1,1,3,20,25.46,8.58,2,68.8,372.01
HSR Layout,877,1,1,2,27,22.31,10.63,2,56.4,333.75
Koramangala,940,1,2,3,12,7.95,10.89,1,55.8,384.74
Electronic City,2332,4,4,2,30,18.5,8.55,0,67.5,263.89
Koramangala,830,1,2,0,10,21.15,4.87,1,71.6,438.65
Indiranagar,791,1,2,0,27,15.16,4.41,3,70.1,500.47
Sarjapur Road,2347,4,3,3,32,12.2,5.74,2,35.8,450.17
Jayanagar,3863,6,6,0,28,13.9,1.05,1,87.3,633.1
Bellandur,2800,4,3,3,18,15.9,14.21,0,70.8,596.27
Koramangala,668,2,1,2,22,18.08,6.38,1,48.3,248.86
Koramangala,450,1,1,2,29,15.31,11.9,0,93.9,202.64
Indiranagar,726,1,1,3,28,18.38,14.31,0,60.5,246.91
Marathahalli,1103,2,1,2,33,19.17,4.87,0,36.4,290.13
Koramangala,1480,2,3,0,33,8.59,7.94,4,42.1,602.1
HSR Layout,864,1,1,3,3,2.04,8.93,1,83.8,301.3
HSR Layout,2527,4,3,3,25,18.29,4.52,0,35.5,488.83
HSR Layout,1745,2,3,2,16,29.72,4.57,0,78.6,451.3
Jayanagar,1210,2,2,3,33,24.29,12.28,0,84.9,398.42
Marathahalli,479,1,1,0,17,4.05,7.38,3,61.6,269.75
Whitefield,2549,3,4,0,20,22.2,,4,71.8,598.61
Hebbal,1166,2,2,0,6,9.01,2.1,0,81.3,497.27
Whitefield,450,1,1,0,27,1.19,8.93,0,38.3,231.84
HSR Layout,2665,4,4,0,28,13.06,5.28,3,95.9,596.37
Koramangala,4113,5,5,0,19,16.95,12.61,2,39.9,718.24
Electronic City,1037,1,2,2,12,5.12,3.83,0,52.9,314.26
Sarjapur Road,618,1,1,2,10,20.19,8.05,2,47.5,202.02
Whitefield,2475,6,5,3,32,25.28,5.98,0,70.3,525.04
Koramangala,3042,4,5,3,5,3.91,4.51,1,62.3,727.9
Jayanagar,1902,3,4,1,22,29.92,6.17,2,79.3,453.91
Hebbal,450,1,1,0,10,14.07,10.12,2,61.0,294.28
JP Nagar,791,3,3,0,21,11.13,5.35,0,93.1,360.58
Hebbal,666,3,2,3,15,2.76,10.03,2,49.0,409.47
Koramangala,1733,3,2,0,14,18.52,6.62,4,93.0,467.4
Jayanagar,3124,6,5,1,2,15.9,4.67,1,65.0,513.24
Whitefield,1209,2,1,3,17,28.91,2.23,1,47.1,363.34
Yelahanka,1085,2,3,1,32,12.9,0.79,1,50.3,273.07
Jayanagar,459,1,1,2,32,4.57,11.78,1,81.4,276.6
Electronic City,505,1,1,2,18,26.58,,1,80.6,35.81
Bellandur,1203,2,1,2,24,10.8,14.75,0,59.8,381.52
Sarjapur Road,3045,5,6,1,26,21.34,,1,57.1,492.44
Hebbal,871,1,1,0,2,18.63,4.63,1,79.8,319.83
Hebbal,823,1,1,3,30,24.86,12.68,0,74.4,446.06
HSR Layout,590,2,3,2,30,2.44,11.98,1,51.7,314.19
Yelahanka,525,2,2,0,20,23.12,12.48,0,55.4,134.85
Yelahanka,2233,6,7,0,1,11.9,12.9,0,85.8,412.1
Jayanagar,1018,2,3,3,26,28.35,14.78,1,47.6,366.57
Indiranagar,2046,3,3,3,20,1.18,1.46,2,43.5,495.07
Koramangala,450,1,2,0,11,3.21,3.64,0,97.5,333.76
Electronic City,950,1,2,1,22,19.25,2.71,0,50.3,310.68
Hebbal,3190,6,5,1,12,5.1,12.86,1,75.1,614.65
Sarjapur Road,564,1,2,2,12,18.25,2.68,1,61.1,292.8
Yelahanka,616,1,2,3,7,9.78,2.76,0,55.5,193.99
Whitefield,1105,2,3,0,34,29.23,6.81,1,42.2,336.98
JP Nagar,1193,1,1,0,4,6.08,,0,44.2,388.23
Bellandur,1447,4,5,0,26,14.9,7.75,1,51.9,420.61
Hebbal,1111,1,1,1,0,15.74,11.99,1,97.4,476.32
Bellandur,1246,3,3,3,16,17.03,4.07,1,65.5,468.79
Marathahalli,1206,4,5,1,19,10.36,10.34,0,64.7,330.04
HSR Layout,661,1,1,3,2,13.49,6.76,2,89.0,327.91
Hebbal,898,1,1,0,7,16.7,,3,91.2,293.47
Jayanagar,502,1,1,1,10,14.96,1.92,1,81.1,288.92
Koramangala,1355,2,3,2,15,3.65,5.02,1,50.0,482.18
Indiranagar,675,2,1,2,21,20.33,1.76,2,77.6,381.67
HSR Layout,1704,3,4,2,13,0.99,14.82,1,43.1,322.31
Bellandur,1686,2,3,1,9,18.2,6.19,3,47.8,440.15
Jayanagar,450,2,1,1,27,2.2,6.26,3,53.6,352.51
Whitefield,2064,3,3,0,12,17.28,7.01,1,90.9,509.03
Indiranagar,1867,3,3,0,22,18.66,0.32,1,75.1,660.21
Whitefield,1287,3,4,1,34,13.32,,1,87.3,311.61
Marathahalli,450,2,2,3,6,21.58,4.7,2,99.1,131.59
Bellandur,450,1,2,3,28,3.38,,2,94.4,290.43
JP Nagar,2012,4,4,1,10,15.14,11.84,0,56.9,535.97
Electronic City,859,1,1,1,4,16.91,12.72,0,37.2,240.56
Indiranagar,1450,3,2,2,4,13.7,12.69,0,58.5,489.99
Bellandur,450,1,1,2,10,6.82,12.42,0,76.6,197.46
Jayanagar,1637,3,4,2,34,8.62,2.94,2,64.4,571.2
Sarjapur Road,743,2,2,2,27,27.48,1.79,3,62.4,142.4
Sarjapur Road,729,2,3,2,34,26.25,5.48,0,43.1,223.75
Marathahalli,2262,3,2,1,3,27.72,,1,60.3,426.34
Koramangala,948,1,2,1,0,9.72,6.91,4,84.8,316.9
Electronic City,1511,2,3,0,7,10.85,5.86,1,80.2,370.96
Koramangala,688,1,2,0,23,5.91,1.82,2,37.2,409.69
Electronic City,4251,6,6,2,14,6.03,9.9,3,46.3,645.29
JP Nagar,708,1,1,2,6,21.62,6.22,1,55.8,270.5
Hebbal,2005,3,4,1,14,25.6,2.89,2,56.1,548.67
Marathahalli,851,2,1,2,22,4.53,4.74,0,45.4,376.57
HSR Layout,1321,2,1,0,8,18.07,10.79,0,64.1,379.05
Bellandur,1053,1,2,1,4,13.74,9.28,3,46.1,294.84
JP Nagar,1014,2,2,1,30,23.68,13.05,2,63.9,369.16
Yelahanka,980,2,1,2,2,21.86,9.2,1,37.9,230.11
Yelahanka,665,2,1,3,29,14.43,7.88,1,81.5,220.17
Electronic City,1544,3,4,0,26,19.33,,1,38.7,297.05
JP Nagar,1387,5,6,2,0,19.16,12.09,4,97.2,536.43
Koramangala,1151,2,1,3,3,1.2,12.42,0,92.1,601.35
Yelahanka,2825,3,4,3,11,18.35,0.66,0,39.9,440.89
Whitefield,2057,3,2,0,4,22.2,0.46,1,99.8,535.55
Whitefield,760,2,3,2,22,1.69,8.48,1,55.5,408.87
Marathahalli,1301,2,3,3,2,21.93,5.48,1,77.7,339.18
HSR Layout,2376,4,3,0,8,16.5,9.21,1,70.8,510.2
Jayanagar,1104,1,1,1,33,9.22,8.84,0,49.0,441.23
Koramangala,1212,2,3,2,19,7.13,1.13,0,48.7,438.52
Whitefield,924,2,2,1,31,14.69,1.7,1,77.4,294.95
JP Nagar,880,3,4,0,4,26.31,1.36,2,61.8,291.37
HSR Layout,2110,3,4,1,23,12.6,4.96,0,94.7,553.38
HSR Layout,1384,4,5,3,26,7.76,2.39,0,68.8,475.21
JP Nagar,1810,3,4,1,5,14.35,,2,46.4,506.9
Jayanagar,1332,2,2,1,32,3.8,0.54,1,99.4,504.32
Bellandur,887,2,3,2,17,26.02,,1,95.5,453.62
Whitefield,603,1,1,3,31,3.67,1.03,3,40.8,221.33
Bellandur,959,1,2,2,10,3.92,2.25,1,57.7,437.38
JP Nagar,1724,2,3,2,27,21.28,7.57,2,59.2,401.91
Jayanagar,1596,2,2,3,11,22.44,,1,93.7,404.08
Hebbal,450,1,1,0,7,5.76,13.33,3,69.8,254.28
Yelahanka,3877,6,6,1,11,19.73,8.7,0,57.2,436.58
Yelahanka,792,2,3,1,32,22.84,2.5,0,99.6,169.78
Indiranagar,1131,1,1,3,30,27.66,7.13,1,50.4,229.29
JP Nagar,1377,1,1,1,7,1.12,8.38,4,85.2,371.09
Hebbal,3547,6,6,2,12,22.26,9.55,0,95.8,682.63
Bellandur,696,2,1,1,6,11.94,5.95,1,78.9,305.92
Bellandur,707,1,2,0,6,29.82,7.45,2,46.6,432.42
Marathahalli,632,1,1,3,7,6.51,0.94,0,90.9,197.96
Yelahanka,1388,1,2,3,8,12.32,5.2,3,86.8,347.42
Koramangala,1727,2,2,0,4,17.39,9.8,2,49.4,569.78
Bellandur,1342,2,3,3,6,9.2,,1,49.7,386.75
Whitefield,3989,6,5,2,7,11.83,,0,76.9,627.71
Bellandur,963,2,2,1,17,28.41,5.63,1,37.7,222.03
Yelahanka,1378,3,2,0,5,13.21,5.22,1,40.8,303.55
Hebbal,450,1,1,1,30,22.05,3.78,1,45.5,355.06
Marathahalli,450,2,3,2,32,21.22,3.38,0,63.2,192.7
Whitefield,1684,3,4,2,15,21.11,,1,96.1,507.6
Bellandur,1687,3,3,1,1,7.33,3.54,0,39.4,479.03
Marathahalli,566,1,1,0,30,12.15,,1,43.8,245.03
Jayanagar,1151,1,1,1,27,16.57,6.26,1,37.4,269.01
Sarjapur Road,1776,3,4,1,3,11.15,,4,54.7,394.1
Hebbal,981,2,1,1,15,28.66,4.18,1,53.3,320.74
Whitefield,704,1,1,0,25,10.41,0.52,3,99.3,266.97
Electronic City,1144,1,2,3,0,6.77,1.77,2,79.5,280.56
HSR Layout,4386,6,6,2,19,9.76,12.83,2,89.4,688.96
Electronic City,2031,3,2,1,8,1.98,9.02,1,38.7,474.27
Indiranagar,902,2,2,0,25,11.79,6.08,2,58.2,310.28
Electronic City,2147,2,3,3,13,9.26,8.09,2,44.0,318.77
Yelahanka,1431,2,1,1,1,18.08,2.81,4,67.9,278.59
Jayanagar,1261,2,1,2,16,29.47,5.79,2,55.7,274.67
Electronic City,1494,3,4,3,33,18.39,12.83,0,80.8,322.77
Bellandur,1499,5,4,2,25,15.21,4.3,0,68.1,386.69
Hebbal,511,1,1,2,15,28.65,14.5,2,64.1,167.28
JP Nagar,1421,3,2,0,3,22.01,4.1,3,57.3,346.59
JP Nagar,957,3,2,2,17,27.9,2.71,1,99.5,196.46
Jayanagar,1163,1,1,1,6,28.55,12.12,0,44.7,347.33
Jayanagar,655,1,1,1,5,1.66,8.98,2,82.0,248.13
Sarjapur Road,1546,3,2,2,22,9.82,10.23,2,68.1,497.37
Whitefield,1367,1,2,2,34,16.22,0.65,1,91.3,344.92
JP Nagar,1178,2,2,2,12,11.74,2.15,0,79.0,378.75
Sarjapur Road,1427,2,2,2,16,25.54,4.76,2,41.6,408.66
Hebbal,1512,1,1,0,23,3.42,5.79,4,56.0,307.24
Indiranagar,2186,5,5,2,29,13.47,,0,85.1,564.05
Whitefield,470,1,2,0,16,17.4,11.53,2,36.7,327.21
HSR Layout,3570,6,5,2,9,1.74,10.13,3,88.4,700.26
HSR Layout,1253,3,4,3,3,29.6,2.79,0,66.6,420.16
Bellandur,936,1,1,0,11,3.2,8.62,4,70.8,310.13
JP Nagar,2145,5,6,1,14,5.88,10.48,4,49.7,377.83
Marathahalli,1154,2,2,0,24,17.21,5.4,0,49.7,343.53
Jayanagar,3533,6,6,1,8,19.18,14.21,0,86.0,727.91
Yelahanka,1373,1,2,0,11,12.12,11.57,1,92.7,269.28
Hebbal,2267,5,4,2,11,13.52,1.74,4,64.0,435.5
JP Nagar,1231,1,2,3,9,12.31,13.72,4,41.0,304.95
JP Nagar,966,2,3,1,29,11.24,2.84,1,90.6,308.33
Yelahanka,1887,3,3,1,26,9.18,13.69,1,82.2,332.49
Koramangala,3184,6,7,2,9,22.42,6.47,2,65.1,739.85
Marathahalli,2648,4,4,0,28,17.13,4.76,1,92.7,589.26
Indiranagar,1839,4,3,1,10,20.47,11.93,1,79.3,528.42
JP Nagar,2084,3,2,0,4,24.15,5.86,0,83.4,488.64
Koramangala,2342,6,6,2,0,27.94,10.06,0,89.9,602.02
Sarjapur Road,2351,4,4,1,24,26.42,14.13,1,56.3,506.2
Electronic City,2498,6,5,2,8,29.58,,0,95.6,361.92
Jayanagar,450,3,2,1,12,18.44,5.04,0,56.1,365.66
Whitefield,771,1,1,2,8,5.77,5.8,0,70.6,246.53
HSR Layout,2002,4,3,0,29,12.77,2.54,2,64.3,346.26
Electronic City,1932,3,3,2,19,5.26,8.08,3,83.4,385.95
Bellandur,450,1,2,1,29,19.37,4.33,1,79.4,308.42
Koramangala,1017,1,2,0,32,1.4,6.06,2,78.8,373.69
Koramangala,450,1,2,3,32,21.82,,0,59.6,256.23
Hebbal,523,2,1,0,17,10.76,10.22,1,93.0,227.16
Bellandur,1243,3,4,1,11,27.55,3.08,1,51.2,400.74
Sarjapur Road,794,2,2,2,10,8.02,3.37,1,46.2,318.57
Koramangala,873,1,2,3,23,9.7,1.02,1,80.5,437.53
Hebbal,905,1,1,0,2,3.06,7.11,0,52.3,313.91
Bellandur,1406,2,1,1,32,23.96,5.95,2,79.4,208.49
Marathahalli,2047,3,3,3,10,2.48,13.35,2,40.5,370.47
Koramangala,647,1,1,3,22,13.45,12.16,0,68.3,271.27
Bellandur,1072,2,2,1,8,1.91,6.96,1,42.1,386.63
Indiranagar,1452,5,6,3,11,12.59,4.07,2,82.1,423.05
JP Nagar,988,2,3,2,30,14.71,4.21,0,46.5,289.5
Koramangala,1935,3,2,1,31,16.79,10.43,0,70.5,553.71
Whitefield,1232,2,3,2,26,5.9,11.19,0,91.2,426.65
Jayanagar,2614,5,5,0,0,12.43,13.33,2,58.0,585.79
JP Nagar,600,2,2,2,18,2.07,1.22,0,97.7,271.06
Koramangala,6064,6,5,2,25,12.51,2.44,0,98.3,945.71
Whitefield,810,1,2,2,19,1.94,4.9,1,47.9,301.53
Bellandur,2984,5,4,1,14,1.74,12.0,1,36.9,507.16
Yelahanka,2519,2,2,3,22,1.25,7.04,2,47.0,411.59
Electronic City,3594,5,4,3,30,7.38,13.75,1,98.1,524.19
JP Nagar,2013,3,2,2,28,15.03,9.35,1,66.2,494.89
HSR Layout,761,2,1,0,15,2.17,2.88,0,68.9,396.58
Koramangala,450,1,1,3,3,2.56,9.75,2,95.4,376.17
Jayanagar,740,1,2,0,21,8.36,0.69,0,80.3,311.35
Whitefield,2420,4,5,1,0,22.57,14.84,1,46.0,553.86
Yelahanka,1399,3,2,2,20,6.25,2.29,4,58.8,377.1
Bellandur,616,2,3,3,29,16.24,2.25,2,49.5,336.81
Jayanagar,544,1,2,3,19,28.02,5.33,1,41.2,342.12
Jayanagar,563,1,1,2,29,23.0,8.58,0,67.5,327.84
Electronic City,880,1,1,3,19,22.89,1.21,2,92.7,272.55
Bellandur,1087,1,1,2,3,2.86,4.64,3,46.5,332.82
Koramangala,3245,6,6,0,10,24.1,10.96,1,80.6,733.05
Hebbal,1445,1,2,3,1,11.27,6.73,1,91.8,245.9
Indiranagar,818,1,1,1,13,10.06,6.71,2,63.8,444.28
Hebbal,1534,3,2,0,18,26.12,6.05,1,64.8,400.19
Marathahalli,715,1,1,1,1,16.07,11.77,0,47.0,203.31
Hebbal,3184,6,7,2,5,16.78,7.91,0,48.3,570.36
Hebbal,451,2,3,0,30,9.87,4.38,4,53.2,244.65
Indiranagar,1759,5,4,3,18,19.77,13.38,3,51.4,489.11
Koramangala,499,2,3,0,11,24.24,7.77,2,76.0,296.74
Electronic City,912,1,1,2,9,15.3,1.26,3,61.0,289.05
Hebbal,1824,3,3,3,12,9.83,,1,94.3,362.0
Koramangala,1602,4,3,1,8,12.09,12.63,1,58.3,608.33
Yelahanka,1045,1,1,0,23,14.96,13.51,1,43.9,219.36
Jayanagar,1279,3,3,1,8,9.21,1.36,2,95.6,505.98
Yelahanka,450,1,2,3,2,8.35,9.07,2,40.2,194.76
JP Nagar,451,1,1,3,20,28.78,10.77,3,85.4,280.08
JP Nagar,1711,5,4,1,16,9.59,8.01,0,55.7,454.22
Jayanagar,3819,6,6,3,26,28.41,1.43,4,44.4,675.75
Marathahalli,2061,5,6,0,1,16.18,11.65,1,57.9,377.04
JP Nagar,1414,3,4,1,32,4.09,6.6,0,72.6,347.8
Koramangala,2297,4,4,2,31,7.82,5.82,0,89.7,715.43
Yelahanka,1317,2,3,1,12,20.35,5.94,2,73.5,227.24
Marathahalli,2161,2,2,3,27,25.62,0.34,3,50.9,272.4
HSR Layout,1556,5,5,1,5,18.37,12.62,2,71.5,474.97
Bellandur,1298,3,4,0,29,1.4,9.82,2,90.9,423.82
JP Nagar,450,1,2,3,20,22.71,4.13,2,59.7,136.49
Marathahalli,1525,1,1,2,19,4.8,3.41,3,98.8,357.8
Bellandur,1516,2,2,3,31,2.56,2.55,0,48.2,280.92
Whitefield,1978,3,2,2,19,17.73,6.01,2,82.0,388.65
Hebbal,1106,2,1,0,25,19.75,2.23,1,57.5,320.06
Whitefield,1485,3,4,2,28,5.65,14.54,0,92.2,439.39
JP Nagar,863,1,2,1,14,28.32,14.43,1,82.7,311.58
Bellandur,3331,5,4,2,20,15.17,,1,65.3,600.89
Koramangala,862,2,1,1,28,19.38,5.94,2,54.7,326.89
Sarjapur Road,829,2,2,3,20,5.14,4.99,2,62.6,298.44
Bellandur,1238,2,3,3,18,4.86,10.47,3,70.6,261.5
Electronic City,450,1,2,3,20,22.29,11.25,2,84.0,181.42
Yelahanka,679,1,1,0,9,22.95,10.86,1,73.9,355.99
Sarjapur Road,450,2,2,1,14,27.19,4.19,2,42.9,294.41
Yelahanka,3517,5,6,2,2,25.35,9.16,1,69.1,688.52
Indiranagar,1566,1,2,0,26,15.74,13.98,0,73.8,463.35
Electronic City,846,1,2,2,4,2.85,4.33,1,78.1,337.96
Bellandur,636,1,1,0,24,12.85,1.39,1,86.9,316.48
JP Nagar,4633,6,5,1,20,23.12,9.2,1,69.3,646.83
Marathahalli,450,1,1,3,23,20.13,2.85,4,42.1,213.01
Sarjapur Road,1212,1,2,2,3,13.64,8.39,1,88.8,490.0
Marathahalli,2838,4,3,1,10,14.48,9.1,1,96.8,450.24
Jayanagar,798,1,1,2,5,3.66,6.33,2,74.1,423.18
Electronic City,629,1,1,1,12,13.25,6.01,1,74.9,262.09
Hebbal,510,4,5,3,20,0.93,10.42,2,46.0,331.37
Jayanagar,2064,5,5,1,13,15.5,12.59,4,38.2,511.73
Whitefield,756,2,3,3,29,3.26,6.78,0,92.2,329.55
Indiranagar,644,1,1,3,21,29.63,9.93,1,89.2,369.86
Yelahanka,450,2,3,3,12,15.7,13.7,0,92.8,145.93
JP Nagar,782,3,4,0,20,29.91,5.94,3,95.0,375.98
Koramangala,2011,4,5,3,26,17.97,9.06,3,48.2,614.02
Indiranagar,1793,3,4,3,9,8.38,5.45,2,84.3,496.03
Whitefield,1161,1,1,2,21,6.26,3.62,0,71.9,325.76
Sarjapur Road,824,1,1,1,31,16.35,3.08,1,91.8,266.19
HSR Layout,752,1,1,2,2,18.35,1.14,0,93.2,341.97
HSR Layout,456,1,2,3,17,28.8,2.19,1,39.4,307.55
JP Nagar,1518,3,4,2,6,12.29,12.27,3,37.7,354.45
Electronic City,1287,2,3,1,25,1.03,1.46,1,65.4,294.19
Bellandur,1129,1,1,3,24,15.99,9.45,1,80.6,237.99
Jayanagar,1459,1,1,2,33,19.77,8.72,1,64.9,439.28
Electronic City,1989,5,4,1,22,14.22,4.57,2,45.6,440.39
Bellandur,1761,4,4,3,13,1.13,0.21,3,59.8,440.03
Whitefield,450,1,2,3,27,4.77,0.48,1,36.5,198.76
Bellandur,962,3,2,3,13,3.84,,0,68.8,345.92
JP Nagar,1460,2,3,2,5,10.09,12.71,3,52.3,378.77
Hebbal,1150,2,3,0,19,22.24,0.51,2,37.8,404.96
Koramangala,809,1,2,2,32,27.69,14.37,2,80.0,230.3
JP Nagar,1034,2,1,1,33,28.64,10.0,3,55.1,183.36
Hebbal,3807,6,7,2,2,3.27,3.1,1,99.0,609.42
HSR Layout,2849,5,6,1,22,1.61,10.43,2,99.4,655.82
Yelahanka,1264,3,2,2,32,28.25,0.54,2,43.6,286.2
Whitefield,929,1,1,1,12,21.68,4.51,2,84.1,268.55
HSR Layout,1681,2,2,2,4,12.72,2.22,2,49.0,501.41
HSR Layout,2207,3,4,3,21,15.47,7.21,2,35.7,403.2
Electronic City,1509,2,2,1,11,8.28,11.36,3,85.9,361.19
Koramangala,601,3,4,1,30,4.52,,0,51.3,473.11
Electronic City,1242,1,2,3,24,12.31,2.4,2,36.6,256.09
Whitefield,1332,2,1,1,19,10.5,13.62,0,39.4,258.37
Jayanagar,589,1,1,2,6,16.11,12.58,1,87.4,424.76
Indiranagar,1324,2,2,3,20,14.65,0.73,1,89.3,448.66
HSR Layout,1795,2,1,2,10,14.24,14.93,1,87.8,474.24
Electronic City,1725,2,1,1,34,4.7,7.83,1,37.2,360.76
JP Nagar,2864,5,6,3,8,15.3,,3,97.8,554.01
Koramangala,502,1,1,0,14,29.66,12.26,1,54.2,204.29
Electronic City,1412,3,4,1,13,15.41,2.23,3,84.8,421.28
JP Nagar,870,1,1,3,11,12.59,14.15,1,71.5,289.61
JP Nagar,2102,6,7,1,9,26.46,3.56,0,50.8,528.29
Bellandur,2329,4,3,1,27,12.71,3.45,1,96.4,535.04
JP Nagar,503,1,1,2,12,10.73,0.68,3,88.2,384.43
Marathahalli,951,1,1,1,32,11.87,7.57,2,41.9,210.39
Marathahalli,637,1,1,0,13,11.01,6.25,0,61.4,316.17
Electronic City,1127,3,3,1,29,21.17,5.9,2,59.4,209.14
Whitefield,1159,3,3,2,26,27.72,10.0,2,36.3,410.52
Jayanagar,2805,4,4,0,14,10.67,12.98,2,78.7,685.93
Electronic City,1655,3,4,0,8,14.9,11.98,0,58.0,192.52
Hebbal,2381,4,4,1,0,17.78,5.25,0,79.2,638.66
JP Nagar,2239,4,3,1,7,26.41,4.79,2,61.0,417.32
Yelahanka,605,1,2,1,7,18.33,11.19,0,83.4,247.13
Marathahalli,1241,1,1,2,10,19.84,14.18,3,79.1,330.13
HSR Layout,2227,5,4,1,3,11.9,2.59,0,93.6,497.63
JP Nagar,2958,5,4,2,17,6.34,11.15,1,87.6,612.99
Bellandur,1956,5,6,1,17,6.0,10.58,2,79.5,523.8
JP Nagar,450,1,2,2,17,9.96,,0,58.6,293.41
Electronic City,1603,4,3,2,29,29.28,4.86,0,47.1,295.92
JP Nagar,1151,2,2,2,4,24.21,11.46,1,88.7,273.3
Koramangala,1899,3,3,2,17,17.29,2.34,1,67.7,471.62
Sarjapur Road,760,2,2,2,3,1.05,2.95,3,97.7,385.78
Electronic City,1272,3,4,1,24,4.13,13.03,1,63.3,407.26
Whitefield,978,2,3,0,25,25.79,10.66,0,73.5,245.4
Koramangala,2752,6,5,1,34,13.83,1.08,1,38.6,613.49
JP Nagar,1791,4,3,1,24,7.41,5.05,0,77.3,482.46
Yelahanka,1021,1,1,1,29,23.65,13.84,2,85.8,260.49
Marathahalli,801,1,2,1,4,4.0,2.91,0,96.1,384.1
Sarjapur Road,911,1,1,1,20,17.08,11.24,0,78.3,242.33
Indiranagar,3570,6,7,1,24,2.96,2.22,2,71.2,934.48
Koramangala,1056,2,3,1,13,24.45,11.32,1,74.1,463.13
JP Nagar,4480,6,6,0,6,28.46,0.72,1,39.9,637.16
Jayanagar,1350,4,3,2,0,25.04,,0,64.4,464.99
HSR Layout,567,2,1,1,34,20.16,6.4,3,54.2,213.36
Koramangala,2503,4,4,1,20,9.13,13.51,2,96.5,714.45
Indiranagar,450,1,1,2,24,17.64,9.99,1,49.6,408.41
JP Nagar,1285,1,1,1,4,6.26,13.08,1,36.7,314.58
Jayanagar,5468,6,6,0,16,5.6,10.01,4,50.4,912.09
JP Nagar,3596,5,6,2,26,15.01,10.36,0,38.5,690.11
Koramangala,3032,6,7,1,8,2.65,14.26,0,65.5,714.68
Electronic City,2241,5,4,1,33,24.77,4.87,3,36.3,444.73
Sarjapur Road,2632,5,4,3,31,7.52,,1,67.6,609.27
Marathahalli,700,1,1,3,25,6.84,4.59,2,97.0,225.55
JP Nagar,2026,5,6,0,34,4.96,8.52,1,88.2,471.63
Electronic City,1539,1,2,2,34,19.68,7.12,0,50.4,188.14
Whitefield,2925,3,2,2,15,6.92,4.03,0,94.6,493.52
Sarjapur Road,3539,5,5,1,25,24.72,0.93,0,40.5,424.86
Sarjapur Road,895,2,2,2,25,24.34,1.84,1,89.2,385.76
Bellandur,468,1,2,3,33,22.03,1.25,1,71.7,287.39
Electronic City,1235,2,1,0,4,24.1,3.45,1,46.7,183.9
Koramangala,3196,5,6,3,23,15.04,8.8,3,83.2,592.9
Hebbal,474,1,2,3,28,21.15,12.75,4,62.2,239.55
JP Nagar,1039,2,2,0,25,18.18,,0,78.2,200.06
Indiranagar,450,1,2,1,12,8.27,5.41,1,41.6,455.36
JP Nagar,778,3,2,3,15,16.43,9.98,1,63.7,332.91
Yelahanka,1527,3,2,1,23,29.84,,2,64.3,242.45
Whitefield,1171,1,2,1,21,22.47,1.91,0,44.1,247.18
Hebbal,695,1,1,1,5,8.9,5.53,0,60.5,315.87
Bellandur,3159,5,4,2,3,4.71,7.08,4,88.3,703.59
Electronic City,915,1,1,1,25,5.41,5.02,1,61.3,232.71
Sarjapur Road,450,2,2,3,32,2.11,2.08,1,68.7,366.36
Indiranagar,4253,6,7,2,6,10.41,14.74,2,78.1,924.27
Jayanagar,2403,3,4,0,17,21.44,,2,53.3,524.33
Yelahanka,1470,2,1,3,15,7.17,11.33,1,62.3,358.38
Indiranagar,641,2,2,0,5,13.11,,1,80.7,412.01
Bellandur,602,2,2,2,3,28.84,11.66,2,71.3,319.19
Hebbal,1302,4,3,3,34,28.56,13.23,0,37.3,474.21
JP Nagar,1324,2,3,2,13,2.72,11.29,0,41.7,286.7
Sarjapur Road,472,1,1,3,1,29.83,11.21,1,97.1,243.85
Whitefield,627,1,2,0,14,0.61,5.29,2,56.2,285.01
Whitefield,1645,1,1,2,26,16.6,12.5,2,55.2,230.51
Sarjapur Road,529,2,2,3,14,22.05,,2,36.7,223.8
Jayanagar,2458,5,4,3,4,29.5,14.82,0,76.3,613.48
Whitefield,934,2,2,2,1,17.7,,1,63.7,240.57
Yelahanka,2519,2,2,3,22,26.29,1.9,0,89.7,280.47
Indiranagar,828,1,1,2,20,24.61,5.36,1,49.4,311.47
Bellandur,1862,4,3,1,5,17.94,6.25,2,92.6,518.81
Yelahanka,1407,3,3,2,24,6.07,0.31,1,43.4,331.34
Whitefield,3603,6,7,1,15,17.8,3.59,2,36.4,639.48
Jayanagar,786,1,1,2,28,16.21,5.95,1,67.4,256.55
Jayanagar,4637,6,7,2,5,23.2,,1,99.2,770.66
Electronic City,3070,5,4,2,26,20.6,2.14,2,74.1,462.28
JP Nagar,777,1,1,3,8,7.54,11.77,2,73.2,216.07
Whitefield,822,1,1,1,32,10.19,14.75,1,51.5,283.59
Hebbal,1518,2,1,0,34,4.99,9.88,2,97.5,463.86
JP Nagar,1971,4,4,2,23,5.98,6.78,4,92.8,424.28
Sarjapur Road,638,2,3,2,2,2.68,2.26,3,94.4,422.69
Sarjapur Road,541,2,2,1,11,20.74,2.05,1,88.9,261.08
Bellandur,450,1,1,3,8,4.11,8.56,1,80.9,542.41
Yelahanka,3243,5,5,2,24,18.57,2.31,0,78.0,420.54
Jayanagar,1184,3,2,1,16,13.91,,2,82.5,374.73
Indiranagar,450,1,1,1,34,5.6,2.33,1,85.4,458.06
HSR Layout,1001,2,2,2,1,29.19,6.38,0,95.2,420.36
Hebbal,2042,5,5,3,1,23.64,9.12,4,59.4,568.42
Whitefield,1559,4,3,2,20,10.86,,3,76.2,325.15
Hebbal,4109,6,5,0,8,20.26,9.91,0,62.1,703.05
Whitefield,1369,3,2,2,14,29.56,0.21,2,40.1,302.73
Marathahalli,989,1,1,0,29,0.89,12.85,3,63.0,239.06
HSR Layout,1451,3,4,3,19,9.94,12.29,4,48.6,423.79
HSR Layout,3234,4,4,3,31,15.28,,3,83.5,541.66
Sarjapur Road,1842,6,5,2,21,7.47,2.66,2,80.7,586.32
Whitefield,1106,3,4,0,34,5.1,0.56,3,82.9,315.68
HSR Layout,606,1,2,1,9,20.43,12.72,1,49.2,250.57
Whitefield,1089,2,2,0,18,5.53,2.72,4,80.2,369.59
Electronic City,513,1,2,1,1,16.06,3.11,1,66.5,145.35
Koramangala,1576,3,2,0,22,15.98,6.33,0,61.1,414.72
Yelahanka,1567,3,4,0,0,16.44,3.64,0,76.9,347.05
Sarjapur Road,630,2,3,1,23,23.35,7.29,1,60.8,159.79
Electronic City,716,3,4,2,23,20.22,13.22,0,97.5,273.94
Hebbal,2062,5,4,3,5,1.95,11.59,4,55.9,621.08
Jayanagar,1167,2,1,3,34,22.4,11.15,2,55.3,385.0
Bellandur,1710,2,3,3,18,5.72,14.05,1,58.2,307.4
JP Nagar,816,2,2,2,2,12.46,9.25,0,77.3,352.54
JP Nagar,713,2,1,1,10,9.32,8.91,3,88.7,389.56
Bellandur,989,1,1,3,0,4.26,1.23,3,84.3,245.34
HSR Layout,558,2,3,3,7,9.93,13.8,4,75.8,515.63
JP Nagar,825,1,2,1,6,4.32,4.21,0,40.7,378.03
HSR Layout,2224,6,7,0,3,26.37,14.64,0,97.7,620.52
JP Nagar,793,1,2,0,16,13.57,2.76,0,91.0,255.36
Jayanagar,3333,5,5,2,13,8.95,13.32,3,92.4,690.23
Hebbal,2221,5,6,2,8,6.1,3.07,1,48.4,657.35
Sarjapur Road,2138,4,3,0,9,1.55,,1,62.9,457.17
Yelahanka,1501,2,2,3,12,11.0,8.57,1,45.1,282.27
Sarjapur Road,756,3,3,2,25,20.42,14.65,2,58.0,232.61
Jayanagar,590,1,1,3,8,21.26,,1,60.5,340.62
Bellandur,572,1,1,3,10,22.16,11.77,4,69.3,345.46
Jayanagar,1370,3,4,1,31,4.11,7.02,3,97.1,429.97
Hebbal,5715,6,6,1,20,15.92,5.92,0,92.8,849.27
Marathahalli,1634,3,2,1,12,6.57,,1,42.0,415.31
Yelahanka,3186,5,5,0,22,28.54,5.76,2,87.7,450.69
Sarjapur Road,1089,2,2,1,14,26.0,5.3,2,50.0,348.6
Koramangala,824,1,1,0,28,29.76,7.79,0,90.4,265.73
Sarjapur Road,2016,3,4,0,8,5.12,11.38,2,37.7,392.4
HSR Layout,871,2,3,1,14,26.35,5.31,0,56.9,378.38
Indiranagar,993,1,1,0,0,22.55,,1,54.4,467.7
Koramangala,1278,2,2,0,29,28.59,8.8,3,53.2,519.47
Koramangala,597,1,1,1,34,16.34,7.07,1,70.7,308.98
Sarjapur Road,1417,3,2,1,29,4.0,10.84,0,49.9,380.75
Indiranagar,1096,1,1,0,7,17.08,,1,42.9,394.1
Marathahalli,514,1,1,0,26,10.48,1.08,2,35.3,216.96
Jayanagar,1235,1,1,0,1,24.25,10.79,2,67.0,402.54
Jayanagar,1909,3,3,1,21,4.33,9.9,0,73.1,515.55
Indiranagar,710,1,2,2,20,17.15,10.79,0,62.9,335.01
HSR Layout,5395,6,5,3,19,5.88,2.37,2,86.5,867.92
Koramangala,526,1,1,0,27,25.14,13.66,1,71.0,263.13
Sarjapur Road,681,1,1,1,5,0.82,3.71,2,94.2,284.18
Bellandur,1756,3,2,2,32,8.87,13.56,3,75.7,343.52
Jayanagar,1249,4,5,1,25,24.99,5.98,3,98.7,441.89
HSR Layout,641,1,2,0,32,13.99,7.73,0,37.8,361.11
Jayanagar,1905,3,3,0,17,23.38,7.04,2,71.1,417.71
Sarjapur Road,564,1,2,3,3,19.2,8.7,1,69.2,225.45
Koramangala,1962,3,2,1,7,20.1,3.54,1,84.1,534.02
JP Nagar,2663,3,3,3,21,21.2,3.77,0,73.7,507.93
Yelahanka,1832,4,4,0,3,14.19,0.72,2,54.5,327.74
Electronic City,1360,2,2,1,8,1.78,13.91,1,61.8,396.88
Indiranagar,784,1,2,1,1,17.86,4.21,3,87.4,420.3
Yelahanka,652,1,2,3,4,13.04,2.84,2,76.3,321.85
Yelahanka,1959,2,2,3,6,11.86,3.91,1,69.1,289.62
Koramangala,1980,4,4,1,5,28.71,12.76,3,38.6,475.13
Koramangala,824,2,1,2,24,13.4,7.95,0,38.1,306.63
Jayanagar,1367,2,1,1,27,6.9,6.17,2,90.7,321.96
Bellandur,4546,6,5,0,24,24.17,11.71,2,54.9,753.62
Hebbal,927,3,3,1,12,27.86,6.82,2,68.4,391.33
Whitefield,1588,3,3,1,5,13.6,14.44,2,71.4,413.35
Indiranagar,1537,3,2,1,21,24.96,6.55,2,91.0,402.99
Yelahanka,1860,2,2,2,1,19.64,5.03,1,84.5,351.42
Koramangala,3739,6,5,3,9,2.38,7.56,4,85.6,612.65
JP Nagar,2708,4,3,0,12,1.46,13.54,1,59.7,390.24
JP Nagar,694,1,2,1,14,6.56,12.71,1,40.0,258.93
Electronic City,1388,2,3,1,6,3.34,11.25,0,60.4,311.2
Marathahalli,450,1,1,3,0,7.62,2.44,2,48.8,256.05
Electronic City,951,3,2,3,30,28.15,,1,65.4,139.71
JP Nagar,450,1,1,3,26,14.03,11.87,1,50.0,146.59
Hebbal,495,1,1,0,20,2.7,1.27,1,46.8,339.71
Hebbal,1475,2,1,3,8,17.5,0.74,0,46.7,384.96
HSR Layout,5025,6,5,1,23,7.96,3.82,1,36.8,772.87
Hebbal,1637,3,3,2,28,6.04,6.87,0,79.0,475.42
Sarjapur Road,3786,6,7,1,2,19.06,2.52,1,53.1,620.13
Electronic City,450,1,1,2,23,11.94,,1,81.7,199.62
Sarjapur Road,558,1,2,3,20,7.63,14.67,1,63.7,313.28
Sarjapur Road,713,3,3,2,10,16.04,10.9,1,37.0,357.56
Jayanagar,746,2,3,2,26,7.56,14.93,1,53.4,257.34
Whitefield,2275,4,3,1,15,27.71,6.89,0,90.3,390.9
Marathahalli,604,1,1,3,32,2.18,3.84,3,45.8,271.81
Hebbal,652,2,1,1,31,16.39,14.84,2,38.5,201.04
JP Nagar,761,1,1,0,1,3.7,1.95,0,41.7,368.46
Koramangala,450,1,1,3,8,11.95,,0,93.9,308.33
Jayanagar,897,1,2,2,22,6.87,5.72,0,75.1,295.16
Indiranagar,1556,1,1,3,27,8.5,5.0,1,54.4,635.01
JP Nagar,1012,1,1,3,13,17.03,3.32,0,78.6,363.05
Marathahalli,1214,1,1,0,15,11.66,5.6,1,68.4,177.04
Marathahalli,1350,2,1,1,23,27.81,10.21,0,85.6,371.53
Bellandur,858,2,1,2,12,23.43,12.24,1,69.0,280.14
Hebbal,906,1,1,2,25,28.25,2.11,3,52.0,280.49
Sarjapur Road,1026,2,2,2,9,22.9,8.19,0,59.0,311.13
Hebbal,1286,1,2,0,16,22.99,4.48,1,70.7,304.85
Bellandur,850,2,3,2,27,17.63,14.75,2,52.1,434.35
Sarjapur Road,543,3,4,1,6,7.67,13.14,1,88.6,403.04
Indiranagar,1483,3,4,1,3,9.54,14.31,0,90.9,539.33
Jayanagar,450,2,3,1,16,23.72,6.63,3,71.0,174.48
Hebbal,753,1,1,2,31,6.8,4.71,1,88.4,357.34
JP Nagar,879,3,3,3,26,24.39,11.36,3,93.2,204.97
Hebbal,641,3,4,0,0,3.76,14.0,1,59.8,395.77
Koramangala,697,1,1,0,14,0.78,,4,63.7,447.71
Koramangala,1723,2,3,2,2,26.34,7.77,0,66.5,554.59
Marathahalli,3700,5,6,3,17,12.86,5.78,1,64.1,696.0
Electronic City,450,1,2,0,25,27.73,0.96,2,80.2,283.74
Hebbal,906,1,2,3,17,12.58,6.29,0,59.8,279.6
HSR Layout,1264,4,4,0,5,13.29,10.91,0,94.2,385.33
JP Nagar,1278,3,4,0,11,2.78,0.74,2,42.2,171.28
Sarjapur Road,450,1,2,3,3,29.12,,2,78.4,281.56
HSR Layout,1277,4,3,1,23,0.55,0.83,1,96.7,437.53
Hebbal,1201,3,2,1,18,27.11,,2,89.1,431.13
Hebbal,1666,2,1,0,8,1.53,8.45,3,98.0,552.68
Whitefield,560,1,1,2,0,16.57,14.55,2,64.7,235.79
Yelahanka,1158,2,1,0,17,8.0,14.29,0,75.1,298.52
Jayanagar,678,2,2,2,21,20.0,1.6,4,92.3,477.02
Bellandur,1441,3,2,3,23,6.14,10.81,0,41.9,458.99
JP Nagar,3567,6,7,0,24,21.37,10.23,4,35.5,658.08
HSR Layout,2027,2,2,3,5,17.45,3.88,3,70.4,495.03
Indiranagar,883,1,1,1,29,6.1,8.62,1,93.5,528.95
JP Nagar,1418,2,3,0,34,4.16,4.23,0,53.3,395.72
HSR Layout,1352,2,3,3,20,8.82,11.42,0,42.3,441.29
Sarjapur Road,509,1,1,0,31,18.5,14.42,1,55.2,360.74
Marathahalli,4830,6,6,3,20,27.77,10.29,0,66.3,676.24
Sarjapur Road,1753,4,3,3,26,5.89,4.87,1,40.0,508.73
Bellandur,2276,6,5,0,16,21.62,11.46,2,41.8,541.19
Hebbal,717,2,2,3,16,2.42,1.66,2,84.6,495.12
Koramangala,537,2,3,3,8,15.0,10.43,0,72.2,388.46
Hebbal,857,1,1,1,4,29.14,3.78,2,89.8,459.62
HSR Layout,1279,3,3,3,12,2.87,5.46,0,92.1,505.64
Hebbal,1071,3,4,2,14,16.57,5.09,3,89.7,325.69
Sarjapur Road,612,1,1,3,31,0.89,13.12,4,68.3,317.45
Jayanagar,1951,4,5,2,26,24.33,2.4,2,78.2,511.39
Whitefield,817,1,1,0,17,28.87,10.97,1,42.2,191.09
Yelahanka,3011,5,4,0,24,20.16,1.74,1,70.2,418.02
Hebbal,1058,1,1,1,28,2.24,11.19,0,99.4,417.68
Sarjapur Road,951,1,2,0,18,20.93,0.36,1,48.7,327.88
Jayanagar,1071,2,1,2,31,22.87,1.37,1,52.3,300.96
Sarjapur Road,1121,2,2,3,3,26.72,14.94,1,94.9,323.48
Sarjapur Road,1449,2,3,0,14,13.43,11.48,1,74.6,333.86
Marathahalli,566,1,1,0,26,7.55,,2,52.3,217.13
Electronic City,4021,6,6,2,12,17.77,7.78,0,59.7,524.71
JP Nagar,1978,2,3,1,24,29.68,,0,49.0,359.15
Electronic City,2855,6,7,1,16,24.13,11.27,2,58.9,452.67
Marathahalli,545,1,1,3,12,14.75,7.65,1,99.3,301.92
JP Nagar,1563,4,3,1,27,23.18,,1,55.7,345.0
Hebbal,2217,2,2,2,16,26.01,10.48,4,72.4,481.08
HSR Layout,3145,6,5,2,16,8.54,9.67,1,99.8,613.72
Electronic City,450,1,1,1,3,1.02,,0,50.6,246.77
Jayanagar,672,2,2,2,17,9.44,6.17,1,50.7,436.79
Koramangala,957,1,1,3,27,16.4,13.73,2,46.1,373.66
Koramangala,1515,3,3,1,13,27.11,1.56,1,92.0,503.37
Electronic City,575,1,2,3,31,17.3,5.82,1,58.4,206.1
JP Nagar,2662,6,5,0,34,5.23,3.93,2,89.8,447.72
Electronic City,624,1,2,0,20,10.89,10.76,0,41.7,217.86
Bellandur,450,1,1,0,2,3.82,5.0,1,64.3,235.77
HSR Layout,1326,2,2,2,11,19.5,,3,61.4,450.26
Marathahalli,896,3,3,3,30,13.53,5.95,0,59.3,293.62
Marathahalli,1249,1,1,0,17,18.26,9.87,0,40.5,331.85
JP Nagar,1094,1,1,3,30,26.07,7.53,0,45.2,300.5
Hebbal,2972,6,7,3,12,22.99,1.08,1,68.1,633.35
JP Nagar,1851,3,3,3,26,12.33,1.34,3,93.5,567.47
JP Nagar,1124,4,5,3,18,3.25,2.89,2,90.7,386.44
Hebbal,500,1,1,2,21,22.89,5.24,2,78.9,294.41
JP Nagar,893,1,1,0,25,2.34,0.22,1,38.2,315.25
JP Nagar,886,3,2,1,0,25.33,4.41,3,98.5,255.69
Bellandur,450,2,2,0,28,10.66,12.28,1,68.2,340.49
Whitefield,1994,2,2,2,8,8.8,,1,78.3,526.69
Indiranagar,487,1,1,3,17,7.82,14.42,3,50.9,263.22
Electronic City,485,1,1,2,13,26.31,13.51,1,53.2,200.09
Koramangala,738,1,1,0,32,2.3,6.47,3,52.7,469.65
JP Nagar,568,1,2,0,30,27.34,4.05,0,80.9,316.42
Sarjapur Road,925,3,2,0,32,18.91,,0,59.0,275.14
Bellandur,473,1,1,1,9,10.76,,0,37.9,106.8
Sarjapur Road,943,2,3,3,17,11.62,4.3,2,82.1,445.77
Koramangala,997,1,1,3,24,28.59,13.0,2,91.7,420.5
Bellandur,1530,3,4,1,1,11.89,0.99,2,91.8,338.23
Marathahalli,1424,2,2,2,2,3.79,9.45,3,37.9,399.17
JP Nagar,1037,2,3,1,31,20.24,5.14,2,54.8,321.91
Koramangala,1496,3,2,3,33,28.08,13.04,2,38.4,449.31
Marathahalli,1006,1,1,2,6,14.39,4.29,2,68.5,251.71
Indiranagar,2915,6,5,1,20,5.07,8.19,0,66.1,636.08
JP Nagar,743,2,2,2,12,17.99,11.49,1,70.1,438.5
JP Nagar,830,2,2,3,10,18.1,9.05,0,74.0,224.93
Whitefield,1201,1,1,2,9,20.79,13.13,0,78.7,440.63
HSR Layout,731,1,2,0,26,22.04,6.63,4,82.5,213.13
Jayanagar,2767,3,2,1,3,14.13,1.77,2,77.3,485.21
Koramangala,1802,2,1,1,19,21.41,2.51,0,96.6,392.32
Bellandur,1883,3,4,3,0,24.79,1.76,2,62.7,323.17
Hebbal,1692,2,1,3,1,27.95,6.52,1,36.6,374.19
Hebbal,1915,2,2,0,18,11.76,,2,99.9,578.06
Indiranagar,758,1,2,0,25,27.11,14.71,0,39.8,373.95
Koramangala,1662,3,4,3,31,18.0,8.4,3,86.6,525.41
Electronic City,596,2,3,3,13,7.55,5.43,2,71.8,306.7
Koramangala,650,1,2,3,21,25.25,9.24,2,40.8,324.03
Yelahanka,1533,3,3,2,17,29.02,8.55,0,95.4,317.63
HSR Layout,1163,3,4,3,28,11.91,12.78,2,94.8,368.62
Hebbal,1415,1,1,1,1,12.68,8.35,1,58.4,311.61
Sarjapur Road,827,1,1,1,9,20.49,12.27,1,64.1,232.24
Yelahanka,740,2,1,3,1,21.56,14.39,2,48.2,193.92
Sarjapur Road,951,2,1,0,9,18.94,8.08,0,86.2,241.44
Koramangala,1248,3,4,3,24,23.28,,0,47.6,462.66
Bellandur,962,2,2,0,0,17.86,7.88,0,82.8,405.78
Whitefield,2057,3,3,0,34,3.5,,0,67.5,492.62
Yelahanka,975,1,1,3,34,29.7,,2,54.7,273.19
Yelahanka,450,1,1,0,30,6.64,8.79,0,82.4,150.51
Jayanagar,1587,1,2,1,11,9.85,9.99,4,35.4,413.86
Electronic City,2556,5,5,0,21,25.58,12.25,1,51.2,390.95
Marathahalli,1617,3,2,0,19,27.76,2.6,1,54.0,418.45
Hebbal,2087,4,5,2,6,4.94,7.47,0,98.5,588.27
HSR Layout,694,2,2,3,9,4.19,8.41,0,71.2,332.76
Indiranagar,1490,2,1,1,30,27.86,,0,51.3,330.96
Koramangala,1750,4,5,1,15,17.07,7.98,1,61.4,685.71
Koramangala,1162,2,1,1,7,22.82,4.87,0,97.3,605.83
Electronic City,534,1,1,3,34,29.71,3.77,1,93.6,235.25
Jayanagar,1290,2,1,2,28,10.02,,1,47.8,388.43
Hebbal,2925,5,6,0,20,1.29,11.37,1,59.9,546.02
Hebbal,870,1,2,0,24,20.94,5.31,3,82.2,394.8
Koramangala,4814,6,5,2,17,16.75,14.02,2,76.2,899.95
JP Nagar,1067,1,1,1,14,20.23,11.55,1,53.0,310.79
Marathahalli,1524,4,3,0,32,26.88,7.05,1,68.1,368.25
Jayanagar,621,1,1,2,12,1.22,5.05,1,45.3,271.43
Hebbal,450,1,1,2,32,29.36,,1,42.0,214.44
Marathahalli,2168,3,4,3,32,15.45,6.4,1,59.2,353.93
Whitefield,1780,4,5,1,4,16.92,14.36,2,87.4,338.94
Sarjapur Road,450,2,1,1,34,2.78,,1,57.8,260.36
Jayanagar,1035,4,5,0,4,19.19,10.76,1,70.0,409.76
Electronic City,919,1,2,1,2,24.22,7.6,2,97.3,252.94
Sarjapur Road,2136,4,4,1,6,27.28,12.32,4,47.8,597.17
Hebbal,1893,4,3,0,2,8.04,4.57,2,68.8,497.87
Yelahanka,641,1,1,3,16,1.49,5.21,0,46.4,296.06
Jayanagar,2259,3,3,1,12,1.85,4.31,0,62.1,701.24
JP Nagar,1171,2,1,0,19,8.78,12.5,0,71.4,237.51
Bellandur,1283,2,1,2,17,10.98,14.09,0,85.2,574.58
Indiranagar,1615,3,4,1,31,14.81,5.36,1,39.0,392.03
Whitefield,2100,3,3,2,16,1.67,7.99,1,66.1,388.75
Hebbal,450,1,1,0,31,9.12,0.32,1,78.3,312.59
Hebbal,665,2,1,3,13,10.78,9.7,3,77.5,320.7
Yelahanka,493,1,1,0,18,29.95,0.96,0,60.4,157.32
HSR Layout,1716,2,1,0,3,13.64,13.44,1,87.3,406.4
Indiranagar,5186,6,6,3,20,15.69,3.23,1,92.9,890.23
Hebbal,584,1,2,1,27,10.21,10.09,3,76.5,264.16
JP Nagar,699,1,1,1,32,2.84,10.32,1,85.0,193.56
Yelahanka,1920,4,4,1,17,3.11,10.28,2,45.2,294.85
JP Nagar,2554,5,4,1,15,20.48,6.83,1,94.2,617.53
Koramangala,1687,3,4,1,31,26.67,2.21,0,87.5,463.0
HSR Layout,1472,3,3,2,29,10.96,7.02,1,70.5,507.05
Jayanagar,467,1,1,1,14,15.61,8.94,1,82.4,335.71
Hebbal,968,2,2,3,7,21.26,6.51,1,68.0,356.42
Indiranagar,1141,1,1,1,3,23.16,8.43,3,59.1,409.88
Whitefield,3720,6,6,3,16,16.95,3.63,1,62.7,481.49
Marathahalli,1113,2,3,0,8,24.58,13.93,0,85.1,309.18
Hebbal,1117,3,4,0,23,22.3,13.0,3,87.5,377.32
Yelahanka,1042,1,2,1,11,8.8,4.3,0,36.1,340.45
JP Nagar,598,1,1,2,23,10.45,12.81,2,99.0,389.29
Bellandur,4482,6,6,0,34,28.94,9.35,1,71.3,730.32
Electronic City,698,2,3,3,5,29.24,6.21,0,39.9,109.8
Bellandur,654,2,1,0,14,14.24,6.09,1,37.6,325.3
Marathahalli,1488,1,1,0,16,4.61,4.01,0,37.9,417.21
Bellandur,670,1,2,3,25,21.75,7.76,3,94.5,387.42
Whitefield,1570,4,5,2,11,16.3,2.97,0,74.0,257.01
Koramangala,3023,6,5,3,10,18.95,12.82,1,71.5,711.65
Bellandur,550,1,2,0,27,24.01,12.01,0,59.7,230.95
Sarjapur Road,950,1,1,1,11,12.48,1.53,1,40.7,355.07
Hebbal,867,3,2,2,21,5.21,,0,82.3,302.49
JP Nagar,1443,3,4,3,3,15.42,8.06,1,92.4,472.59
HSR Layout,1998,3,4,0,3,7.48,,0,98.0,532.61
Indiranagar,620,1,1,3,12,0.97,12.31,1,94.0,488.99
Sarjapur Road,1233,2,3,2,10,8.89,2.4,3,70.7,377.86
Bellandur,835,1,1,0,4,6.74,3.92,3,49.6,350.9
Jayanagar,1480,1,2,2,27,16.6,6.82,2,74.2,241.85
Marathahalli,635,1,1,0,27,6.46,3.88,1,38.8,346.56
Electronic City,1103,1,1,0,18,9.67,,2,77.2,292.08
HSR Layout,1917,3,2,3,26,25.55,11.44,2,87.4,529.93
Marathahalli,1161,2,3,2,30,11.81,3.41,2,56.0,341.12
Marathahalli,1903,4,5,1,29,11.52,7.68,1,51.6,367.23
Jayanagar,1066,3,3,3,21,8.11,14.86,0,35.8,402.67
Electronic City,2070,4,3,3,20,6.46,8.2,3,63.7,394.31
Indiranagar,588,1,1,0,3,17.68,4.23,0,94.5,326.88
Bellandur,651,1,2,3,30,9.38,7.05,1,52.0,294.67
HSR Layout,3555,6,7,0,21,5.93,4.84,0,99.6,744.25
Jayanagar,1254,2,3,0,21,13.37,2.91,3,54.2,404.54
Jayanagar,3464,6,7,1,33,26.63,1.74,1,84.3,535.76
HSR Layout,2949,5,5,3,2,16.29,13.15,1,41.0,616.19
Bellandur,1444,3,4,3,30,5.54,2.99,2,52.0,550.79
Marathahalli,597,1,1,3,32,3.67,1.83,2,39.3,232.25
Hebbal,1844,5,6,1,25,5.12,4.18,2,39.7,410.67
Sarjapur Road,784,1,2,0,34,1.82,,0,64.3,280.19
HSR Layout,811,1,1,2,32,14.42,9.06,2,48.6,337.11
Whitefield,656,1,1,1,9,3.4,,1,72.3,299.23
Bellandur,1009,2,2,0,13,6.68,,0,98.6,378.24
Yelahanka,1071,1,1,2,1,13.39,7.64,2,44.4,291.41
Jayanagar,780,2,1,2,12,22.93,5.03,0,63.3,394.84
Hebbal,460,1,1,1,21,22.93,4.92,0,51.2,218.92
Whitefield,1107,1,1,1,28,17.03,4.3,1,35.5,274.43
Yelahanka,497,2,2,1,0,15.06,5.35,1,39.9,197.68
Hebbal,1681,3,4,0,30,18.85,7.18,1,52.0,536.01
Whitefield,739,2,2,3,20,14.67,1.29,0,54.7,321.62
Sarjapur Road,450,1,1,3,10,12.87,,0,37.9,255.46
Electronic City,530,2,2,3,6,29.54,9.1,2,55.6,238.39
Koramangala,1211,4,4,2,14,24.73,11.01,2,46.6,490.54
Jayanagar,1534,2,3,2,29,1.32,7.59,1,66.9,486.45
Indiranagar,1446,4,3,0,34,0.84,3.53,4,71.4,600.89
Indiranagar,547,1,1,1,21,5.56,0.35,2,38.1,381.56
JP Nagar,2179,2,3,0,4,9.2,12.26,0,74.0,450.15
Koramangala,2395,4,5,2,33,2.04,11.79,1,89.9,658.85
Jayanagar,2094,4,4,0,21,18.78,12.87,2,47.0,463.26
JP Nagar,2020,4,3,3,21,26.2,11.47,0,64.7,400.25
Indiranagar,1306,3,4,0,4,1.31,1.89,2,44.2,495.0
Indiranagar,1810,3,3,3,14,16.7,0.76,1,80.1,483.43
Hebbal,3015,4,5,2,11,2.9,9.54,1,58.5,535.98
Yelahanka,1330,4,4,2,1,29.01,,0,96.7,285.79
Indiranagar,1036,3,3,3,32,13.47,7.66,1,40.5,404.76
JP Nagar,759,2,1,0,7,16.33,9.73,1,56.4,347.93
Whitefield,512,1,2,3,11,3.34,10.41,0,37.1,271.75
JP Nagar,3740,6,7,3,1,16.8,4.55,1,58.3,469.7
Electronic City,1486,2,1,0,12,17.2,7.69,2,46.7,440.8
Jayanagar,3666,5,6,0,22,25.52,8.62,1,67.8,684.29
Bellandur,2059,3,3,3,20,2.02,9.77,2,68.0,391.1
Whitefield,1893,2,1,0,23,1.9,0.47,2,83.1,416.14
HSR Layout,3660,6,5,2,28,3.62,0.66,2,76.2,710.56
HSR Layout,1243,2,2,0,10,1.74,6.95,1,60.1,424.37
HSR Layout,909,2,3,1,33,26.42,12.58,1,37.5,305.24
Yelahanka,586,1,1,0,23,21.24,11.47,4,62.9,142.58
Jayanagar,708,2,2,3,14,5.69,0.36,4,95.0,373.35
Marathahalli,554,1,1,1,19,1.74,6.78,2,43.0,307.43
Marathahalli,1035,1,1,0,0,16.88,9.75,1,61.4,383.18
Bellandur,450,1,1,3,31,22.87,6.79,1,89.8,293.96
Koramangala,450,2,2,3,34,13.38,8.55,0,48.4,244.15
HSR Layout,450,3,4,2,31,25.45,10.34,1,40.9,405.23
Yelahanka,779,2,3,0,30,1.32,0.45,1,57.5,213.61
Sarjapur Road,1025,2,3,3,23,14.92,,3,40.9,402.2
Electronic City,450,1,2,1,28,5.49,7.31,1,87.2,311.15
Yelahanka,825,1,2,2,12,21.14,12.95,2,93.6,219.6
Bellandur,3190,5,6,0,32,14.22,13.25,4,64.8,670.69
JP Nagar,2842,6,7,0,2,1.5,4.5,1,58.5,412.04
Whitefield,1322,3,3,3,13,10.99,12.59,0,90.6,352.4
Jayanagar,871,1,2,0,10,20.84,8.79,0,99.5,370.6
Jayanagar,619,1,1,0,14,22.94,9.75,1,75.5,360.36
Koramangala,1088,1,2,2,27,16.53,,0,56.8,359.82
Hebbal,1131,2,1,1,27,9.68,2.27,0,62.0,434.57
JP Nagar,2138,3,4,3,2,13.5,9.45,3,56.6,467.74
Electronic City,1669,2,1,0,24,13.24,4.09,1,64.5,247.36
Jayanagar,1288,2,2,0,8,2.34,8.28,1,65.8,502.14
Sarjapur Road,1159,3,4,0,34,10.24,2.82,2,77.1,312.03
Electronic City,675,1,1,2,23,1.14,0.94,0,53.2,193.56
Bellandur,450,1,1,0,12,12.0,7.77,2,82.5,194.49
Yelahanka,1831,5,6,1,12,25.09,13.5,2,83.4,309.09
Electronic City,778,2,1,1,29,7.98,1.79,0,84.5,247.2
Jayanagar,2165,4,4,1,24,20.58,2.94,1,60.9,452.71
Bellandur,975,2,1,2,34,1.9,,0,76.4,378.83
JP Nagar,1065,1,1,3,32,3.34,2.6,3,63.7,313.29
JP Nagar,730,1,2,2,17,24.46,1.84,1,62.1,289.53
Jayanagar,2730,6,7,0,31,20.18,4.75,2,64.2,676.37
Koramangala,1290,3,2,3,10,10.63,12.59,0,95.3,569.74
Koramangala,558,1,1,0,23,11.12,4.29,0,72.9,303.5
Whitefield,857,3,4,2,22,11.89,2.51,1,43.3,339.08
Yelahanka,450,1,2,0,20,28.11,6.94,0,81.3,140.91
Electronic City,1181,2,1,3,29,21.65,11.03,2,89.7,217.22
JP Nagar,486,1,1,3,34,18.85,3.82,1,50.6,342.14
Sarjapur Road,450,1,1,2,3,19.47,14.67,4,95.7,286.09
Hebbal,4482,6,6,1,0,1.2,10.11,2,98.2,793.02
Indiranagar,4728,6,6,1,18,7.8,2.26,4,40.9,884.81
Whitefield,1172,1,2,0,22,23.35,6.99,2,92.5,388.17
Bellandur,2592,4,3,3,5,9.59,6.19,2,61.4,510.76
Jayanagar,847,3,4,3,26,19.83,9.16,2,40.9,216.57
HSR Layout,809,2,2,3,10,28.31,5.03,0,84.4,400.34
Marathahalli,1725,3,3,2,17,13.68,11.87,1,89.4,377.08
Bellandur,1925,2,2,1,4,29.84,13.63,2,84.4,441.32
Indiranagar,1119,3,3,1,2,3.4,8.64,1,68.5,420.22
Bellandur,2774,4,4,3,14,13.55,13.7,1,53.4,547.68
Whitefield,3095,6,7,0,11,25.54,9.99,1,47.9,534.92
Indiranagar,2265,5,4,1,28,29.99,12.71,2,50.2,550.07
HSR Layout,1183,1,1,0,5,1.78,9.89,1,61.5,302.3
Hebbal,3646,6,6,3,10,24.2,5.25,1,98.1,489.67
Jayanagar,2839,5,4,3,26,27.88,7.1,0,72.1,594.4
Yelahanka,895,1,1,3,25,11.06,3.51,1,69.4,193.94
Marathahalli,1403,3,4,0,18,17.38,11.51,2,62.7,423.1
Yelahanka,1391,1,1,1,2,27.35,13.38,1,66.0,338.9
Sarjapur Road,450,2,2,3,17,19.38,13.94,3,99.4,244.77
HSR Layout,897,1,2,0,30,26.49,1.0,2,47.6,282.12
HSR Layout,1364,1,1,1,32,23.74,8.01,1,36.7,328.53
Bellandur,1804,2,3,1,27,28.18,,0,93.6,486.42
JP Nagar,2462,3,2,0,24,2.85,2.09,1,75.3,569.54
Yelahanka,1582,2,3,3,19,23.64,3.18,1,92.8,303.33
Indiranagar,602,2,2,2,34,9.89,12.45,1,72.1,401.29
Electronic City,1088,2,3,2,12,9.84,4.78,0,65.3,382.41
Hebbal,3940,6,7,3,2,16.11,6.16,3,80.4,719.35
Electronic City,3114,4,3,3,21,4.18,3.71,0,37.1,419.98
Koramangala,974,3,4,3,7,5.2,11.95,0,66.3,369.48
Whitefield,1124,4,4,1,7,27.3,8.22,1,45.7,462.34
Whitefield,1893,2,2,1,22,14.21,12.3,1,79.6,281.77
Whitefield,650,1,1,0,6,17.76,4.04,0,91.5,280.42
Yelahanka,1282,3,3,3,21,12.75,1.07,2,51.0,217.16
Indiranagar,2338,4,5,2,31,25.05,4.28,2,44.6,518.62
HSR Layout,623,1,1,3,1,12.58,14.4,1,92.4,426.32
Bellandur,2912,6,5,1,23,18.24,7.11,1,66.3,668.06
Bellandur,1149,1,1,3,28,17.71,0.96,2,72.4,422.83
Hebbal,847,2,3,2,7,4.28,3.99,1,89.6,351.82
HSR Layout,450,1,1,1,24,13.87,8.68,0,98.3,327.37
JP Nagar,1529,3,4,2,26,29.8,4.8,1,46.5,320.83
Koramangala,1490,3,3,2,34,24.92,2.63,2,44.0,331.28
Electronic City,526,1,2,0,23,8.57,4.81,0,88.2,140.08
Electronic City,450,1,1,0,0,29.45,10.06,3,89.1,326.95
Koramangala,911,1,1,0,32,19.24,6.29,2,95.6,347.17
Bellandur,454,3,3,3,32,6.89,5.81,1,44.9,333.79
Hebbal,450,1,1,0,6,6.39,5.52,0,92.4,252.08
Jayanagar,1180,1,1,2,13,8.53,13.92,0,43.1,354.83
Jayanagar,974,1,1,2,8,20.41,8.4,2,70.7,383.25
Yelahanka,676,1,2,2,11,9.17,,2,76.3,162.64
HSR Layout,610,1,1,2,25,29.97,8.04,1,59.7,308.85
HSR Layout,1464,3,2,2,5,3.86,12.99,0,84.4,524.47
Yelahanka,1326,2,1,2,6,21.22,12.78,1,94.0,245.18
HSR Layout,2620,5,4,1,30,7.99,,2,61.7,541.32
Koramangala,1072,2,1,0,0,18.68,5.94,2,60.4,374.25
Jayanagar,450,1,1,3,15,3.63,9.61,0,80.3,343.08
Koramangala,758,1,2,2,15,0.77,5.79,1,55.4,287.25
Bellandur,633,2,3,2,14,7.29,14.0,1,78.8,297.68
Koramangala,1070,1,2,2,17,29.32,9.63,0,51.1,339.65
Yelahanka,493,1,1,2,4,2.47,14.25,1,43.0,187.34
Indiranagar,486,1,2,3,9,28.93,13.99,2,38.1,340.34
Hebbal,527,1,1,2,16,23.62,5.53,4,80.7,131.65
Whitefield,970,1,2,3,17,20.41,7.8,1,65.7,335.94
Indiranagar,1806,2,3,3,17,17.57,11.62,2,72.5,381.43
Electronic City,896,1,2,0,15,26.72,10.14,3,72.3,241.8
Marathahalli,932,4,3,3,27,15.21,0.58,0,88.5,334.09
Indiranagar,2957,6,5,3,3,1.68,4.58,0,47.1,645.14
Indiranagar,2787,6,6,0,19,15.88,14.05,0,99.9,742.85
Indiranagar,1094,1,1,3,11,4.08,0.74,0,76.4,456.31
Whitefield,690,2,2,1,12,22.98,14.58,0,87.7,327.59
Electronic City,1866,3,3,1,5,17.29,6.88,1,35.3,308.69
Yelahanka,1203,2,2,3,15,20.43,9.02,1,77.1,314.18
Bellandur,2867,5,5,3,34,3.04,6.99,0,42.8,509.35
Electronic City,1461,2,3,3,7,21.0,0.64,1,37.1,235.47
Electronic City,772,1,1,3,2,0.88,12.15,1,86.0,256.72
Jayanagar,782,3,3,3,20,20.98,8.31,2,63.8,331.78
Hebbal,2107,3,4,1,12,25.34,3.7,2,78.1,365.71
Koramangala,914,1,1,0,18,9.69,9.45,2,78.1,321.61
Koramangala,694,1,2,3,17,25.75,10.31,0,56.7,352.87
Indiranagar,3868,6,5,0,11,26.07,,1,74.1,816.86
Koramangala,574,1,1,0,22,7.68,3.46,1,100.0,381.04
JP Nagar,515,1,2,2,33,25.1,7.32,2,36.4,156.3
Jayanagar,1595,2,1,2,4,15.74,8.68,1,72.8,455.89
Yelahanka,879,3,2,0,17,6.65,8.99,2,78.6,251.52
JP Nagar,1490,3,4,1,26,1.87,5.23,2,78.2,479.14
Electronic City,969,1,1,0,12,28.73,12.4,1,44.0,283.32
Sarjapur Road,1317,1,2,3,5,28.19,4.67,2,63.1,410.78
Koramangala,1158,4,5,0,34,22.81,11.35,0,45.9,490.85
Marathahalli,821,1,2,1,2,14.72,,4,38.6,164.08
Electronic City,1959,3,2,3,25,13.7,1.95,0,56.1,354.65
Whitefield,992,2,2,2,2,8.5,12.18,1,92.5,298.87
Electronic City,1285,3,4,1,28,6.49,13.14,1,68.1,305.1
Sarjapur Road,1631,2,2,3,34,15.06,0.9,2,61.5,249.91
Jayanagar,773,2,3,0,24,6.81,14.89,0,88.0,395.2
Whitefield,1168,2,2,2,29,3.87,7.66,2,49.4,438.85
Sarjapur Road,2320,3,4,3,18,3.72,2.79,1,79.6,474.8
Whitefield,1138,2,1,1,0,15.82,9.89,4,75.3,467.91
Whitefield,1625,3,4,0,27,22.79,8.06,2,96.1,437.99
Bellandur,1067,1,1,2,13,5.42,7.16,1,61.9,336.6
Whitefield,1593,2,3,3,27,3.61,7.83,3,35.4,437.87
Koramangala,849,1,2,2,27,21.01,10.24,1,59.3,489.56
Koramangala,1219,2,3,2,25,12.3,6.69,1,83.8,461.01
Jayanagar,2178,4,4,3,3,11.34,11.57,3,51.9,501.14
Whitefield,2866,4,5,1,0,6.89,12.23,0,81.1,479.64
Jayanagar,1074,2,1,2,13,15.7,12.12,3,46.8,422.71
Yelahanka,1148,2,3,3,15,17.47,8.28,0,70.6,274.24
Hebbal,1135,2,1,3,10,15.49,6.42,3,76.7,421.73
Hebbal,1969,2,2,3,7,29.96,,0,51.5,380.15
JP Nagar,450,1,1,0,25,14.62,,1,72.8,366.02
Electronic City,2708,4,3,2,7,15.69,5.24,0,52.5,468.45
Whitefield,541,1,1,3,19,27.57,6.16,2,75.2,131.37
Electronic City,888,2,3,1,4,14.08,6.03,2,35.7,284.35
Yelahanka,2240,3,4,0,19,24.37,5.45,0,59.0,353.82
Bellandur,1191,1,2,1,12,3.56,6.8,1,93.0,304.92
Whitefield,1235,1,2,0,0,5.18,7.21,2,62.3,236.84
Indiranagar,1340,1,1,3,26,8.04,4.19,2,63.4,407.82
JP Nagar,1445,4,5,0,14,25.12,2.71,1,90.4,442.51
Jayanagar,1026,3,2,2,21,14.7,1.0,0,82.4,416.37
Whitefield,1093,2,1,2,20,27.06,10.66,2,57.6,292.68
Bellandur,2547,4,3,2,28,15.79,10.24,0,98.2,503.38
Yelahanka,2445,4,3,1,12,21.19,3.52,2,85.3,501.67
Koramangala,5318,6,6,3,21,23.33,4.2,1,55.8,829.25
Whitefield,3174,6,6,3,9,7.91,7.42,2,41.2,543.89
Sarjapur Road,1871,3,4,0,22,19.03,1.71,0,97.0,477.03
HSR Layout,2084,3,3,0,12,0.83,6.91,4,96.0,578.84
Bellandur,1751,3,4,1,25,13.73,,0,89.7,498.18
Whitefield,1345,1,2,2,32,5.62,8.33,2,88.9,371.76
Hebbal,536,1,1,1,20,12.17,7.16,0,98.2,316.02
Hebbal,1483,2,2,0,34,12.31,,1,58.4,350.53
Hebbal,776,1,1,3,0,6.16,11.94,2,67.2,307.18
Electronic City,1639,4,4,2,11,25.43,2.63,2,86.7,326.19
Whitefield,2202,4,3,2,30,23.88,4.43,2,75.1,484.01
Marathahalli,450,3,2,0,10,16.2,9.26,2,78.4,246.85
Electronic City,2119,6,6,0,14,18.86,5.77,0,48.8,253.94
Bellandur,1054,3,2,1,21,7.64,3.44,2,40.1,406.5
Hebbal,2182,4,5,1,2,14.42,4.01,2,66.0,476.92
Electronic City,2057,2,2,1,24,6.58,,1,62.0,511.37
Electronic City,657,1,2,0,15,6.99,9.91,1,45.9,136.75
Indiranagar,915,2,3,0,1,4.98,2.62,0,93.9,611.5
Yelahanka,1611,2,2,1,6,4.0,2.77,1,99.2,311.57
Bellandur,474,2,1,3,14,11.13,,2,92.7,371.36
Jayanagar,1085,2,1,0,24,29.36,5.73,0,59.6,376.97
JP Nagar,3010,5,5,2,0,17.91,13.06,1,41.9,544.67
Whitefield,2204,4,4,1,0,28.33,5.18,3,90.3,395.89
Whitefield,3352,4,3,0,6,10.15,13.18,0,81.4,566.61
Electronic City,838,1,2,2,9,7.78,12.64,0,53.9,135.18
Hebbal,751,2,1,2,1,7.69,9.72,4,36.6,351.36
Marathahalli,1642,2,2,0,25,16.08,14.41,0,41.2,200.2
HSR Layout,829,1,1,2,32,20.72,,0,40.7,245.35
Sarjapur Road,553,1,1,0,11,8.29,0.46,4,54.6,299.48
Koramangala,2824,5,5,3,23,14.51,8.46,1,74.4,675.37
Sarjapur Road,2285,4,3,3,20,24.02,9.76,3,91.2,499.9
Jayanagar,1061,1,2,1,29,9.64,11.36,0,62.5,447.45
Indiranagar,1669,2,2,3,32,1.57,10.7,2,57.4,647.07
Hebbal,3455,6,6,0,2,12.16,2.66,2,69.7,693.07
Marathahalli,733,1,2,2,17,20.42,6.55,1,40.7,281.28
Sarjapur Road,3025,5,5,3,11,17.23,5.23,4,92.5,637.62
HSR Layout,599,1,2,0,12,18.34,5.61,4,97.2,251.19
JP Nagar,575,1,1,2,5,5.21,12.96,1,57.6,342.57
Yelahanka,1352,2,1,3,3,9.71,,4,56.4,279.64
JP Nagar,880,3,4,3,32,23.9,1.17,0,57.0,202.6
Koramangala,1132,1,2,0,22,5.16,1.86,1,43.5,498.07
HSR Layout,1026,1,2,3,21,26.45,12.05,1,63.4,212.06
Marathahalli,2234,3,2,2,15,10.39,5.53,3,100.0,505.33
Jayanagar,911,1,1,2,16,10.08,8.95,0,66.3,435.95
Hebbal,533,1,1,1,33,17.47,10.61,2,76.5,169.34
Koramangala,1119,2,2,0,24,9.47,4.69,0,47.9,404.34
Yelahanka,5720,6,6,1,12,29.29,12.39,1,42.0,581.8
Yelahanka,571,1,2,3,29,4.69,,2,67.6,299.24
Indiranagar,1331,4,5,1,0,22.94,6.0,1,89.2,418.11
Yelahanka,525,3,2,1,16,9.3,12.36,0,48.5,157.37
Bellandur,450,1,1,0,1,3.05,10.17,4,77.3,409.26
Whitefield,802,2,2,0,21,1.83,1.51,1,86.4,201.1
Electronic City,2073,3,4,3,29,6.43,9.06,0,51.7,309.06
Whitefield,2931,6,5,1,4,17.35,4.25,2,55.0,554.16
Indiranagar,1281,4,4,0,0,20.48,6.12,1,40.4,291.33
JP Nagar,1085,1,1,1,0,17.95,14.55,2,43.6,223.19
Electronic City,1678,4,3,1,9,4.4,2.24,0,92.5,320.23
JP Nagar,814,1,1,1,31,29.7,10.6,0,39.8,334.58
Hebbal,1112,4,4,0,2,10.57,10.5,0,74.1,453.2
HSR Layout,1912,4,3,0,24,11.8,,0,71.0,513.12
HSR Layout,450,3,2,3,31,16.6,14.84,3,87.4,416.41
HSR Layout,822,1,1,1,24,3.19,8.25,1,44.3,390.49
Sarjapur Road,1067,2,1,1,11,9.46,5.87,2,47.1,189.2
Bellandur,1613,3,2,1,12,25.44,,2,74.0,420.01
HSR Layout,450,1,1,2,30,23.83,6.93,1,45.6,345.95
Bellandur,450,1,1,1,0,15.4,12.4,1,35.9,203.03
HSR Layout,450,1,1,0,19,20.95,13.0,4,99.3,296.9
JP Nagar,710,1,1,2,14,24.35,10.42,4,92.9,411.91
Indiranagar,1924,1,1,3,4,13.05,10.59,0,42.7,513.66
Sarjapur Road,1609,3,3,3,28,4.4,11.02,1,42.0,311.02
Electronic City,2136,5,5,1,14,27.34,5.49,2,79.4,277.51
Koramangala,1075,2,3,1,18,25.45,11.71,1,50.3,462.36
JP Nagar,1079,2,2,2,29,2.62,7.02,2,91.2,313.43
Sarjapur Road,1098,2,3,3,1,28.99,2.54,0,55.4,191.67
Electronic City,878,2,3,0,7,22.99,5.07,0,96.2,343.28
Jayanagar,6236,6,6,1,10,29.52,5.31,1,79.3,961.56
Indiranagar,1542,2,2,1,8,13.48,5.6,1,66.0,595.96
JP Nagar,686,1,1,0,23,4.86,0.87,0,91.5,239.47
Sarjapur Road,1045,3,3,3,25,16.49,7.28,1,37.7,373.48
Indiranagar,2165,3,4,2,33,19.02,6.44,1,42.3,643.82
Bellandur,450,1,1,3,26,19.31,7.79,3,67.9,287.4
Whitefield,1010,3,3,0,12,2.89,,3,40.9,298.76
JP Nagar,2471,5,4,3,3,22.7,11.62,1,42.4,398.32
Whitefield,1779,1,1,0,33,17.35,8.7,3,62.3,360.7
HSR Layout,893,3,3,2,28,20.64,,0,84.2,382.45
Indiranagar,2107,4,5,0,23,4.17,7.09,0,87.7,577.87
Yelahanka,1120,3,4,2,29,20.86,2.42,4,87.2,344.86
HSR Layout,635,1,1,1,10,1.92,6.1,1,89.8,330.26
Bellandur,1053,1,2,3,29,4.98,7.08,3,92.0,365.81
Sarjapur Road,2838,6,6,1,28,9.87,7.52,1,60.3,547.7
Jayanagar,1609,3,3,2,23,12.48,3.35,3,81.5,504.41
Yelahanka,1182,1,1,3,1,7.4,6.07,3,98.9,352.23
Hebbal,450,2,3,3,14,8.45,10.43,1,76.3,423.32
Jayanagar,958,2,1,2,4,5.9,4.35,1,83.2,414.53
Indiranagar,2001,1,1,2,11,23.62,3.05,0,71.5,571.23
Sarjapur Road,2160,4,4,1,27,5.64,,0,97.8,459.52
Sarjapur Road,450,1,2,3,31,2.15,1.5,0,67.1,341.59
Marathahalli,602,2,2,2,12,20.18,1.02,1,53.7,314.6
Koramangala,1016,3,4,0,13,12.4,9.98,1,42.8,394.13
Bellandur,943,3,3,1,18,5.07,8.13,0,38.1,225.19
Whitefield,1807,4,3,3,25,3.09,14.84,2,83.0,331.62
Marathahalli,450,1,1,2,15,2.57,,1,49.7,187.44
JP Nagar,756,2,2,1,22,21.64,3.0,2,37.5,280.36
Hebbal,2056,3,4,1,8,12.56,,2,79.2,435.96
Whitefield,2181,4,4,0,0,14.98,14.55,2,70.0,476.22
Marathahalli,467,1,1,0,29,9.27,,2,64.5,273.73
HSR Layout,1782,5,5,1,23,16.19,2.06,2,95.7,419.51
Yelahanka,478,1,1,0,15,8.89,11.91,2,71.9,237.18
Yelahanka,1779,2,2,2,28,22.73,14.09,4,97.8,164.64
HSR Layout,1884,1,2,1,26,13.59,13.34,0,60.7,450.22
Hebbal,1340,1,1,2,15,9.37,13.81,1,91.7,388.49
Jayanagar,636,1,1,1,24,3.71,,0,82.6,409.1
Yelahanka,450,1,1,3,15,3.77,3.3,1,76.6,196.79
Jayanagar,3047,5,5,1,18,16.63,1.61,2,35.8,571.01
Sarjapur Road,462,1,1,1,9,21.06,14.86,0,86.9,157.17
Jayanagar,777,2,3,3,21,11.72,14.43,1,87.1,267.76
Koramangala,1008,1,2,3,13,26.06,,1,44.8,316.9
Koramangala,1226,2,3,3,14,5.4,2.3,2,89.7,430.63
Hebbal,1696,4,3,0,31,20.15,6.14,1,65.7,362.21
Hebbal,1586,2,1,2,25,4.21,4.07,3,64.5,420.12
Indiranagar,1378,2,2,1,21,26.04,,3,100.0,488.8
Hebbal,1050,1,1,3,21,23.73,,0,53.0,269.92
Whitefield,665,2,1,3,12,0.59,8.33,1,40.7,276.95
Indiranagar,2288,4,5,2,11,28.16,14.28,0,43.6,514.79
Sarjapur Road,1541,3,4,2,14,8.57,8.91,2,87.5,554.29
HSR Layout,1905,2,2,2,26,21.1,10.66,1,84.6,404.06
Jayanagar,1041,2,2,3,3,15.14,2.9,1,47.2,424.2
JP Nagar,1925,4,5,3,33,6.38,10.9,3,58.4,451.13
Koramangala,450,1,1,2,2,29.56,14.19,1,42.3,211.61
Jayanagar,2418,3,4,3,29,2.75,3.84,0,73.3,557.97
Yelahanka,1054,1,1,0,24,26.42,10.68,3,42.0,351.34
Jayanagar,891,1,2,3,29,9.49,11.91,1,87.3,316.43
Yelahanka,848,1,2,0,21,11.55,14.99,0,88.7,261.42
Sarjapur Road,792,2,3,3,34,1.32,0.8,0,67.9,297.92
Bellandur,1213,2,3,3,29,29.47,,2,85.3,408.18
Electronic City,1385,4,5,3,15,17.03,8.29,0,88.2,415.94
Jayanagar,3411,5,6,0,32,28.89,3.22,4,47.3,676.91
HSR Layout,1228,2,3,1,18,0.68,,1,85.9,415.36
Electronic City,563,1,1,2,22,5.6,11.02,2,37.4,287.18
HSR Layout,5218,6,7,3,20,25.88,5.5,0,99.5,672.26
Sarjapur Road,1167,1,2,0,28,11.05,3.61,1,76.1,283.73
Hebbal,1083,2,3,0,16,22.31,,3,98.6,243.43
Indiranagar,847,2,3,3,10,29.54,5.64,3,59.7,430.82
Yelahanka,483,1,1,0,33,17.14,14.03,1,58.4,242.19
Jayanagar,2657,5,5,2,10,21.34,3.83,2,53.1,543.79
Hebbal,553,2,1,3,30,5.95,2.51,1,47.0,200.26
Electronic City,2311,4,5,1,17,26.18,7.13,2,81.2,513.27
Hebbal,997,2,1,2,30,29.04,8.22,0,44.8,354.21
Whitefield,1750,2,2,0,17,4.03,10.73,1,40.5,339.16
Hebbal,984,2,1,3,1,3.07,8.64,0,58.0,301.34
Bellandur,1480,3,2,3,32,21.0,,0,89.1,271.21
Jayanagar,1192,2,1,1,5,16.78,5.18,1,45.5,488.85
Hebbal,1227,3,2,0,29,18.05,4.46,1,51.5,440.32
Hebbal,2710,6,7,1,8,25.77,10.89,1,48.6,549.49
JP Nagar,1211,1,2,3,20,12.29,4.66,0,97.0,420.08
HSR Layout,590,2,2,1,21,5.11,2.89,2,46.8,138.81
Indiranagar,450,1,1,2,28,17.72,14.62,0,35.1,250.34
Jayanagar,829,1,1,2,1,22.26,6.74,1,46.1,275.78
Marathahalli,1824,2,1,1,0,14.08,11.42,3,81.9,397.0
Marathahalli,1777,3,3,2,6,21.95,1.27,2,40.2,343.08
Hebbal,2014,2,1,3,23,13.15,11.13,4,62.7,489.66
Jayanagar,1569,4,3,2,6,23.41,8.01,1,83.5,436.59
Jayanagar,1544,3,4,2,20,28.96,7.9,1,77.0,348.94
Electronic City,737,2,1,1,18,24.59,,1,49.9,251.02
Jayanagar,1739,2,1,0,8,27.74,8.07,1,83.8,495.21
JP Nagar,3178,6,7,2,19,24.39,2.39,3,60.9,564.61
Sarjapur Road,1106,1,1,1,24,28.41,2.2,1,90.7,429.57
Sarjapur Road,1841,3,2,1,18,6.33,1.34,4,65.8,463.43
Koramangala,827,1,1,2,14,10.84,12.78,1,59.5,434.22
Bellandur,2375,4,4,3,13,20.28,14.84,2,66.0,560.35
Whitefield,1851,2,3,2,1,1.14,9.2,0,67.8,513.68
Indiranagar,1307,2,1,0,28,12.39,9.61,2,37.8,378.85
Bellandur,650,1,1,1,29,16.91,9.37,0,87.5,239.48
HSR Layout,1509,3,4,1,21,28.45,14.1,0,77.0,378.31
HSR Layout,3523,6,5,2,24,17.94,,4,52.7,611.37
Electronic City,1304,2,3,2,34,27.9,0.39,0,46.9,285.6
Whitefield,5328,6,6,3,15,0.95,6.46,1,38.5,797.12
JP Nagar,524,2,2,0,9,10.53,1.64,1,86.5,201.97
Marathahalli,740,2,2,2,25,20.76,1.24,1,45.7,268.82
Sarjapur Road,765,2,3,0,19,14.71,7.71,1,98.1,182.06
Hebbal,1213,4,3,1,19,1.69,12.78,1,95.7,347.33
HSR Layout,2200,3,3,3,21,26.1,13.59,2,51.4,521.53
Electronic City,852,3,2,3,9,22.05,,0,61.9,294.0
HSR Layout,1217,3,2,0,0,29.81,6.57,4,44.7,365.24
HSR Layout,1746,4,3,3,21,10.77,,1,37.1,394.49
Whitefield,1317,3,2,2,5,24.9,,3,100.0,330.81
Jayanagar,1262,2,3,0,20,11.09,8.01,2,48.0,384.9
Indiranagar,1151,3,4,0,5,21.16,,1,77.1,421.29
HSR Layout,3054,6,6,0,12,8.0,13.86,1,44.0,692.94
Jayanagar,721,3,3,3,0,27.87,2.37,4,38.9,388.36
Jayanagar,3294,5,5,1,22,27.15,2.95,0,42.0,624.6
HSR Layout,822,1,2,1,27,9.88,5.69,1,97.4,287.27
Koramangala,1857,2,3,0,21,12.85,4.42,0,83.8,613.48
Electronic City,1740,2,3,3,21,1.01,9.92,1,49.6,326.2
Marathahalli,1202,2,2,1,25,17.86,6.49,1,84.6,417.03
Marathahalli,1246,2,3,3,17,18.21,14.37,1,61.6,458.24
Koramangala,1620,2,1,0,32,2.51,3.32,0,63.9,456.08
Electronic City,1056,3,3,3,7,25.62,3.83,2,93.9,247.51
Jayanagar,802,1,1,2,4,9.19,6.62,0,42.0,356.52
Koramangala,2508,2,1,0,1,22.02,13.24,2,86.7,699.93
Electronic City,987,2,2,1,26,3.96,,0,69.9,289.74
Electronic City,1249,3,2,3,15,21.21,9.22,0,95.1,265.51
Whitefield,1056,2,2,0,6,6.3,5.42,1,77.7,448.29
Hebbal,1449,2,2,0,1,15.27,10.98,2,97.3,241.69
JP Nagar,1937,4,3,0,33,27.63,13.61,0,49.3,301.11
Hebbal,760,2,2,3,11,28.52,8.12,1,88.7,319.38
Bellandur,450,1,1,1,7,14.02,10.16,0,98.2,283.67
Koramangala,4990,6,5,3,29,24.03,6.27,0,97.5,817.7
Yelahanka,559,2,1,2,8,12.22,9.23,0,35.4,223.48
Koramangala,1413,1,1,0,0,4.87,12.93,2,37.9,446.67
Sarjapur Road,653,1,1,3,9,1.07,1.39,1,78.4,418.22
Electronic City,1164,2,1,0,9,7.98,3.27,1,88.4,257.99
JP Nagar,450,1,2,2,25,1.29,14.63,0,59.7,254.02
HSR Layout,4476,6,7,2,31,3.17,9.39,2,43.9,637.36
Indiranagar,1054,2,1,1,10,28.57,13.22,4,36.4,269.23
Whitefield,1101,1,1,1,19,16.89,12.5,0,77.8,378.19
JP Nagar,2046,1,1,1,7,24.81,12.47,2,58.1,471.22
Indiranagar,763,1,1,2,24,23.51,13.17,2,41.6,370.95
Electronic City,450,1,2,1,2,12.83,4.93,1,69.6,248.4
JP Nagar,2880,5,6,0,20,21.09,12.88,2,97.0,480.3
Yelahanka,450,1,2,2,18,22.38,7.89,4,88.7,210.42
Indiranagar,1397,3,3,3,8,10.28,5.52,1,81.0,496.37
Electronic City,460,2,3,2,19,1.12,3.05,1,37.9,277.32
Koramangala,1548,2,2,3,34,22.98,12.89,0,42.4,518.82
Sarjapur Road,1777,3,4,2,29,20.42,1.81,1,52.6,379.47
JP Nagar,1080,3,2,0,11,7.5,8.19,2,36.0,353.23
Marathahalli,832,3,3,1,17,11.83,10.0,2,85.9,300.61
Koramangala,722,2,1,2,26,10.54,4.62,1,37.4,260.15
Marathahalli,1182,3,3,2,1,20.76,0.78,1,91.5,305.22
Bellandur,912,2,1,2,22,14.7,,1,97.7,315.78
Hebbal,649,3,2,2,31,6.81,7.25,3,62.4,396.47
Hebbal,993,4,5,2,16,23.43,,0,81.9,377.18
Sarjapur Road,903,1,1,2,21,8.75,4.85,0,89.0,352.87
Koramangala,6500,6,6,0,22,2.33,8.08,2,83.6,997.18
Electronic City,960,1,1,3,21,2.05,3.74,3,76.5,393.21
Whitefield,860,1,2,0,32,9.64,2.31,1,44.0,214.1
JP Nagar,1878,4,3,1,7,8.06,12.32,2,47.9,436.15
Yelahanka,4138,5,4,1,7,19.45,10.99,3,98.2,518.83
HSR Layout,700,3,4,2,12,9.96,7.0,1,79.3,424.11
Sarjapur Road,1080,2,3,1,9,28.23,12.81,1,43.3,381.21
HSR Layout,764,2,1,1,24,18.09,14.58,2,56.0,291.75
Sarjapur Road,2656,2,3,3,22,10.72,14.65,1,95.8,490.86
Yelahanka,1929,2,1,0,16,3.92,14.38,1,39.7,257.57
Hebbal,1835,4,3,1,29,3.14,14.68,1,38.2,556.84
HSR Layout,701,1,2,3,4,7.44,13.88,4,78.1,296.39
HSR Layout,1293,3,2,2,25,7.18,,4,75.8,377.16
Koramangala,2464,5,5,1,4,19.47,7.64,3,94.6,619.23
HSR Layout,3379,6,6,1,18,5.72,10.71,1,46.4,640.09
Hebbal,999,4,5,0,10,28.85,12.29,0,41.3,455.04
Hebbal,1737,4,3,0,4,19.64,8.24,1,99.7,546.34
Hebbal,2347,5,4,3,16,1.88,1.14,1,76.1,628.43
Marathahalli,1446,1,1,1,31,12.11,2.8,1,74.9,343.73
Yelahanka,2507,6,7,1,11,21.29,11.74,0,77.9,485.69
Hebbal,450,2,2,3,16,10.06,5.06,1,36.3,390.09
Sarjapur Road,1804,1,1,1,23,14.21,2.91,1,65.3,383.3
Electronic City,1259,3,4,0,34,5.39,10.1,1,63.7,362.23
Jayanagar,2043,4,3,1,29,24.98,2.38,1,93.7,566.86
Yelahanka,4943,6,6,0,0,29.7,12.87,1,90.3,555.98
Electronic City,1989,5,5,1,9,26.85,,0,90.8,415.43
Koramangala,450,1,2,0,30,9.4,4.7,2,64.5,332.68
Yelahanka,627,2,2,2,30,19.81,14.95,0,39.2,176.54
Bellandur,1927,2,1,1,16,12.61,8.42,2,72.7,421.38
HSR Layout,1989,3,2,3,14,17.63,1.72,4,74.6,450.45
Jayanagar,3715,5,6,2,11,28.0,,2,35.7,710.61
Electronic City,2176,5,5,2,26,17.2,12.45,1,59.4,300.98
Jayanagar,654,1,2,2,3,23.28,1.8,1,58.8,310.65
HSR Layout,5248,6,5,0,22,21.55,5.31,3,52.1,784.21
Yelahanka,974,2,1,3,20,25.71,10.17,1,90.6,251.83
Marathahalli,1449,3,3,2,20,22.51,,2,47.7,277.46
Marathahalli,779,1,2,3,7,11.16,,2,39.6,284.02
Indiranagar,1946,3,4,3,17,13.99,8.39,2,79.3,456.48
Marathahalli,3283,5,4,3,23,19.3,9.4,0,38.7,504.12
Bellandur,3095,6,6,0,13,8.95,,0,41.7,711.18
Koramangala,1251,2,1,0,3,14.05,11.47,2,69.2,375.56
Sarjapur Road,1201,4,3,3,14,24.3,2.33,2,82.5,349.06
HSR Layout,1988,3,2,1,10,3.85,,0,95.9,544.57
Marathahalli,1033,3,3,0,23,14.57,3.38,0,41.1,286.12
Jayanagar,2353,4,3,2,30,6.99,7.65,0,87.0,541.51
Hebbal,2921,6,5,3,24,26.87,3.66,2,47.5,466.59
Marathahalli,1549,3,4,0,18,9.12,4.48,2,38.8,250.34
HSR Layout,855,1,1,0,13,11.19,12.49,3,82.9,401.35
Indiranagar,1172,2,3,0,8,8.14,10.42,1,73.1,452.78
Bellandur,2968,6,7,1,19,2.72,10.59,2,87.5,588.95
Bellandur,6500,6,6,1,29,12.5,5.93,4,58.9,872.49
Indiranagar,2045,5,4,2,28,13.67,7.38,1,53.4,601.02
Hebbal,826,1,1,2,19,18.24,7.48,2,69.5,324.67
Jayanagar,770,1,2,1,4,23.16,0.75,3,64.0,395.09
HSR Layout,1249,2,1,1,0,15.74,9.79,1,91.9,412.05
Indiranagar,2221,5,4,1,23,10.15,7.71,2,62.1,705.17
Indiranagar,524,1,2,0,11,29.42,7.17,1,51.4,206.2
Sarjapur Road,1328,2,2,2,17,13.12,14.36,2,81.8,300.29
HSR Layout,1839,5,6,3,29,18.6,2.9,1,49.1,592.49
JP Nagar,2034,2,1,3,19,10.15,11.18,1,37.0,436.76
Electronic City,1282,2,3,3,29,23.54,8.85,3,39.8,276.52
Bellandur,476,1,1,1,5,26.02,10.84,0,48.2,300.57
Jayanagar,3220,5,5,1,33,25.69,13.17,3,69.1,541.98
Marathahalli,3080,5,6,1,4,14.87,6.02,3,62.1,372.94
JP Nagar,1357,3,3,2,11,15.05,5.58,2,82.8,442.19
Jayanagar,924,1,2,2,8,19.99,13.03,0,57.0,355.6
Marathahalli,1083,2,1,3,33,25.37,11.8,4,89.4,237.29
Jayanagar,1003,3,4,2,26,13.45,11.03,1,63.5,379.02
Electronic City,1381,4,5,3,26,4.67,3.02,2,75.8,361.55
HSR Layout,1578,3,3,0,15,7.09,,0,79.3,519.42
Electronic City,526,1,2,0,1,16.39,1.3,2,69.4,241.03
Yelahanka,450,1,2,0,17,4.69,1.41,3,81.2,153.6
Bellandur,1027,1,2,1,8,3.31,8.76,1,41.0,412.04
Yelahanka,1330,2,1,0,7,5.99,4.5,1,68.6,287.35
JP Nagar,500,1,1,1,21,27.81,9.43,3,85.3,228.63
JP Nagar,1467,1,2,0,1,25.25,11.33,0,75.2,310.2
Electronic City,2433,5,6,2,31,14.77,4.6,3,68.0,391.84
Hebbal,879,2,3,1,32,21.59,5.72,2,39.6,304.1
Yelahanka,2273,4,3,1,23,28.64,1.0,1,89.5,470.09
Whitefield,693,1,1,0,30,27.68,,0,62.3,219.06
Jayanagar,1628,2,2,0,8,13.09,8.83,0,66.0,381.59
Marathahalli,592,2,2,0,14,17.53,,1,52.9,245.06
Hebbal,1056,2,3,0,19,8.73,2.56,0,82.2,355.12
Sarjapur Road,541,1,1,1,27,18.71,6.53,3,61.4,139.96
JP Nagar,1149,1,2,0,15,4.13,6.29,1,46.9,305.01
Yelahanka,1725,2,1,3,16,24.77,12.19,1,73.5,287.9
Hebbal,2880,5,4,1,32,29.38,14.76,2,94.1,468.15
Electronic City,723,2,1,1,10,7.46,10.09,2,68.2,311.71
Electronic City,915,2,3,0,15,25.26,,2,69.1,284.26
Yelahanka,450,1,1,0,29,9.4,,3,40.3,282.43
Electronic City,1755,2,2,2,11,23.0,1.33,0,88.0,410.75
Sarjapur Road,671,1,1,2,4,4.61,10.32,3,64.0,382.77
HSR Layout,680,1,1,1,22,4.8,6.98,1,76.9,401.3
Sarjapur Road,1104,3,2,1,10,2.67,11.27,1,64.1,372.72
Marathahalli,2644,4,5,3,10,28.14,8.63,1,61.0,480.55
Marathahalli,660,1,2,2,3,13.38,10.19,2,74.4,377.98
JP Nagar,2534,6,5,0,14,7.48,5.58,1,89.3,496.93
JP Nagar,1941,4,5,0,3,27.53,6.39,0,98.6,527.49
Bellandur,1235,1,1,2,31,3.66,,2,42.3,431.06
Electronic City,2152,3,3,3,25,12.37,1.39,0,44.9,420.07
Yelahanka,1173,1,1,0,28,6.77,1.17,0,97.2,347.76
HSR Layout,574,1,1,3,16,11.34,4.49,0,44.3,431.35
Koramangala,1209,2,1,2,12,2.74,7.53,0,75.9,548.08
Indiranagar,1091,3,3,0,23,13.65,5.17,0,71.3,476.13
JP Nagar,567,1,1,2,31,25.79,7.77,2,86.3,275.05
Hebbal,2350,6,6,2,19,4.11,4.1,2,51.6,420.9
Electronic City,722,1,2,0,8,29.38,7.09,1,38.6,270.43
Hebbal,450,3,2,2,20,7.42,12.13,2,49.0,261.06
JP Nagar,669,3,4,1,2,28.56,3.27,0,67.2,238.38
Koramangala,1544,1,1,0,7,7.27,4.29,1,87.7,376.85
Koramangala,2486,6,6,3,25,2.06,13.43,1,59.5,573.17
Whitefield,1428,1,1,0,6,22.07,1.29,2,90.5,431.3
Yelahanka,1334,2,1,2,28,17.14,12.79,0,85.1,287.55
JP Nagar,5277,6,6,3,23,25.35,14.12,0,66.5,657.65
Yelahanka,671,2,1,2,6,22.23,2.54,2,36.9,159.02
JP Nagar,840,1,1,0,2,8.13,5.25,0,79.5,286.52
Indiranagar,1004,2,2,3,11,12.62,,0,50.0,234.11
JP Nagar,571,1,1,3,15,4.73,2.75,1,74.6,291.5
Jayanagar,806,1,1,3,13,26.65,5.82,1,52.6,282.2
Sarjapur Road,3821,6,7,1,11,21.31,10.92,1,77.5,516.39
HSR Layout,1095,4,4,0,21,3.29,13.65,3,62.6,431.57
JP Nagar,1504,2,3,1,11,4.55,7.32,2,41.3,351.36
Yelahanka,621,2,2,2,22,29.12,11.17,0,97.2,213.19
JP Nagar,1074,1,2,0,2,13.35,14.36,2,88.7,381.12
HSR Layout,2605,4,4,0,21,10.64,3.4,1,64.8,634.48
Electronic City,840,2,1,0,7,29.16,9.09,1,43.6,283.32
Sarjapur Road,3980,6,5,3,6,6.89,8.41,1,92.6,657.2
Bellandur,1561,2,1,1,23,6.69,4.88,0,72.9,389.43
Sarjapur Road,3082,6,6,2,27,0.59,14.49,4,95.6,605.21
Bellandur,2267,5,4,0,25,15.7,14.28,2,56.8,346.81
Indiranagar,1988,3,4,1,1,28.99,9.23,1,51.6,467.71
Indiranagar,1666,4,5,3,7,26.78,14.76,3,89.9,627.15
Yelahanka,1559,2,3,0,11,6.6,9.2,1,88.4,332.93
Sarjapur Road,2747,2,2,0,1,24.94,12.98,2,89.0,631.99
Bellandur,779,3,2,0,12,11.15,4.63,3,44.9,407.6
Whitefield,1626,1,1,1,29,25.26,11.35,0,41.0,380.27
Koramangala,500,1,2,3,17,13.66,7.44,2,71.4,213.11
Sarjapur Road,3465,5,6,0,17,14.33,10.25,1,77.3,600.41
JP Nagar,2039,3,2,0,25,3.74,11.01,1,62.0,467.2
Koramangala,1698,4,4,3,29,1.48,3.08,1,96.1,514.26
Indiranagar,849,2,3,2,5,4.91,13.63,0,50.6,486.44
Yelahanka,1196,2,1,0,2,3.55,4.97,4,41.2,253.07
Koramangala,1626,2,2,3,27,22.53,1.23,0,51.0,337.19
Bellandur,450,3,3,0,16,10.88,2.34,3,97.7,233.71
Hebbal,1670,4,3,2,28,29.04,6.07,3,40.1,385.04
Whitefield,933,1,2,3,28,16.82,14.2,3,63.7,402.03
Marathahalli,2921,6,7,0,13,17.98,6.19,0,47.4,424.77
Marathahalli,1990,1,1,0,33,10.27,14.55,1,65.5,431.31
Koramangala,1858,3,3,1,28,16.57,3.77,3,73.7,515.72
Koramangala,2595,5,6,0,23,29.72,8.55,1,41.3,640.85
Electronic City,2136,2,1,3,5,2.19,6.59,2,55.9,373.93
Yelahanka,5356,6,5,2,17,15.39,7.05,2,82.4,590.63
Bellandur,1712,1,2,0,11,17.75,5.68,2,93.0,539.5
Marathahalli,3070,5,5,1,10,29.09,,1,97.7,509.51
Electronic City,3475,6,6,2,11,17.79,0.62,2,87.9,510.34
Hebbal,1182,2,3,2,30,25.06,,1,76.8,328.49
Marathahalli,2350,4,5,1,22,3.7,14.08,3,96.5,521.89
Bellandur,1841,1,1,1,8,13.54,10.82,1,96.6,359.8
Indiranagar,1049,3,3,2,5,6.65,7.24,1,96.2,599.02
Indiranagar,2330,4,5,1,6,20.83,7.26,1,93.5,563.42
Jayanagar,1917,1,2,0,33,26.1,5.6,1,50.6,498.55
Whitefield,6500,6,5,0,15,28.59,4.72,1,74.1,895.7
Koramangala,2068,4,4,3,5,29.88,3.25,0,62.9,559.1
Marathahalli,2298,3,3,0,2,10.06,5.51,0,66.1,393.65
Sarjapur Road,2933,4,5,0,7,21.67,14.92,1,63.2,444.53
Whitefield,1688,1,1,1,9,19.85,7.53,1,99.1,413.49
Electronic City,1394,1,1,3,12,5.03,4.61,1,96.6,218.54
Whitefield,1304,2,1,3,5,7.76,13.53,2,84.1,428.71
Sarjapur Road,470,2,3,1,16,7.38,6.09,1,91.3,231.19
Marathahalli,970,1,2,0,10,18.84,6.32,0,91.3,259.62
Electronic City,3707,5,6,0,4,5.09,9.45,1,36.1,588.85
Marathahalli,1950,4,5,0,17,18.52,11.8,2,93.9,430.69
JP Nagar,1085,1,1,3,14,22.81,14.38,0,55.3,402.5
Yelahanka,2866,4,4,2,23,22.37,,0,85.1,447.43
Indiranagar,3283,6,5,3,21,12.85,12.46,1,86.8,747.1
Sarjapur Road,1414,3,2,0,33,23.01,2.0,2,87.1,342.6
Sarjapur Road,5961,6,6,1,1,6.88,,1,36.3,753.36
Jayanagar,1440,3,2,3,17,5.19,1.21,0,52.1,351.72
Whitefield,1051,3,2,0,4,0.52,8.9,0,66.8,326.51
Sarjapur Road,1489,2,3,3,13,6.91,6.97,2,95.1,391.12
Koramangala,1479,3,3,3,24,20.32,1.18,4,37.5,463.07
Hebbal,1736,3,2,3,2,29.15,,2,44.6,430.36
Indiranagar,1262,2,3,2,21,29.5,13.73,1,68.4,265.33
JP Nagar,2404,5,4,2,20,2.81,7.96,0,66.0,502.85
Sarjapur Road,584,1,1,0,34,18.2,3.11,3,36.9,187.24
Bellandur,1374,3,3,0,3,1.85,12.66,0,88.8,529.85
Whitefield,1101,3,4,1,23,18.87,12.55,1,44.1,405.66
Whitefield,1660,3,3,1,22,0.91,,1,44.7,456.9
Hebbal,450,2,2,0,24,26.97,3.4,2,88.8,236.87
JP Nagar,1625,3,2,2,27,28.2,9.02,0,68.8,339.76
Yelahanka,1307,2,3,2,0,16.53,7.13,1,97.5,430.52
Jayanagar,450,1,1,0,2,22.47,6.56,2,88.9,228.59
Koramangala,1554,3,4,1,22,5.42,8.98,0,59.4,482.0
HSR Layout,1209,2,3,0,11,0.75,14.44,2,38.9,375.13
HSR Layout,3021,6,6,3,28,2.46,10.66,1,89.3,627.2
Sarjapur Road,1388,2,3,1,12,2.21,6.22,1,81.2,258.46
Bellandur,1736,3,3,0,28,16.3,6.79,3,89.0,397.87
Indiranagar,2525,4,5,0,30,6.47,10.8,0,91.1,643.8
Sarjapur Road,1848,3,3,2,29,18.08,12.32,0,75.4,542.53
Marathahalli,918,3,2,2,27,11.57,0.5,1,72.7,242.8
HSR Layout,2076,3,3,1,11,8.43,6.25,0,73.0,495.52
Sarjapur Road,1329,2,1,0,14,27.22,8.89,2,95.2,383.96
Whitefield,916,3,2,1,0,20.78,2.75,1,72.2,327.79
Indiranagar,1461,1,1,2,1,15.02,8.73,1,72.4,576.99
Koramangala,504,2,1,0,9,4.79,7.0,1,84.1,352.4
Koramangala,843,2,3,3,24,25.24,,0,84.3,276.58
Indiranagar,506,2,1,3,7,26.2,9.21,1,42.4,325.67
Yelahanka,1172,2,3,1,31,2.92,8.05,4,66.4,214.13
Hebbal,510,1,1,3,18,10.57,11.5,3,79.1,332.51
Jayanagar,1499,4,5,1,11,2.18,14.55,1,93.3,443.23
Yelahanka,2351,2,1,0,23,21.67,2.15,1,86.4,404.64
Sarjapur Road,2064,3,4,0,10,22.48,,0,76.3,452.74
Electronic City,514,1,1,2,19,18.0,9.42,1,37.9,221.8
HSR Layout,487,1,1,2,7,9.81,10.27,2,49.0,405.17
HSR Layout,805,1,1,2,14,26.92,2.46,3,88.3,353.12
Indiranagar,1128,1,1,1,8,5.24,3.06,2,65.0,347.73
Indiranagar,451,1,2,1,8,17.35,13.26,4,87.6,354.26
Koramangala,775,2,2,0,5,14.53,5.3,3,70.1,250.71
Bellandur,778,1,2,1,27,16.0,2.32,1,72.4,291.12
Whitefield,907,1,2,0,30,11.8,13.53,1,44.7,333.31
Marathahalli,450,2,2,1,23,29.99,1.45,2,54.5,321.67
Whitefield,466,2,2,0,25,26.78,5.65,2,75.8,131.85
Electronic City,845,2,3,3,33,28.36,11.82,4,89.8,301.45
Marathahalli,706,1,2,3,22,27.94,11.77,1,63.1,195.7
Whitefield,1067,1,1,0,19,15.14,8.01,1,91.3,231.38
Marathahalli,882,1,1,2,12,11.26,2.51,2,67.7,289.93
Hebbal,1284,1,1,1,30,22.54,7.15,1,45.2,314.79
Marathahalli,450,1,1,0,1,24.53,11.71,1,60.2,220.82
Whitefield,1041,1,1,0,22,2.55,8.75,2,58.8,349.16
Hebbal,450,1,2,2,7,21.64,9.08,2,92.7,235.26
Koramangala,1714,2,2,1,12,14.27,2.0,1,77.1,635.29
JP Nagar,2259,2,2,3,24,18.95,,3,55.6,399.92
Bellandur,684,1,1,3,27,13.81,2.71,2,72.3,205.24
Koramangala,1111,2,3,3,30,15.83,7.48,1,95.0,583.47
Marathahalli,1609,4,4,0,32,23.92,,1,85.7,349.78
Indiranagar,958,2,1,3,1,27.11,2.56,0,75.1,545.6
Indiranagar,1284,2,1,0,13,22.7,12.63,0,72.5,411.7
JP Nagar,706,2,2,0,16,23.57,1.14,0,62.9,321.05
Indiranagar,3302,6,7,2,3,4.42,11.5,0,36.6,772.45
Marathahalli,1126,2,1,0,30,24.47,13.36,1,40.5,326.41
JP Nagar,985,1,1,2,7,4.13,13.46,3,44.1,339.78
Electronic City,1955,3,3,2,26,19.33,13.88,1,87.9,474.79
Whitefield,1755,2,3,1,13,22.53,3.05,1,94.9,343.09
Jayanagar,450,1,2,2,13,7.84,14.09,1,59.0,364.06
JP Nagar,2420,3,4,3,20,17.06,3.86,1,81.3,758.7
JP Nagar,1036,2,1,0,21,22.62,13.11,1,92.3,324.82
Marathahalli,450,1,1,0,23,16.87,14.69,3,73.8,245.43
Electronic City,1013,1,1,2,19,4.29,7.02,0,79.8,338.81
JP Nagar,628,1,2,2,16,4.09,11.01,3,46.4,263.57
Koramangala,1582,4,5,3,23,26.86,6.73,2,97.5,412.06
Yelahanka,2043,6,5,3,13,1.7,7.81,2,79.2,451.51
Electronic City,1203,3,4,0,16,12.68,8.91,2,85.5,286.15
Koramangala,810,2,1,2,25,10.6,13.95,0,53.9,482.57
Whitefield,639,2,2,2,4,2.69,9.56,1,69.0,404.54
JP Nagar,1578,3,4,3,20,11.45,13.81,3,67.0,471.64
Marathahalli,1092,2,3,2,13,26.07,10.74,2,79.9,326.38
Indiranagar,506,2,1,2,30,29.33,9.04,0,54.6,325.23
HSR Layout,1948,5,5,2,6,11.82,9.22,0,36.1,559.51
Electronic City,724,1,1,2,24,8.76,3.87,2,57.9,268.45
Hebbal,1750,4,4,0,15,16.0,2.83,1,52.7,372.4
JP Nagar,850,3,3,1,34,12.59,11.23,0,95.3,188.05
Marathahalli,758,3,2,1,1,15.59,7.55,0,90.7,303.61
Jayanagar,1341,4,3,0,6,18.57,11.22,0,39.9,488.87
Electronic City,4556,6,6,1,11,1.11,14.03,2,65.1,563.45
Bellandur,1592,2,3,2,1,25.16,12.09,0,81.9,374.42
JP Nagar,726,1,1,3,22,19.62,6.02,1,51.3,316.46
JP Nagar,2036,5,6,3,25,17.33,2.0,0,45.4,424.0
Koramangala,1001,1,2,1,22,2.78,12.23,2,58.9,326.28
Sarjapur Road,3126,5,6,1,32,20.35,4.16,1,37.7,429.32
Whitefield,453,2,3,1,22,7.33,12.86,1,52.5,275.06
Yelahanka,3554,6,6,0,25,11.23,0.23,2,48.5,429.01
Bellandur,1875,2,1,3,8,26.35,11.09,3,37.7,434.17
Bellandur,664,1,1,2,15,20.01,3.89,1,67.8,312.17
Jayanagar,562,2,3,3,32,28.96,,1,89.7,329.77
Koramangala,2244,5,4,1,28,21.11,8.07,1,78.6,500.1
Marathahalli,877,1,2,3,22,28.54,5.56,1,62.3,346.94
Whitefield,562,1,1,2,32,27.97,13.27,2,83.4,256.24
Whitefield,1350,1,1,3,6,20.32,9.51,1,40.6,344.94
Jayanagar,1694,3,4,2,34,6.1,2.83,1,89.3,446.92
Koramangala,1673,2,1,1,29,23.01,,0,60.9,362.86
Electronic City,564,1,1,0,17,5.08,14.15,2,74.7,212.42
Hebbal,801,1,2,1,16,12.19,12.31,3,64.4,463.66
Hebbal,1293,3,4,1,26,16.93,4.17,1,38.2,465.51
HSR Layout,568,1,2,0,12,6.61,6.95,3,65.4,321.52
Sarjapur Road,1043,1,2,1,26,23.7,7.84,1,67.2,369.31
JP Nagar,1196,1,2,0,14,12.76,13.26,1,75.1,512.05
Indiranagar,1206,1,2,2,32,24.46,13.67,1,59.4,407.91
HSR Layout,450,1,2,1,26,14.77,0.42,0,96.3,233.31
Sarjapur Road,882,1,2,1,30,8.31,8.78,2,95.6,208.04
Sarjapur Road,746,1,2,3,33,22.59,8.4,4,49.1,326.84
Sarjapur Road,767,1,1,0,16,9.38,9.24,0,93.6,428.39
Whitefield,3044,4,5,0,11,4.03,4.73,0,37.1,483.16
Bellandur,1624,4,3,0,28,8.83,10.09,1,36.5,376.71
Electronic City,856,3,4,3,0,21.35,10.85,0,90.4,289.61
Koramangala,2894,3,4,3,14,14.03,14.29,2,79.3,588.99
HSR Layout,3090,6,6,1,4,1.45,2.92,3,43.2,695.86
Electronic City,1077,2,3,1,30,22.23,13.24,0,67.9,258.17
Indiranagar,727,2,3,3,15,1.71,11.31,2,67.9,367.31
Indiranagar,1709,5,5,3,10,15.08,5.36,2,36.4,623.69
Whitefield,468,1,1,0,23,0.91,0.86,1,42.1,236.27
JP Nagar,1330,1,1,2,1,8.73,11.11,2,83.0,401.63
Bellandur,926,1,1,2,15,17.55,6.1,2,94.9,466.18
Yelahanka,450,1,2,1,22,12.12,7.27,2,39.1,149.33
Electronic City,2894,5,5,3,27,6.87,,1,87.4,555.64
Hebbal,605,1,1,1,8,9.5,,1,91.2,270.04
JP Nagar,450,1,2,1,23,7.48,0.2,0,46.8,267.37
Electronic City,1005,3,4,1,7,6.32,0.25,0,74.0,297.42
Koramangala,450,1,1,2,34,9.44,2.39,3,77.5,176.88
Electronic City,3500,5,6,2,27,8.07,3.71,2,63.9,610.31
Electronic City,788,1,1,3,10,26.49,14.73,0,71.3,253.03
Whitefield,4765,6,6,1,6,10.97,2.82,0,96.6,755.81
Jayanagar,450,1,1,0,2,10.86,7.99,0,67.0,283.19
JP Nagar,5005,6,5,1,5,20.63,3.18,1,59.5,719.3
Whitefield,1029,1,1,2,17,4.22,8.11,1,70.0,297.57
Hebbal,902,1,1,3,34,14.39,6.69,0,35.8,333.6
Electronic City,1060,1,1,3,0,29.97,10.65,1,69.3,329.74
Sarjapur Road,2020,4,5,0,16,11.07,8.62,1,81.8,445.87
JP Nagar,656,1,1,1,34,25.18,3.98,2,98.1,271.75
Hebbal,2022,4,3,2,16,3.97,0.73,2,43.4,532.36
Marathahalli,762,2,3,3,32,18.86,6.03,0,82.7,161.55
Marathahalli,767,1,2,1,34,15.67,2.16,1,83.4,187.6
Hebbal,989,2,1,0,15,19.55,12.9,1,78.4,398.08
Koramangala,1871,2,1,2,20,27.44,6.69,2,56.4,544.94
Sarjapur Road,644,1,1,3,28,3.24,0.77,3,56.7,345.37
Hebbal,4104,6,7,3,10,6.29,10.84,1,50.1,683.91
HSR Layout,820,2,3,1,13,16.09,8.25,0,46.3,395.12
Yelahanka,4942,6,6,0,21,6.68,5.88,0,69.0,503.35
Sarjapur Road,652,1,2,1,15,15.47,3.08,2,60.4,429.72
Hebbal,5488,6,5,1,25,10.68,3.73,0,53.6,701.78
Sarjapur Road,2365,5,6,0,12,7.21,2.26,1,36.1,541.08
Whitefield,3507,6,6,0,15,14.08,10.1,1,59.0,413.81
Yelahanka,493,1,1,3,4,8.6,7.15,1,90.2,221.38
JP Nagar,672,1,1,3,9,8.83,,0,75.2,391.97
Sarjapur Road,634,1,1,2,14,11.22,10.92,2,92.4,271.63
Sarjapur Road,1158,2,1,2,16,13.74,2.62,1,84.4,358.49
JP Nagar,1899,2,3,2,20,7.83,1.39,2,69.1,445.99
Bellandur,2309,4,4,1,27,22.17,5.72,4,39.3,474.62
Hebbal,1656,3,3,3,21,15.62,5.56,0,79.4,443.17
Koramangala,1791,1,1,3,7,13.73,8.78,1,58.1,484.79
Sarjapur Road,3044,6,6,2,6,13.71,1.92,0,92.3,585.41
Jayanagar,1203,2,2,0,2,10.64,12.67,0,36.4,462.35
Sarjapur Road,907,1,1,3,22,6.34,9.36,2,72.4,288.87
HSR Layout,1822,2,2,0,20,17.18,10.3,1,85.2,398.24
Koramangala,1667,3,4,0,13,23.65,13.75,0,51.7,486.42
HSR Layout,487,1,1,1,9,25.96,13.26,2,98.3,249.74
Hebbal,1338,2,3,0,7,23.42,,0,73.5,440.63
Sarjapur Road,6259,6,7,2,1,5.17,3.06,0,74.3,784.77
Koramangala,1248,1,1,3,16,10.68,8.7,3,53.8,388.02
Yelahanka,2375,4,5,2,25,15.06,13.71,2,76.6,293.17
Hebbal,1058,1,2,2,3,1.78,,0,51.6,290.41
Bellandur,3509,5,6,1,4,7.1,1.05,2,74.7,600.8
HSR Layout,1801,3,4,0,16,19.41,8.68,0,63.4,415.59
JP Nagar,820,3,4,2,18,19.58,1.28,3,87.8,356.85
Jayanagar,2287,3,4,1,20,18.16,4.5,1,81.3,668.09
Electronic City,4060,6,5,2,19,3.72,9.33,2,84.1,506.92
Bellandur,1802,3,3,0,22,16.01,7.34,0,85.7,490.19
Sarjapur Road,1279,3,3,1,5,14.38,7.36,1,71.8,374.89
Sarjapur Road,1907,3,2,0,15,5.78,10.31,3,72.1,491.94
Yelahanka,1462,3,3,1,28,4.04,,1,47.4,267.09
Koramangala,2144,5,5,0,8,3.8,2.83,2,92.9,531.8
Jayanagar,976,2,1,2,2,8.01,7.69,0,97.8,330.65
Marathahalli,644,1,2,0,34,14.99,,0,64.3,146.82
Sarjapur Road,2459,4,4,0,11,15.71,4.48,2,82.3,746.16
Hebbal,5160,6,7,1,23,12.37,0.88,3,47.2,713.42
Koramangala,1615,3,2,2,3,6.66,5.64,2,68.2,543.97
Indiranagar,1239,3,4,0,6,28.5,10.49,2,96.6,495.01
HSR Layout,6500,6,6,1,7,22.04,5.99,2,84.7,1121.14
Koramangala,2509,4,5,3,21,1.35,0.63,0,59.2,717.91
Hebbal,2355,3,3,2,26,4.46,12.46,1,59.2,575.29
Indiranagar,1484,3,4,1,10,28.61,11.15,3,67.8,509.42
Koramangala,868,1,2,2,2,23.7,3.64,1,93.4,476.69
Bellandur,947,2,2,1,17,9.71,3.6,3,56.3,323.27
Indiranagar,1057,2,3,1,1,10.4,6.79,0,54.9,425.63
Indiranagar,484,1,1,1,12,5.18,0.59,1,79.1,296.92
HSR Layout,1040,1,2,0,34,23.35,9.44,1,93.4,298.78
Jayanagar,1324,1,2,2,34,28.99,11.66,3,58.1,406.62
Hebbal,1000,2,2,3,16,15.1,10.6,0,94.4,306.17
Whitefield,1470,4,3,1,5,24.18,7.13,3,38.6,381.11
Hebbal,1142,3,4,3,2,24.3,12.19,3,94.4,422.35
Whitefield,1334,2,1,3,29,25.89,8.55,1,99.4,465.24
Bellandur,801,2,2,2,20,23.18,10.88,2,63.8,213.74
Marathahalli,977,2,2,1,1,29.17,13.2,2,91.5,280.4
Yelahanka,1197,3,3,0,30,3.57,0.25,3,61.5,329.27
JP Nagar,742,1,1,1,30,25.99,,0,77.8,201.28
Bellandur,1130,3,2,1,1,27.97,12.55,2,38.4,248.46
HSR Layout,804,2,1,1,14,15.33,13.63,1,58.5,359.52
Bellandur,2431,3,3,1,8,11.48,8.33,2,82.4,410.97
JP Nagar,1024,1,1,3,4,6.15,14.78,0,36.6,457.66
Jayanagar,1674,1,2,3,29,15.7,10.82,1,60.5,397.58
Koramangala,831,1,1,0,18,29.82,8.12,0,76.0,324.44
Jayanagar,1045,1,2,1,34,24.08,6.3,2,51.3,357.76
Jayanagar,1130,1,1,3,24,21.77,11.53,1,61.8,403.29
JP Nagar,531,1,1,2,0,19.63,3.61,0,93.5,401.55
Jayanagar,450,1,2,0,22,4.44,0.26,4,55.2,182.51
Electronic City,497,1,2,3,23,1.33,2.06,2,90.0,237.18
JP Nagar,1875,2,2,0,10,4.2,2.76,2,41.1,410.42
Koramangala,1677,3,3,2,6,24.94,14.45,2,66.8,522.66
Hebbal,998,1,1,0,24,21.78,12.81,3,49.4,357.34
Koramangala,450,1,2,0,0,25.67,6.53,3,64.8,330.67
HSR Layout,1940,4,5,2,17,23.07,10.97,1,41.7,505.6
Indiranagar,817,2,3,0,25,8.18,2.23,2,87.6,562.33
Yelahanka,1411,3,2,2,7,20.66,,0,55.2,357.64
Indiranagar,1476,3,4,3,27,18.73,6.4,3,76.5,653.76
Hebbal,2647,5,6,2,7,1.13,3.21,0,67.6,517.01
Marathahalli,1218,3,3,0,17,27.66,3.72,0,99.7,456.53
Whitefield,450,1,2,2,0,7.19,14.36,2,63.0,155.82
Hebbal,1801,4,5,0,12,10.24,,0,55.2,446.19
Hebbal,687,1,1,3,4,1.19,,0,41.9,321.01
Whitefield,450,2,1,1,17,2.75,9.58,0,77.9,304.29
Hebbal,648,1,2,0,1,21.87,3.56,0,59.2,256.19
Whitefield,450,1,2,0,8,24.9,5.04,0,58.5,276.97
Jayanagar,1933,4,4,1,23,16.56,8.22,0,64.2,593.81
Electronic City,570,1,1,2,9,29.24,11.93,0,51.3,149.02
Marathahalli,2003,3,3,3,9,19.06,2.04,1,54.3,402.37
Koramangala,1104,1,1,1,3,13.08,2.43,0,60.4,301.62
Koramangala,1071,3,4,1,34,25.01,0.98,0,57.7,448.96
Marathahalli,1785,6,6,3,5,12.9,7.25,3,53.8,437.43
Indiranagar,450,1,1,0,14,6.62,5.86,0,41.5,221.07
Indiranagar,1838,3,4,1,6,13.35,5.58,3,59.4,435.85
Whitefield,1356,1,1,3,24,21.61,7.43,2,70.2,399.69
Hebbal,2332,1,1,0,30,21.45,6.68,1,82.7,483.46
HSR Layout,904,2,3,0,34,23.57,1.23,3,67.7,349.37
HSR Layout,1524,1,2,3,27,21.33,2.44,3,72.0,413.72
Jayanagar,713,2,1,3,23,6.51,8.35,1,41.9,293.01
Hebbal,1798,2,1,1,16,5.96,5.41,1,72.2,495.63
Yelahanka,1982,3,3,0,22,2.62,10.01,3,50.7,313.12
Jayanagar,450,1,2,3,0,27.45,8.36,0,65.3,250.77
Electronic City,1487,4,4,3,1,4.28,13.23,1,68.4,261.85
Jayanagar,636,1,1,1,20,17.39,10.86,2,86.2,364.71
JP Nagar,1048,1,1,2,3,19.35,,2,61.1,350.07
Marathahalli,1022,1,1,2,8,29.26,3.13,0,60.3,190.25
Electronic City,1372,2,1,1,25,20.06,7.3,1,71.3,440.35
Hebbal,1618,3,3,0,21,18.89,3.32,1,43.5,433.56
Jayanagar,1007,2,3,1,14,11.47,12.83,2,37.6,442.49
JP Nagar,811,5,6,2,5,21.0,12.79,0,49.4,401.51
Jayanagar,786,1,1,2,29,24.98,4.65,1,36.3,372.46
Sarjapur Road,468,1,1,1,7,28.43,3.49,1,59.9,214.32
JP Nagar,450,1,2,1,23,20.66,14.27,1,91.9,260.19
Marathahalli,2707,6,5,3,30,2.42,13.47,1,77.6,661.33
Sarjapur Road,474,4,5,3,13,25.58,14.02,0,40.7,239.12
Bellandur,3384,6,7,1,28,15.43,10.71,0,80.1,720.07
Sarjapur Road,586,3,3,2,24,7.69,13.89,1,77.7,334.84
Jayanagar,1860,2,2,1,31,12.65,1.05,1,82.5,503.54
Indiranagar,2586,4,3,3,7,29.98,10.72,4,65.0,577.6
HSR Layout,921,1,2,3,4,1.64,14.42,1,92.9,420.05
Sarjapur Road,1136,3,4,1,17,20.66,12.69,3,97.0,247.83
Indiranagar,1370,3,4,2,7,28.13,12.4,3,41.9,469.02
Koramangala,1338,4,3,1,11,18.33,3.66,1,87.5,445.19
Whitefield,736,1,1,0,7,22.38,,3,73.0,320.64
Sarjapur Road,450,2,2,1,6,17.97,9.87,4,78.2,228.5
Sarjapur Road,1418,4,3,3,28,15.0,4.75,3,64.2,418.44
HSR Layout,1552,3,4,0,15,15.67,,2,90.4,418.01
Whitefield,770,1,1,2,14,22.27,6.38,1,86.9,381.69
Yelahanka,2619,4,3,3,0,5.56,14.54,0,94.0,395.41
JP Nagar,836,3,3,0,28,4.5,8.23,0,92.5,299.43
JP Nagar,1976,2,1,1,25,29.74,4.42,1,59.8,392.3
Hebbal,1943,4,4,2,30,17.87,10.54,1,43.7,315.05
Electronic City,450,1,1,2,7,27.86,10.47,0,97.3,293.15
Koramangala,2041,3,4,2,4,6.1,1.8,4,63.7,504.14
Electronic City,450,1,1,3,19,20.76,6.2,4,85.5,191.47
Indiranagar,1417,4,5,0,2,7.85,1.27,0,97.2,550.76
Sarjapur Road,722,1,2,2,5,2.74,13.28,1,44.9,292.82
Marathahalli,1290,3,2,1,12,25.31,2.62,1,52.4,254.82
Indiranagar,2602,3,4,3,7,12.7,8.5,3,58.0,625.13
Bellandur,1729,3,2,0,15,13.9,9.93,0,93.5,513.54
Koramangala,1740,3,2,1,2,20.93,8.52,3,53.7,494.69
Jayanagar,2274,3,2,3,31,5.6,2.95,2,68.0,478.72
Jayanagar,878,1,1,0,5,5.01,5.93,1,50.3,439.79
Hebbal,1702,3,2,1,4,21.1,1.8,1,36.1,406.64
Bellandur,1310,2,2,1,29,17.27,2.41,0,85.4,460.55
Jayanagar,880,1,2,2,18,0.66,8.62,1,53.7,378.72
JP Nagar,1480,2,3,1,28,2.82,14.01,4,89.4,389.9
Yelahanka,732,1,1,2,25,11.81,5.9,1,41.2,215.86
Koramangala,1759,3,4,2,20,17.09,6.46,2,99.1,575.08
Indiranagar,498,1,1,1,13,21.48,,0,37.0,264.98
JP Nagar,2919,5,4,3,19,12.29,9.58,2,75.0,685.8
Yelahanka,948,1,2,2,10,3.2,7.41,0,40.1,274.71
HSR Layout,1612,4,4,2,25,18.65,3.76,0,98.8,498.04
Indiranagar,903,2,1,3,15,28.44,14.26,0,62.0,334.25
Indiranagar,731,2,3,3,30,3.22,8.11,0,39.8,349.0
Whitefield,1129,3,4,0,23,8.74,13.44,1,79.5,367.07
Koramangala,3296,5,5,3,27,19.88,8.7,4,43.3,561.69
Marathahalli,1224,2,1,3,24,12.45,1.88,0,99.9,477.52
Hebbal,696,1,1,0,10,27.1,8.89,2,41.8,350.86
Yelahanka,450,1,1,2,0,25.38,2.3,0,75.8,234.67
Indiranagar,1251,2,3,2,1,4.8,3.72,0,42.0,425.25
HSR Layout,1294,2,2,3,23,5.4,,0,51.8,509.73
Electronic City,697,2,3,2,26,25.94,7.86,2,83.9,271.31
Sarjapur Road,1747,4,4,1,12,18.94,14.35,4,64.7,357.99
Koramangala,1368,4,5,2,14,5.71,14.2,1,84.5,443.53
Hebbal,1255,2,2,2,27,26.07,2.56,2,67.2,372.33
Jayanagar,1477,4,3,3,5,19.14,5.75,2,74.6,485.09
Sarjapur Road,548,1,2,2,25,27.98,,2,64.8,193.03
Koramangala,1401,3,2,3,22,11.46,6.53,1,90.2,398.55
Yelahanka,1176,2,3,1,10,17.19,7.48,0,59.4,375.34
Whitefield,2476,2,1,0,19,6.87,5.17,2,41.7,369.92
Jayanagar,823,4,5,0,23,20.71,9.46,0,99.8,316.26
Sarjapur Road,1835,3,2,0,22,21.91,14.65,1,81.6,348.72
Electronic City,1190,2,3,3,14,1.48,0.45,0,53.0,333.2
Marathahalli,2236,4,5,0,26,12.01,2.9,2,76.5,518.5
Hebbal,6017,6,6,2,16,13.19,9.63,0,59.6,833.52
Sarjapur Road,1466,4,3,1,34,5.85,12.74,2,60.4,507.85
Indiranagar,830,2,3,2,16,8.88,14.95,2,64.6,451.31
Hebbal,1346,3,3,0,10,24.64,8.05,1,48.2,351.21
Indiranagar,1661,3,4,3,30,5.36,,1,59.3,374.63
Hebbal,857,4,4,3,10,20.74,12.04,3,50.3,307.07
Hebbal,1023,1,1,3,3,6.84,10.21,0,41.2,428.97
Sarjapur Road,952,5,5,3,13,20.26,6.35,2,36.8,389.23
Hebbal,3134,5,4,0,21,27.44,12.02,2,75.7,510.6
Jayanagar,1249,2,3,1,9,29.73,0.31,3,53.6,399.46
Whitefield,1627,2,3,1,18,11.11,7.54,3,62.2,305.27
HSR Layout,606,1,1,0,27,3.15,14.26,2,91.5,338.97
Jayanagar,523,2,3,1,19,9.38,11.06,2,90.6,344.91
Yelahanka,528,1,2,2,32,1.57,0.66,2,77.9,268.97
Whitefield,1388,2,1,0,2,27.48,3.18,0,77.0,265.1
Electronic City,714,2,3,0,12,15.45,14.37,3,84.0,313.95
HSR Layout,680,1,1,2,17,14.41,13.28,2,62.6,287.77
Yelahanka,1761,5,6,2,4,19.5,7.45,1,84.9,317.75
Indiranagar,2266,3,2,3,9,27.76,13.16,2,86.2,508.53
Yelahanka,781,2,2,0,34,14.59,11.9,0,42.1,151.72
JP Nagar,450,1,1,2,18,9.67,1.33,0,55.5,307.63
Marathahalli,493,2,2,1,2,8.53,14.41,2,97.2,331.2
JP Nagar,450,4,3,3,14,2.75,14.11,1,36.8,351.34
HSR Layout,3337,4,3,1,23,27.04,4.5,0,50.0,663.45
HSR Layout,983,2,1,0,24,25.53,0.33,1,39.8,251.28
Marathahalli,582,1,2,2,16,9.23,5.88,2,69.5,285.45
Whitefield,3632,6,5,1,29,17.37,7.92,2,97.6,551.28
Bellandur,501,1,1,2,4,22.19,,1,50.9,250.46
HSR Layout,1330,1,1,3,2,25.83,4.25,0,93.3,375.36
Indiranagar,697,1,2,3,0,11.4,10.73,2,42.6,304.93
Yelahanka,458,1,1,1,20,28.45,4.51,2,41.5,154.63
Jayanagar,623,2,3,0,13,23.36,14.72,0,71.7,283.28
Hebbal,2551,3,4,0,10,12.19,6.13,2,79.4,412.46
Yelahanka,1054,2,1,3,12,13.7,12.92,4,41.1,214.53
Electronic City,2065,4,3,2,6,21.44,6.35,1,80.4,467.71
Electronic City,806,2,3,0,21,16.0,3.92,1,59.2,146.15
Jayanagar,746,1,2,3,34,28.72,2.83,1,47.1,275.64
Indiranagar,913,1,1,0,9,17.95,11.64,1,40.8,441.64
Marathahalli,2358,3,4,2,32,12.32,11.04,1,36.6,309.83
Jayanagar,809,2,3,0,19,9.8,3.29,1,75.4,306.64
Indiranagar,651,2,1,3,23,22.45,6.41,1,36.9,384.92
Whitefield,490,1,2,0,21,14.41,13.17,4,50.1,177.69
Sarjapur Road,836,1,2,1,11,27.28,8.46,4,63.9,344.25
Koramangala,471,2,1,3,28,21.49,,0,91.2,275.25
Koramangala,4741,6,7,3,14,5.58,14.49,1,71.7,980.2
Bellandur,1428,2,3,2,1,10.23,4.8,0,62.2,495.47
Hebbal,453,1,1,0,4,11.78,10.82,0,39.9,234.87
Electronic City,1714,2,1,2,33,14.79,6.23,1,93.1,404.78
Whitefield,778,2,1,2,0,12.04,8.73,1,35.8,344.89
Sarjapur Road,1221,1,2,0,25,4.36,14.69,0,44.1,340.69
Koramangala,557,1,1,2,5,3.79,1.55,3,96.8,391.05
Indiranagar,1043,3,3,3,8,25.91,2.86,1,93.1,424.88
Indiranagar,1454,2,2,3,24,28.01,3.43,1,46.4,472.03
Jayanagar,988,1,2,0,33,12.0,6.79,2,59.8,317.34
Electronic City,2153,3,3,0,13,27.48,,2,49.4,251.33
Marathahalli,2344,5,5,3,20,4.91,8.11,0,52.5,470.19
Bellandur,3233,5,5,0,7,13.28,7.19,1,91.6,546.17
Electronic City,489,1,1,0,27,19.67,4.49,1,71.0,259.06
Yelahanka,1399,3,4,0,0,2.37,1.5,1,79.9,283.06
Whitefield,3304,5,4,0,11,0.85,8.07,1,99.5,616.86
HSR Layout,848,2,2,1,1,17.58,5.58,1,61.1,360.8
Marathahalli,2581,4,4,3,28,18.5,6.42,0,49.7,339.32
Hebbal,1338,2,1,3,23,11.47,5.94,1,83.3,387.7
Jayanagar,674,1,1,0,8,14.64,13.95,2,81.8,405.57
Hebbal,853,1,1,3,27,7.57,14.05,3,78.3,323.15
Jayanagar,1393,3,4,3,24,25.38,,1,74.5,424.68
Sarjapur Road,834,2,2,0,26,28.49,12.24,2,84.8,226.39
Jayanagar,2478,1,1,3,27,2.35,4.65,0,38.8,639.29
JP Nagar,1890,5,4,2,31,13.64,1.92,3,94.6,395.25
Hebbal,934,1,2,2,27,27.43,11.24,3,57.0,352.53
Jayanagar,501,1,1,2,9,28.97,3.96,0,87.3,379.45
Marathahalli,1275,2,1,0,34,25.53,2.7,1,89.1,421.45
JP Nagar,4037,6,7,0,11,8.09,4.08,1,83.8,560.3
Indiranagar,2435,3,4,1,16,27.89,8.87,1,67.4,583.69
Indiranagar,2311,3,2,3,9,1.25,4.57,1,45.0,654.15
Sarjapur Road,1998,3,4,2,9,12.68,9.87,1,49.2,493.77
Sarjapur Road,3793,5,5,1,10,11.19,9.97,1,45.0,674.74
Hebbal,1422,2,2,1,5,27.48,6.68,2,58.1,399.1
Yelahanka,4196,6,5,0,28,12.45,12.07,1,72.8,456.6
Sarjapur Road,1384,4,5,1,22,29.54,4.84,1,45.8,273.99
HSR Layout,990,2,2,2,32,7.21,3.73,0,95.7,549.46
Koramangala,3265,5,6,3,20,1.31,2.51,1,61.7,617.45
Hebbal,1268,2,3,1,6,23.34,12.52,3,83.8,404.9
Jayanagar,1514,3,3,0,6,6.67,2.13,0,64.1,433.21
Sarjapur Road,1456,2,3,0,1,13.83,14.06,2,68.8,426.8
Whitefield,1884,3,4,0,17,11.4,1.16,1,60.1,424.6
Electronic City,1277,2,3,3,21,24.77,,1,93.0,382.33
Yelahanka,571,1,1,0,28,3.93,2.46,1,41.7,207.08
HSR Layout,1938,2,3,0,34,21.25,14.42,0,92.8,349.29
Koramangala,1457,2,3,0,9,24.36,4.38,0,64.6,480.78
Whitefield,976,4,4,0,29,28.29,,0,46.3,403.67
HSR Layout,711,1,1,2,17,19.24,10.55,3,43.8,372.04
Electronic City,1880,3,3,3,22,12.68,1.08,1,60.6,313.89
Koramangala,659,1,1,3,34,7.28,10.74,0,37.1,465.65
Koramangala,818,2,1,1,22,23.7,1.22,3,40.0,191.78
Koramangala,450,1,1,1,11,8.16,2.41,2,38.7,303.35
Jayanagar,990,1,2,2,8,25.32,13.72,1,86.4,491.22
Marathahalli,2208,4,3,2,25,21.63,2.53,0,84.0,473.64
Bellandur,1208,2,3,0,16,4.6,,2,84.7,294.49
Sarjapur Road,606,1,1,1,16,23.53,6.49,0,63.1,334.12
Indiranagar,3543,5,6,2,1,10.25,0.66,0,79.0,720.1
Koramangala,1696,4,5,3,3,7.55,2.8,0,50.7,488.31
Electronic City,743,2,3,2,15,12.86,7.11,2,74.4,283.81
Bellandur,1478,3,3,3,27,28.81,2.85,1,59.1,493.19
Electronic City,1015,3,3,3,24,5.3,1.08,3,49.5,282.3
Sarjapur Road,450,3,2,1,27,29.88,12.4,2,58.3,216.65
Koramangala,1683,5,6,3,20,25.96,5.71,1,69.0,544.61
Yelahanka,809,1,1,2,15,10.06,5.29,1,67.8,180.85
Electronic City,3642,6,5,0,27,17.45,10.28,1,71.1,505.94
Whitefield,2704,5,5,2,31,8.21,,0,79.9,500.6
Marathahalli,631,1,1,3,15,29.22,,2,92.4,224.36
Bellandur,466,1,1,3,31,10.0,0.31,0,62.6,270.96
Koramangala,919,3,3,0,6,12.98,8.82,4,42.6,350.07
HSR Layout,2019,3,3,2,24,26.45,4.38,1,56.7,530.31
Electronic City,1844,3,2,3,27,11.71,12.6,3,93.5,362.8
JP Nagar,3534,6,7,1,22,16.48,2.26,4,86.5,666.24
Koramangala,1320,2,2,3,33,20.44,,1,50.2,451.74
Electronic City,471,1,2,2,33,12.25,10.39,1,81.3,169.44
Sarjapur Road,964,1,2,0,33,21.7,3.3,1,58.7,257.59
Bellandur,527,4,3,1,27,1.88,12.46,1,55.9,328.91
HSR Layout,2348,6,5,0,11,17.17,6.63,2,47.0,452.34
Yelahanka,1683,2,1,0,30,2.8,13.32,1,66.3,248.29
Jayanagar,819,1,1,0,24,6.33,0.53,1,44.6,326.71
HSR Layout,1123,2,1,2,1,17.77,2.57,1,58.0,437.08
JP Nagar,2910,6,5,1,26,13.32,1.5,1,82.9,604.2
Electronic City,2901,5,4,0,16,3.32,8.37,0,74.5,447.32
Hebbal,1052,2,2,3,13,23.88,,2,95.7,353.56
Electronic City,909,1,2,2,6,19.24,9.14,4,56.1,245.23
Hebbal,2289,4,5,3,5,12.31,,3,97.2,591.4
Hebbal,789,1,1,0,28,5.02,14.91,0,48.0,352.92
Bellandur,672,2,3,0,29,8.33,9.64,1,60.7,328.1
Indiranagar,1402,2,1,2,17,8.76,8.03,2,50.1,571.6
Bellandur,1106,3,2,2,9,19.06,10.79,1,94.0,385.98
Hebbal,891,1,1,2,29,13.44,3.36,1,93.0,226.96
Marathahalli,3653,5,4,0,2,7.58,8.43,1,52.0,597.05
Indiranagar,1107,3,3,2,5,18.11,10.86,3,39.6,482.98
Yelahanka,1024,3,4,0,1,29.55,12.6,1,40.1,265.93
Koramangala,966,2,2,0,20,19.67,5.39,4,55.3,396.32
Bellandur,1308,2,1,0,6,6.81,13.15,4,49.1,392.25
Bellandur,1004,3,3,2,20,4.1,7.39,0,76.1,364.76
Koramangala,1226,3,4,1,32,17.47,12.39,1,36.7,399.2
Marathahalli,450,1,1,0,1,3.97,,0,69.0,385.11
Sarjapur Road,565,4,5,0,27,10.54,8.92,3,52.3,199.87
Hebbal,3223,5,5,3,34,6.22,,2,74.5,607.84
Yelahanka,2385,5,4,3,30,28.59,11.16,1,92.2,357.2
Marathahalli,2545,3,4,2,24,21.22,3.09,0,70.7,463.51
Koramangala,1106,1,1,1,27,5.93,7.23,2,37.5,298.19
JP Nagar,545,1,1,1,10,27.77,,3,41.1,299.79
Koramangala,2247,3,4,1,5,2.78,12.09,2,47.5,620.31
Electronic City,2123,6,6,2,1,8.97,8.7,1,79.4,516.67
Electronic City,706,1,2,2,31,9.63,7.99,1,47.8,156.87
Electronic City,6500,6,5,0,13,2.94,14.89,3,70.1,739.58
Yelahanka,1757,2,2,2,23,8.53,4.18,3,94.0,306.19
Yelahanka,2057,5,5,2,17,2.77,7.91,0,42.1,341.82
Koramangala,559,3,3,3,19,22.68,10.38,2,89.0,268.97
Bellandur,4632,6,5,1,22,7.94,13.98,1,70.4,700.9
JP Nagar,1326,2,3,2,2,7.69,6.06,1,62.5,488.21
Yelahanka,1742,4,3,0,13,10.48,10.65,2,87.4,323.99
Electronic City,1128,1,1,1,26,14.48,2.42,0,75.2,320.01
Whitefield,1619,1,1,0,12,9.82,11.16,1,88.8,448.81
HSR Layout,478,1,1,1,5,21.92,5.84,0,44.6,196.98
Electronic City,2119,3,4,3,21,21.52,6.42,1,99.3,424.19
JP Nagar,1611,3,2,2,16,23.67,2.52,0,48.0,347.33
Whitefield,450,1,2,2,0,8.73,3.76,0,83.8,181.97
Yelahanka,2482,3,2,1,25,28.31,12.62,0,42.0,236.94
Jayanagar,1196,2,2,0,23,9.31,4.82,0,89.0,422.84
HSR Layout,3220,5,4,1,17,11.48,10.85,1,60.5,629.96
Indiranagar,745,1,1,3,20,19.73,10.45,2,77.6,261.17
Jayanagar,450,1,1,2,12,25.72,,1,78.3,254.0
Whitefield,1428,4,3,2,21,2.81,14.13,0,37.4,487.43
Koramangala,1619,3,2,3,5,18.02,4.1,0,60.0,429.14
Marathahalli,4272,6,5,2,19,26.42,5.89,1,94.9,559.03
Whitefield,799,4,5,0,22,0.81,5.84,1,48.8,207.02
Sarjapur Road,1619,3,4,2,13,15.84,5.08,1,69.4,516.12
Hebbal,2396,4,4,2,0,17.87,5.16,1,64.9,486.4
Koramangala,1403,1,2,2,17,12.93,12.68,1,70.6,486.01
Sarjapur Road,1388,3,3,2,32,16.29,14.43,1,51.5,397.17
Jayanagar,500,1,1,3,27,17.96,3.64,1,82.3,310.14
Bellandur,2241,2,2,1,7,23.52,12.18,2,59.9,437.13
Jayanagar,1182,1,1,2,13,3.72,14.24,1,94.6,352.48
Hebbal,5369,6,6,2,9,19.04,,0,52.1,714.5
Yelahanka,2687,4,5,1,33,26.1,9.25,3,74.5,306.11
Hebbal,873,1,2,0,17,0.9,,2,35.8,292.41
Sarjapur Road,812,1,2,1,15,9.15,6.12,0,55.6,286.67
Bellandur,522,1,2,0,17,17.94,10.51,1,39.0,354.31
Marathahalli,1185,3,3,0,10,24.33,2.59,2,75.8,334.99
Whitefield,2355,3,4,1,19,6.64,3.33,1,92.0,515.37
Koramangala,1657,4,3,1,17,11.97,10.61,1,44.3,468.67
Hebbal,2732,4,4,3,30,1.77,0.65,0,44.6,625.9
Marathahalli,815,1,1,1,34,26.58,4.37,1,60.9,212.05
Marathahalli,2513,4,3,2,10,10.54,8.58,2,52.5,432.48
Indiranagar,1156,3,4,3,15,2.78,9.39,1,94.7,438.52
Electronic City,2744,6,5,1,0,19.0,0.42,2,82.5,486.7
Jayanagar,451,2,2,2,30,6.49,11.98,0,49.1,171.16
JP Nagar,766,1,1,3,18,28.53,11.25,0,69.5,361.66
JP Nagar,767,1,1,3,27,20.69,14.81,0,57.8,392.71
JP Nagar,2010,4,5,2,23,0.86,14.19,1,84.4,425.29
Jayanagar,450,1,1,3,16,1.96,6.62,1,95.7,342.38
Whitefield,1114,1,1,3,30,17.82,3.45,1,83.4,288.14
Bellandur,2541,4,5,0,4,25.71,13.69,1,40.6,574.6
Indiranagar,1922,3,4,0,16,22.07,,1,55.6,461.93
Bellandur,1228,4,5,1,11,28.98,9.13,0,92.4,385.82
Koramangala,3209,6,5,1,18,23.41,6.69,4,89.4,787.56
Marathahalli,1588,1,2,0,16,15.88,8.2,1,84.0,521.52
Electronic City,1435,4,3,0,29,3.79,4.99,0,97.1,350.67
Marathahalli,1004,1,1,0,9,22.65,7.56,0,49.9,281.4
Sarjapur Road,3894,6,7,0,16,9.67,1.39,0,49.1,570.48
Whitefield,3421,5,5,2,21,2.26,10.16,2,50.3,582.31
Electronic City,1524,3,4,1,17,19.81,3.43,1,59.0,358.85
Indiranagar,1532,4,3,2,13,4.09,2.06,1,45.7,520.54
Koramangala,1374,3,3,0,17,21.19,5.49,3,62.6,564.7
HSR Layout,1250,3,2,0,33,21.15,4.4,0,94.0,402.49
Indiranagar,1097,3,3,3,10,8.63,8.58,1,82.1,484.42
HSR Layout,1689,3,4,0,1,26.37,5.67,3,85.7,424.83
Marathahalli,746,1,1,2,11,6.16,14.07,1,64.9,330.37
Yelahanka,722,2,1,0,1,9.07,9.85,2,89.5,110.71
Yelahanka,694,3,4,1,32,17.17,11.62,2,82.9,273.87
Marathahalli,2146,4,5,2,6,15.51,5.47,1,63.7,552.65
Jayanagar,450,1,2,2,30,22.01,14.36,1,46.7,283.41
Marathahalli,3743,6,7,3,29,3.18,12.6,2,46.8,563.59
Bellandur,813,2,3,2,31,22.73,14.99,3,93.4,208.86
Bellandur,545,1,1,0,0,22.31,14.17,1,70.6,301.8
Indiranagar,1165,3,4,0,26,2.39,1.52,0,51.1,463.75
Sarjapur Road,602,1,1,0,19,8.78,,2,94.2,235.64
Jayanagar,798,1,1,1,6,11.5,4.36,1,85.3,383.46
Sarjapur Road,884,1,2,3,2,16.4,7.05,2,70.0,339.95
Yelahanka,1132,3,2,0,4,11.25,12.44,0,47.4,330.46
JP Nagar,450,2,1,1,10,4.89,14.84,2,78.9,312.54
JP Nagar,1574,3,2,2,4,26.73,4.81,0,65.9,326.63
Bellandur,806,2,3,0,10,4.8,0.85,1,85.0,310.9
HSR Layout,450,2,3,0,6,4.8,11.06,4,68.2,373.49
Indiranagar,1278,4,5,2,2,22.74,6.61,0,79.7,485.5
Indiranagar,3977,6,6,0,4,15.47,3.62,3,48.1,866.86
Marathahalli,450,1,1,2,4,7.47,14.09,0,85.1,312.42
Hebbal,1051,2,2,3,29,27.3,6.02,1,49.7,221.91
Indiranagar,1278,1,1,1,31,16.5,3.45,1,61.0,530.26
Yelahanka,2848,5,4,1,13,16.64,14.53,2,66.3,456.87
HSR Layout,597,2,2,3,29,18.58,7.23,1,35.6,229.27
Sarjapur Road,2308,4,5,1,6,12.9,9.26,0,93.8,479.39
JP Nagar,741,1,1,3,29,27.36,2.84,1,41.2,294.95
JP Nagar,2031,4,3,0,17,14.59,4.63,3,69.0,485.01
Sarjapur Road,2415,5,6,0,33,20.04,2.28,1,98.4,478.72
Koramangala,922,2,3,1,11,12.89,,0,57.9,375.04
Indiranagar,535,1,1,1,4,3.2,4.42,2,75.6,192.05
Whitefield,1465,1,2,1,9,20.59,8.74,0,74.0,283.57
Electronic City,1304,3,4,3,7,13.8,9.47,1,99.9,428.88
Sarjapur Road,557,1,1,3,7,6.78,7.06,1,38.4,251.35
Yelahanka,1520,2,3,0,8,0.59,,0,58.3,324.02
Yelahanka,1146,1,1,1,25,20.28,12.41,1,94.0,280.27
Whitefield,1158,3,4,2,25,0.51,6.87,3,71.7,364.11
Electronic City,1276,2,3,3,29,28.03,7.23,2,43.7,224.09
Jayanagar,1181,2,1,3,1,13.32,0.79,2,67.4,401.95
Hebbal,835,1,2,2,10,26.72,5.51,1,67.9,299.3
Bellandur,1777,3,2,2,34,1.61,2.06,2,67.6,422.69
Bellandur,607,1,1,0,11,3.4,4.37,2,46.4,193.53
JP Nagar,4258,6,7,2,30,12.47,12.08,1,98.5,765.27
Koramangala,450,1,1,2,9,12.38,7.99,2,99.3,288.65
Jayanagar,2026,4,5,2,2,13.61,1.88,1,72.7,575.46
Hebbal,2110,4,5,1,23,17.93,4.84,3,36.8,402.83
Indiranagar,983,1,2,0,34,20.63,8.05,2,52.9,449.88
Jayanagar,552,1,2,1,6,25.68,12.54,0,39.1,242.2
Marathahalli,1255,3,4,2,1,9.84,,2,43.2,346.89
Whitefield,642,1,2,0,14,15.65,1.6,1,88.5,286.85
Yelahanka,974,3,4,2,19,19.4,6.44,2,91.4,246.26
Jayanagar,673,4,3,1,30,18.07,11.53,2,95.2,338.4
Sarjapur Road,2272,4,4,1,21,13.6,14.45,1,85.1,588.34
HSR Layout,1145,2,3,2,15,8.47,8.11,3,40.1,397.11
Indiranagar,2546,4,4,1,31,27.71,2.96,3,90.3,677.97
Koramangala,1162,2,1,3,19,26.93,13.79,2,62.4,352.29
Hebbal,450,1,1,0,14,1.41,12.41,1,93.8,198.41
Indiranagar,1338,2,1,1,20,5.65,12.94,1,66.4,472.71
Bellandur,2968,6,7,2,7,19.62,,3,37.8,496.79
JP Nagar,1105,1,2,0,22,8.28,,2,35.2,377.51
JP Nagar,540,1,1,2,1,22.62,9.59,2,43.2,315.48
JP Nagar,964,2,2,1,10,18.07,4.16,0,99.9,286.9
Jayanagar,577,1,1,0,19,28.45,5.23,0,90.2,298.73
HSR Layout,2217,2,2,0,1,4.44,3.2,1,98.3,431.11
Indiranagar,570,1,1,2,26,21.4,7.04,0,42.7,411.39
Hebbal,628,1,1,0,9,2.29,1.69,0,62.5,348.85
Yelahanka,1149,2,1,0,26,27.13,13.82,2,73.1,286.67
Sarjapur Road,2723,4,3,2,33,8.39,10.74,1,42.4,503.27
JP Nagar,643,3,3,3,23,1.46,10.22,0,91.8,298.8
Yelahanka,1037,2,3,1,11,24.96,9.68,1,85.0,367.25
Jayanagar,891,2,3,2,2,26.97,9.29,1,57.7,416.31
JP Nagar,946,1,1,0,26,13.47,13.36,2,80.1,350.0
Hebbal,450,1,1,3,20,9.02,8.66,2,61.9,333.04
HSR Layout,490,2,3,3,1,26.24,5.48,0,82.4,213.15
JP Nagar,705,1,1,3,18,18.5,10.69,0,78.9,331.47
Yelahanka,1449,1,1,0,13,25.28,9.47,1,48.9,356.15
Indiranagar,827,1,1,3,6,0.8,6.56,3,59.4,384.88
Marathahalli,450,2,3,3,3,21.45,13.58,2,89.2,141.5
Marathahalli,958,1,1,0,18,27.46,4.96,2,99.3,250.11
Whitefield,1471,1,2,1,1,24.96,12.64,2,97.3,392.89
Whitefield,3314,6,6,3,7,15.02,13.42,1,90.0,538.96
HSR Layout,1486,2,2,1,10,4.58,10.16,1,84.5,510.67
Sarjapur Road,631,1,2,1,31,26.69,3.11,1,74.5,209.29
JP Nagar,1203,3,3,2,16,15.27,5.55,0,59.6,390.36
Hebbal,993,3,3,3,26,18.78,1.06,1,53.4,259.58
Electronic City,472,1,1,0,9,19.73,11.08,0,57.6,261.22
JP Nagar,1228,1,2,3,23,19.42,7.21,1,59.6,451.61
Indiranagar,2996,5,4,3,21,23.4,13.19,1,46.3,582.32
Yelahanka,2796,5,5,1,9,13.95,5.37,0,59.8,432.24
Yelahanka,450,2,2,3,19,24.14,0.4,0,69.0,175.5
JP Nagar,1072,2,1,1,34,9.07,,2,77.1,316.98
Yelahanka,903,1,2,1,16,21.58,12.38,4,82.6,240.01
Koramangala,1005,1,2,0,5,27.53,8.95,1,84.4,375.54
Indiranagar,1274,5,5,0,17,7.15,3.32,1,54.0,529.97
Jayanagar,506,1,1,1,16,18.62,14.76,1,90.9,286.36
Koramangala,1000,3,4,1,25,14.81,5.42,2,52.6,323.85
Sarjapur Road,1011,3,2,0,0,10.75,15.0,1,94.2,405.55
Sarjapur Road,3846,6,7,1,14,4.19,7.3,0,43.3,622.57
Sarjapur Road,520,1,1,2,13,18.21,0.85,1,47.1,305.03
Koramangala,1261,1,1,0,24,5.05,8.95,1,85.6,392.62
Whitefield,450,1,2,3,9,26.62,4.93,0,61.7,307.22
Indiranagar,2842,6,5,3,31,10.4,10.76,2,90.8,782.06
Koramangala,927,1,1,1,23,15.07,3.51,1,56.7,378.06
Koramangala,1370,1,1,3,7,13.52,5.89,1,85.6,578.55
Indiranagar,971,1,1,1,19,10.9,13.1,1,38.3,440.11
Whitefield,486,2,1,2,26,10.57,4.53,3,96.3,467.02
Electronic City,1392,3,2,0,25,13.42,12.8,0,37.9,297.82
Sarjapur Road,1459,2,2,3,24,6.22,1.85,0,75.7,388.29
JP Nagar,646,1,2,2,2,25.03,7.86,1,46.2,233.81
Jayanagar,1293,2,3,2,31,20.51,7.71,2,92.2,582.96
HSR Layout,1090,1,2,0,8,10.07,3.21,3,82.4,226.11
Sarjapur Road,3347,6,6,1,21,25.19,0.61,1,94.1,582.63
Bellandur,2168,6,7,1,20,19.87,3.67,3,80.7,514.26
Electronic City,2026,4,3,2,18,4.98,4.19,2,90.8,536.27
Koramangala,1395,1,1,0,3,28.33,6.53,1,69.8,404.59
Koramangala,1267,1,1,0,33,8.29,1.02,1,95.3,327.92
Koramangala,841,2,1,1,18,7.61,2.16,0,71.2,302.96
Indiranagar,645,2,2,1,4,13.9,11.9,1,37.3,410.05
Whitefield,2284,5,6,0,25,29.72,6.48,1,88.7,520.39
Jayanagar,576,3,3,1,19,11.3,1.18,2,98.5,467.66
Koramangala,1121,1,2,1,33,8.14,0.55,1,84.2,394.21
Jayanagar,532,2,2,3,23,8.35,5.21,1,98.4,284.96
Electronic City,987,1,2,0,22,17.75,6.34,0,69.5,234.7
Hebbal,876,3,4,1,19,13.04,9.74,0,85.5,305.46
Yelahanka,1786,1,2,0,6,11.58,,2,98.8,407.91
Indiranagar,555,1,2,0,19,24.39,12.48,0,66.9,412.75
Koramangala,450,1,1,2,18,13.22,8.15,2,38.5,266.14
Whitefield,1530,3,4,3,31,4.39,,1,84.7,351.96
Whitefield,2276,2,3,3,16,26.99,7.55,2,66.0,408.96
Whitefield,817,1,1,0,12,6.61,4.87,0,87.1,316.58
Sarjapur Road,1259,2,3,1,22,17.8,7.67,2,38.1,247.79
Koramangala,1016,1,1,3,17,29.78,5.62,2,95.3,529.69
Hebbal,942,2,1,1,1,15.85,6.8,1,36.7,355.33
JP Nagar,1766,2,1,3,25,9.03,10.22,2,70.5,396.15
Hebbal,1670,2,3,1,30,6.45,0.46,0,90.6,491.29
Bellandur,1884,4,5,0,26,5.6,,2,44.8,391.95
HSR Layout,1195,1,1,0,2,28.61,0.31,0,51.0,487.21
Marathahalli,1337,1,1,0,2,17.24,8.56,3,76.0,383.9
Hebbal,1227,3,4,3,25,28.99,11.37,4,55.7,317.06
Koramangala,1494,1,2,1,22,28.37,14.59,2,53.1,462.83
JP Nagar,1082,2,3,1,34,11.58,10.63,0,58.2,332.02
Yelahanka,495,1,1,1,18,26.14,6.38,0,94.5,191.66
JP Nagar,1305,1,2,2,16,20.03,2.02,1,77.9,330.8
Whitefield,1445,4,3,3,10,11.06,7.98,0,71.8,465.59
Sarjapur Road,1365,2,3,1,6,12.42,8.91,2,66.7,452.81
Indiranagar,2522,4,4,3,3,17.06,,1,84.9,697.35
Bellandur,1833,1,1,1,23,23.23,3.39,0,68.3,480.71
JP Nagar,2085,3,4,0,10,22.98,9.3,2,54.2,399.34
Yelahanka,574,2,1,0,8,19.45,7.6,4,91.4,145.48
Whitefield,1831,3,2,1,29,6.55,14.25,2,95.4,436.3
Indiranagar,1081,2,2,2,20,6.56,13.0,1,65.8,256.05
HSR Layout,651,1,1,0,14,23.14,10.72,1,78.3,313.34
Jayanagar,2357,4,3,0,10,9.99,9.1,2,79.8,594.92
Marathahalli,473,1,1,1,33,2.33,5.0,2,51.0,251.53
Indiranagar,450,1,1,1,2,11.82,11.36,1,50.4,286.64
Whitefield,1001,1,1,2,15,24.17,7.22,2,98.8,243.55
Whitefield,6500,6,5,0,8,16.65,1.44,4,43.2,751.08
Koramangala,1342,4,4,2,8,13.21,9.42,3,36.3,447.42
JP Nagar,2245,2,2,3,17,9.12,,0,74.2,456.99
Hebbal,1307,2,3,2,16,3.78,,3,77.7,429.57
Bellandur,698,1,1,0,4,23.79,,0,53.8,303.78
Jayanagar,2066,2,3,2,33,16.78,4.89,1,73.4,309.05
Jayanagar,564,2,1,0,30,28.05,,1,96.5,347.94
Hebbal,1679,2,3,1,28,19.73,1.07,1,60.1,306.68
JP Nagar,450,1,2,3,11,0.97,1.22,0,56.3,142.29
Whitefield,576,1,1,0,6,18.31,11.29,0,83.9,290.28
Yelahanka,3483,6,7,0,6,21.22,2.88,1,62.2,628.19
JP Nagar,3470,6,7,2,5,2.72,3.65,0,57.3,417.27
Indiranagar,657,1,1,1,32,6.4,1.3,1,78.6,414.66
Indiranagar,1934,3,3,2,7,5.39,12.6,3,38.4,487.99
Sarjapur Road,2253,4,5,2,7,20.22,8.25,0,76.3,520.59
Sarjapur Road,1728,1,1,2,22,9.39,9.68,0,37.3,396.83
Sarjapur Road,1152,1,2,1,21,18.43,2.85,1,90.7,400.98
JP Nagar,450,1,2,1,2,22.34,9.88,0,63.0,230.03
Yelahanka,3519,6,6,3,7,26.43,1.36,1,52.7,375.91
Sarjapur Road,773,1,2,0,9,15.29,5.41,0,67.4,205.84
HSR Layout,2224,4,5,1,19,24.32,2.2,3,54.0,379.86
Jayanagar,2417,6,6,2,19,23.73,8.77,3,44.4,428.51
Hebbal,962,1,1,3,12,11.89,11.42,0,97.8,311.3
Koramangala,1461,2,3,1,29,21.43,0.33,3,84.7,476.4
Jayanagar,1340,2,2,1,0,6.81,5.36,2,82.3,493.87
Electronic City,667,2,1,2,14,4.81,3.56,0,90.2,287.8
Whitefield,1165,2,3,1,3,7.16,13.84,0,75.0,333.18
Yelahanka,1549,3,2,0,0,16.7,7.4,0,97.2,335.34
Yelahanka,3080,5,4,2,19,13.69,9.83,2,86.2,422.4
Whitefield,3243,6,7,3,17,11.85,9.36,2,85.1,487.61
Jayanagar,573,2,2,2,4,23.17,14.28,2,35.7,290.81
Sarjapur Road,2351,4,5,2,1,6.47,3.47,1,55.2,416.51
Indiranagar,450,2,2,2,33,26.9,,2,81.0,535.12
HSR Layout,1011,1,1,2,16,23.17,9.36,0,54.5,345.98
Electronic City,553,2,2,1,33,14.52,6.5,1,43.6,287.12
HSR Layout,2217,3,4,2,15,8.98,7.03,0,94.0,523.07
Jayanagar,1643,2,3,0,4,6.27,11.56,4,64.8,516.67
Bellandur,450,1,1,0,26,12.49,0.62,1,79.6,202.05
Koramangala,713,3,3,3,16,18.53,7.9,1,93.3,385.45
Jayanagar,1335,3,4,3,23,3.32,9.97,1,68.7,311.73
Electronic City,1128,4,3,3,2,7.6,11.69,4,51.2,234.27
Koramangala,963,1,2,2,20,28.93,4.36,2,75.6,321.17
Sarjapur Road,999,2,3,0,13,15.04,0.93,1,39.3,337.03
Hebbal,450,1,1,3,20,6.7,14.15,1,49.4,246.12
Whitefield,3054,4,3,3,34,21.25,6.98,1,83.4,495.78
Indiranagar,2459,4,3,0,25,25.47,13.0,2,55.9,511.36
HSR Layout,1991,1,2,3,17,15.27,4.55,2,64.7,331.38
Jayanagar,1197,4,5,2,16,27.38,11.52,0,76.2,343.6
Jayanagar,1489,1,1,2,29,17.79,11.01,1,53.3,407.63
HSR Layout,2979,5,6,2,17,25.58,12.37,3,48.3,645.08
Jayanagar,837,2,1,1,6,29.32,3.17,1,57.7,368.79
Whitefield,1093,3,4,2,18,21.37,,0,82.9,482.13
Hebbal,450,1,2,1,16,23.38,6.77,2,95.8,288.83
Marathahalli,1326,2,2,1,28,11.81,7.68,4,82.1,330.22
Bellandur,1231,2,2,1,9,21.91,0.24,2,92.1,451.25
Bellandur,874,1,1,1,9,16.77,,0,39.1,257.62
JP Nagar,1727,3,3,2,22,16.09,10.33,0,84.4,388.1
HSR Layout,1487,2,1,2,17,22.16,6.18,3,47.6,369.22
JP Nagar,2860,5,6,3,18,22.29,3.66,1,45.7,570.85
Marathahalli,609,1,1,3,15,20.5,12.34,2,59.3,214.83
Hebbal,834,1,1,0,8,18.27,7.64,0,49.9,478.82
Sarjapur Road,2023,4,4,1,15,8.98,10.64,0,44.5,424.14
Bellandur,1089,1,1,0,19,3.26,8.18,1,97.7,446.59
Whitefield,1171,1,2,3,7,21.39,4.75,2,40.9,168.79
Whitefield,5350,6,6,0,13,11.98,12.94,0,52.4,737.09
Yelahanka,535,1,1,2,14,29.24,13.78,1,45.8,142.36
Hebbal,1132,1,1,0,23,27.7,9.03,0,98.2,333.26
Sarjapur Road,731,1,1,1,28,13.19,3.73,0,88.8,373.68
Electronic City,2267,4,3,2,32,13.69,5.75,2,79.9,479.85
Hebbal,816,1,1,1,20,0.68,,2,70.9,335.07
Indiranagar,1501,2,1,2,17,4.31,9.05,0,96.6,299.17
Sarjapur Road,1942,3,3,3,9,5.12,13.49,2,88.0,509.37
Jayanagar,1942,6,5,0,25,29.14,3.17,3,90.1,500.88
Jayanagar,1410,2,2,3,21,13.81,5.7,0,95.0,397.38
Yelahanka,1170,2,3,3,20,17.69,,3,89.3,232.62
JP Nagar,720,1,2,2,28,25.62,,0,38.6,220.74
Hebbal,1186,1,1,3,28,11.31,13.88,0,72.7,261.37
Yelahanka,1346,2,3,2,30,29.7,8.24,1,66.6,239.05
Bellandur,1675,2,2,3,21,9.75,,1,67.9,425.42
Sarjapur Road,1091,1,2,3,12,3.26,,4,71.9,444.89
JP Nagar,3903,6,7,2,13,24.8,,1,46.8,546.92
Marathahalli,1081,1,1,0,6,16.78,7.93,1,48.9,289.41
Indiranagar,2568,5,6,0,4,9.18,10.71,1,68.4,750.44
Bellandur,6313,6,7,0,6,28.57,14.25,2,73.3,848.72
Bellandur,3883,6,6,1,8,12.01,3.88,2,81.1,685.66
HSR Layout,1935,2,3,3,18,13.53,6.59,2,85.8,363.18
Hebbal,998,1,1,3,7,18.27,4.99,3,97.2,383.05
Hebbal,2844,3,2,0,14,11.96,14.27,1,68.8,474.99
Electronic City,605,1,2,0,20,26.89,13.51,0,50.4,188.31
Whitefield,700,2,3,0,15,18.7,10.73,0,85.8,299.46
JP Nagar,1551,3,4,2,26,3.13,,0,58.8,328.68
Koramangala,1464,3,3,1,7,1.15,6.3,1,53.7,492.92
Hebbal,1380,2,2,2,32,13.59,12.57,3,93.5,364.26
Whitefield,2254,1,1,2,7,27.54,12.67,0,81.2,443.23
Hebbal,895,1,1,1,25,15.43,13.4,2,73.9,412.53
Indiranagar,3027,5,5,3,13,14.09,0.32,3,76.8,697.58
Electronic City,1885,4,4,1,7,11.57,4.15,2,66.7,525.89
Sarjapur Road,863,3,4,1,22,17.56,,2,89.5,327.53
Bellandur,2662,4,4,3,24,2.45,14.33,2,71.8,468.34
JP Nagar,2395,4,4,0,24,12.13,,1,55.5,547.64
HSR Layout,1496,2,3,1,30,25.97,12.41,2,39.0,236.92
Whitefield,575,3,3,0,25,10.35,,1,50.2,385.87
HSR Layout,470,1,2,0,5,18.38,10.25,1,99.5,380.54
Hebbal,1230,2,1,3,27,23.89,,2,76.2,435.43
Koramangala,506,1,2,0,16,16.37,10.28,4,65.4,278.29
Jayanagar,3298,6,7,1,18,19.11,13.23,2,45.2,602.81
JP Nagar,4901,6,5,1,19,29.46,3.87,1,51.7,684.08
Electronic City,736,1,1,1,13,18.42,5.72,0,52.3,226.14
Yelahanka,3742,5,5,2,10,6.54,,3,68.4,510.65
Jayanagar,1447,2,2,2,28,24.69,3.35,1,62.3,334.06
Bellandur,1144,2,3,1,17,27.24,10.74,1,96.9,319.76
Hebbal,2849,5,4,1,11,8.84,9.62,0,73.0,625.65
Bellandur,2080,5,6,3,7,3.19,0.81,1,45.2,544.76
Jayanagar,905,2,1,3,12,25.99,9.1,1,63.4,247.63
HSR Layout,1713,1,1,0,10,24.89,4.55,2,90.2,484.39
HSR Layout,2059,3,4,1,15,7.41,11.84,1,95.8,516.65
Hebbal,5619,6,5,1,7,2.3,1.51,2,59.8,771.12
Bellandur,1753,3,4,2,17,6.52,3.51,3,41.5,415.28
Bellandur,1564,1,1,2,22,29.99,13.48,1,39.2,330.91
Bellandur,2147,2,1,1,18,23.48,6.85,2,94.4,407.41
Bellandur,802,3,4,3,0,7.82,,2,60.8,371.05
JP Nagar,1940,3,3,2,20,9.77,2.46,4,100.0,457.23
JP Nagar,630,1,1,1,7,23.58,6.69,1,71.1,248.23
HSR Layout,5653,6,7,1,24,23.04,1.21,0,99.4,927.3
Yelahanka,1428,3,2,2,0,2.25,7.03,0,44.8,356.13
Electronic City,1168,2,2,0,26,10.6,11.33,1,49.9,327.22
Sarjapur Road,4116,6,5,3,16,17.73,3.87,1,37.2,680.38
Hebbal,735,4,4,1,7,27.55,4.65,1,75.7,271.09
Whitefield,794,2,2,1,6,27.94,6.97,1,56.3,272.39
Marathahalli,1066,1,2,1,12,25.11,3.57,0,65.5,248.72
Sarjapur Road,897,1,1,1,3,29.43,13.64,0,97.1,287.98
Jayanagar,3552,4,5,3,17,2.66,,1,59.0,703.88
Whitefield,608,1,2,3,32,26.4,5.97,2,88.1,257.93
Jayanagar,1590,4,3,2,8,23.42,1.57,0,98.3,533.63
Bellandur,670,2,2,2,2,11.44,14.79,0,51.6,317.85
Sarjapur Road,471,2,3,2,8,13.4,2.44,1,50.5,136.1
Yelahanka,450,1,1,1,28,1.77,6.49,1,73.9,204.25
Marathahalli,2417,5,4,2,29,4.54,,1,78.9,479.17
Sarjapur Road,628,1,2,3,28,28.5,9.55,0,65.4,266.98
Hebbal,809,2,2,3,12,24.85,,1,88.5,410.09
Bellandur,1518,2,2,0,33,28.47,10.97,0,99.4,401.97
Jayanagar,1953,3,3,0,34,4.39,9.42,1,88.7,379.81
Jayanagar,664,1,1,1,1,20.6,6.34,0,98.8,218.73
Yelahanka,1723,3,3,1,4,29.94,3.4,1,36.7,312.46
Hebbal,3483,6,7,3,13,12.56,13.71,0,80.1,638.07
Marathahalli,1421,1,2,3,17,27.97,6.08,2,94.7,369.52
Yelahanka,780,2,1,3,0,15.87,,0,42.5,355.49
Electronic City,527,2,3,0,7,3.5,1.07,3,54.6,307.04
Jayanagar,1327,3,2,2,2,6.64,3.53,1,71.7,398.42
Marathahalli,1194,4,4,1,11,1.32,14.79,0,64.1,305.44
Yelahanka,2157,3,4,1,7,27.89,1.0,3,96.0,421.56
Yelahanka,1663,4,4,2,30,17.48,3.11,0,95.1,515.26
Jayanagar,831,2,1,0,25,9.46,1.37,3,42.4,451.27
Bellandur,467,1,1,2,31,23.74,,4,84.4,245.61
Bellandur,483,1,1,0,8,8.79,13.5,1,93.2,257.78
HSR Layout,1295,2,3,1,3,26.64,6.59,1,89.5,395.74
JP Nagar,1164,4,3,3,31,23.33,4.41,0,97.4,383.04
Indiranagar,1220,1,2,1,19,7.43,9.52,0,78.7,559.43
Bellandur,819,1,2,2,20,26.78,0.79,1,58.8,109.3
Hebbal,1822,4,5,0,11,20.09,2.47,2,78.8,493.19
HSR Layout,1657,4,5,3,4,27.61,13.86,3,60.6,530.31
Sarjapur Road,3275,5,5,1,2,19.93,13.46,0,84.8,577.46
Yelahanka,1400,3,4,0,1,22.82,2.06,0,41.0,255.36
Electronic City,1239,3,3,0,25,18.77,0.21,2,72.9,289.05
Jayanagar,1594,1,1,3,31,6.03,14.75,1,99.3,467.1
Yelahanka,941,1,1,2,2,1.02,,0,56.1,324.95
Jayanagar,2172,4,4,0,20,14.08,14.73,1,68.7,628.41
Hebbal,1450,3,2,1,11,10.45,4.15,1,70.8,468.29
Electronic City,1541,3,4,3,34,14.07,11.12,3,42.1,385.58
Koramangala,2289,4,3,2,0,21.94,4.84,0,53.3,537.13
Whitefield,3544,6,5,1,16,14.7,3.13,0,36.2,649.35
Jayanagar,1365,3,3,3,15,16.45,,1,49.9,370.39
Koramangala,972,3,4,3,7,7.73,9.97,0,89.5,534.56
Electronic City,1646,3,3,1,11,27.01,,3,39.9,273.4
Bellandur,823,1,1,2,31,27.8,4.22,1,93.8,319.4
Jayanagar,900,3,4,3,9,22.8,,3,56.9,364.11
Whitefield,3598,6,5,0,24,7.25,0.46,1,75.5,612.39
Indiranagar,1090,3,4,2,6,12.22,2.44,1,63.7,514.41
Marathahalli,616,4,5,2,10,23.8,9.78,2,83.0,313.42
Yelahanka,963,1,2,2,6,0.8,8.92,2,92.3,328.81
Marathahalli,783,1,2,3,21,19.54,5.64,2,64.6,207.15
Bellandur,945,3,4,1,30,22.28,14.02,2,98.1,291.0
Sarjapur Road,450,2,3,1,10,13.77,8.44,3,99.8,185.48
HSR Layout,1061,2,2,1,19,27.4,1.59,2,51.7,382.0
HSR Layout,799,1,1,1,13,17.71,1.01,0,45.6,368.22
HSR Layout,2672,5,6,2,1,13.19,0.9,1,77.1,708.87
Yelahanka,2331,4,4,3,7,22.38,12.41,0,95.8,349.43
Jayanagar,852,3,4,2,7,17.49,4.14,0,55.9,342.53
HSR Layout,455,1,1,0,24,20.38,1.41,1,40.4,256.46
Jayanagar,775,4,5,0,5,17.38,8.31,2,75.0,357.29
JP Nagar,2184,2,3,1,17,25.15,,0,49.5,311.27
Yelahanka,1087,1,1,1,20,27.77,4.81,1,49.7,254.55
Marathahalli,528,2,3,3,32,25.42,1.79,1,38.9,346.79
Whitefield,1208,1,1,1,12,23.07,5.23,3,76.7,214.55
Indiranagar,2342,2,3,0,5,5.48,,2,56.1,591.4
Jayanagar,955,2,1,3,34,7.53,8.96,0,69.7,516.7
Whitefield,842,2,1,0,31,26.53,4.27,1,87.5,277.62
Indiranagar,784,1,2,1,31,26.24,14.52,0,79.6,418.91
Koramangala,979,1,1,1,4,24.94,8.28,2,38.9,233.07
Hebbal,1362,1,1,2,16,6.57,13.37,1,63.0,417.18
Indiranagar,2811,4,3,1,12,12.75,,2,59.5,752.69
HSR Layout,1400,3,2,2,20,6.79,7.17,3,97.0,344.48
Whitefield,2037,4,5,2,5,29.78,6.6,2,51.0,417.85
Marathahalli,1418,3,2,0,17,17.11,7.8,0,48.7,289.74
JP Nagar,656,1,1,1,20,24.22,9.13,0,46.9,264.64
Yelahanka,2884,4,3,2,25,5.4,12.36,0,95.9,506.74
JP Nagar,679,1,2,3,15,18.5,8.97,1,91.2,145.09
Bellandur,807,1,1,2,24,10.87,8.14,1,47.3,246.6
Indiranagar,1870,3,3,1,25,19.41,12.45,0,88.5,522.87
JP Nagar,1584,3,4,1,34,19.62,12.28,0,57.7,274.07
Whitefield,612,2,3,3,29,6.03,6.43,3,69.7,389.76
Whitefield,508,1,1,2,23,21.07,1.46,2,86.6,303.77
Whitefield,2193,5,4,2,19,24.47,,1,59.5,314.02
Indiranagar,2328,2,3,0,24,9.22,7.36,0,47.2,696.85
JP Nagar,1291,3,2,1,33,18.24,5.31,0,81.2,469.57
Sarjapur Road,634,1,2,2,33,19.9,9.65,2,82.0,186.21
Hebbal,1207,2,2,0,12,4.28,10.47,0,42.1,356.31
Koramangala,2807,4,5,2,24,21.82,,2,79.9,626.52
Bellandur,1476,4,5,1,15,13.69,1.25,0,38.7,426.08
Koramangala,792,3,2,3,16,29.19,6.63,0,71.8,304.07
Jayanagar,2008,5,6,1,5,22.22,14.73,2,78.7,522.68
Electronic City,4265,6,7,3,33,19.57,6.65,1,88.3,444.63
Bellandur,4776,6,7,3,22,27.85,7.33,0,93.9,776.28
Whitefield,1690,3,3,1,27,4.64,,2,93.4,355.7
Marathahalli,1160,3,4,0,16,13.38,6.29,0,81.5,375.6
Koramangala,455,2,1,2,14,2.99,11.07,1,70.5,375.75
Sarjapur Road,742,1,1,2,23,26.43,4.61,1,74.9,189.19
HSR Layout,2761,6,7,0,30,7.83,2.34,0,39.3,577.09
Jayanagar,1997,3,4,3,9,27.98,0.42,0,70.1,385.17
Electronic City,1348,3,3,2,18,11.7,3.67,1,83.3,256.52
Indiranagar,700,1,1,3,33,10.21,0.99,0,41.3,366.21
Sarjapur Road,1964,3,2,3,30,11.98,,2,86.2,433.49
HSR Layout,1786,3,2,3,34,19.94,,0,96.0,432.97
HSR Layout,1676,3,3,0,18,8.86,,1,69.1,481.09
Electronic City,734,1,1,1,24,17.72,8.32,2,76.1,257.01
Electronic City,773,2,1,2,24,15.93,14.94,1,67.1,152.93
Bellandur,515,1,2,3,22,1.51,11.42,1,42.7,250.77
Jayanagar,450,1,2,1,19,13.4,5.21,2,65.0,335.04
JP Nagar,848,1,1,3,28,25.92,7.35,4,39.6,232.54
Bellandur,1386,1,1,2,5,19.63,1.26,1,60.1,486.6
Hebbal,885,1,2,2,21,26.51,3.16,1,54.1,275.46
Marathahalli,2488,5,5,2,23,29.23,14.94,1,93.3,389.66
Jayanagar,519,1,1,2,21,7.79,8.19,1,39.4,196.03
Electronic City,2826,4,4,3,17,26.41,6.27,2,89.3,430.6
JP Nagar,2065,5,4,1,10,29.6,2.21,0,93.2,429.08
Indiranagar,533,4,3,3,24,14.79,,4,41.3,300.32
Yelahanka,6424,6,6,3,15,29.0,14.03,3,69.1,654.33
Hebbal,1034,2,1,1,27,3.66,6.95,0,66.7,269.87
Whitefield,624,1,1,3,22,4.65,8.6,2,83.6,182.52
Hebbal,641,2,2,0,8,2.32,10.21,3,68.7,393.96
JP Nagar,879,1,1,2,20,3.37,1.42,0,35.6,208.63
Jayanagar,949,2,1,3,28,10.32,12.59,2,42.5,320.75
HSR Layout,822,1,1,3,18,7.24,5.6,0,66.3,299.31
HSR Layout,1451,3,4,3,31,1.97,2.34,0,90.4,510.69
Hebbal,2693,4,4,2,28,14.57,8.06,0,74.9,555.92
Indiranagar,777,1,2,3,22,20.25,6.8,3,41.9,436.83
Electronic City,1430,2,2,2,28,21.91,4.84,0,81.5,274.57
Electronic City,2427,6,6,3,4,20.48,3.7,2,67.3,346.34
Bellandur,860,1,1,1,11,21.11,10.93,1,92.7,334.53
Koramangala,761,4,3,1,16,25.49,12.31,2,83.5,430.26
Electronic City,1341,2,1,3,17,7.35,,1,83.6,266.72
Whitefield,450,2,1,2,13,2.62,1.19,1,35.2,250.01
Bellandur,1150,1,2,1,3,19.33,7.19,0,97.0,425.16
Koramangala,4496,6,6,2,26,27.75,,4,73.8,767.72
Koramangala,900,3,3,1,30,23.16,12.9,1,71.3,217.9
Bellandur,3528,6,6,0,22,11.84,6.05,1,37.3,697.29
Yelahanka,1566,3,4,2,6,15.99,3.76,2,77.4,312.78
HSR Layout,1035,1,1,3,3,14.06,4.18,2,99.7,425.47
Marathahalli,1394,2,1,2,5,21.28,7.5,2,43.8,345.05
Sarjapur Road,1603,2,2,1,34,26.05,8.38,0,67.8,330.77
HSR Layout,795,1,2,3,2,26.46,12.47,1,59.1,315.31
Yelahanka,464,1,2,2,13,15.69,,1,86.3,203.84
HSR Layout,1005,3,3,0,5,9.22,9.41,2,58.6,412.07
Indiranagar,762,1,1,0,2,28.34,,1,84.3,439.84
Electronic City,1789,3,4,3,33,14.18,7.8,0,84.5,296.33
Hebbal,1867,3,3,3,23,7.09,,2,56.7,536.6
Bellandur,900,3,3,2,33,27.72,10.61,1,96.0,373.92
Sarjapur Road,1687,2,1,0,4,14.77,4.84,0,71.0,449.16
HSR Layout,1578,1,1,1,15,3.97,4.14,2,84.3,442.26
Indiranagar,450,1,1,0,23,25.35,0.83,1,47.0,325.83
Marathahalli,2250,3,3,3,10,12.08,9.86,3,47.9,317.86
Jayanagar,493,2,1,1,10,1.04,2.41,1,87.0,295.79
HSR Layout,1032,1,1,3,11,6.27,13.0,4,41.6,370.9
Bellandur,3406,6,7,2,33,18.37,10.23,1,81.2,512.5
JP Nagar,2065,5,5,0,28,10.16,,3,39.8,570.95
Koramangala,506,1,2,0,26,29.0,5.5,4,95.2,306.83
Jayanagar,1255,2,3,1,3,26.84,5.21,2,35.8,300.89
Koramangala,1235,2,2,3,31,28.93,5.89,1,38.1,324.59
Marathahalli,1433,3,4,2,28,27.68,11.26,0,54.8,293.79
Whitefield,493,2,3,0,8,1.03,1.44,1,52.3,316.44
JP Nagar,4972,6,7,3,25,9.75,9.27,2,74.4,734.19
Whitefield,1595,2,3,0,6,20.49,,1,86.0,262.55
Jayanagar,1305,3,2,0,15,24.29,4.83,2,40.7,407.93
Whitefield,2222,4,5,1,19,19.62,3.26,2,82.8,492.98
HSR Layout,1063,1,2,0,7,8.8,10.77,4,98.3,383.53
Bellandur,1797,1,2,1,2,3.53,3.54,1,71.4,393.87
JP Nagar,740,1,1,0,8,27.3,7.96,2,85.8,216.28
Yelahanka,783,3,3,3,30,1.58,4.67,1,59.9,277.91
Bellandur,1720,3,2,0,7,20.37,5.82,0,58.0,374.48
Electronic City,1205,2,2,2,20,2.2,10.03,0,38.5,375.07
Electronic City,1165,1,2,1,10,17.26,8.67,1,43.1,322.81
Hebbal,1525,3,2,3,7,17.26,10.06,4,55.0,355.25
Marathahalli,561,1,2,1,34,9.43,11.97,2,52.8,268.78
Marathahalli,450,1,2,1,9,10.42,4.19,0,58.8,305.22
Koramangala,1010,4,3,2,18,15.95,4.64,2,51.7,516.67
Bellandur,494,1,1,3,21,6.08,10.42,3,83.1,328.04
Sarjapur Road,1514,3,2,2,11,16.73,8.14,2,60.9,391.55
Yelahanka,2464,6,6,1,19,22.64,1.44,0,61.3,370.42
Sarjapur Road,1059,2,1,0,0,28.08,3.25,0,71.7,437.98
Whitefield,478,1,2,1,5,12.88,3.06,2,85.1,281.05
HSR Layout,1104,1,1,3,21,14.2,13.25,3,42.2,284.57
Yelahanka,689,1,2,0,1,23.61,8.74,2,75.5,206.07
Marathahalli,2525,5,4,0,30,16.95,6.32,1,37.0,450.99
HSR Layout,1205,3,3,0,27,26.9,11.96,2,97.2,296.41
Hebbal,2625,4,4,1,18,0.69,6.95,1,72.2,581.39
Bellandur,705,2,3,1,11,11.32,13.07,2,82.0,229.63
Koramangala,1183,2,1,1,22,11.55,3.57,2,50.3,440.87
JP Nagar,732,2,3,1,7,16.06,3.71,2,36.7,366.26
Electronic City,1648,3,2,0,34,5.75,10.01,1,85.4,402.06
Marathahalli,990,2,2,3,32,28.33,4.59,2,50.0,221.73
Electronic City,751,1,2,2,11,28.29,8.05,2,73.8,402.66
Koramangala,479,1,1,0,31,3.16,,2,51.3,255.33
Indiranagar,2070,3,3,3,13,12.07,8.31,4,83.4,529.89
Indiranagar,1795,2,1,0,24,29.72,13.45,1,48.9,498.83
Indiranagar,835,2,1,1,4,17.45,13.67,0,99.6,364.0
Jayanagar,737,1,2,2,21,4.17,7.96,0,40.0,367.96
Jayanagar,1645,3,3,3,19,11.89,0.29,2,87.7,418.79
Sarjapur Road,2715,3,3,1,6,7.0,8.66,1,88.4,629.5
Sarjapur Road,450,1,2,1,0,15.99,,2,55.2,215.82
Jayanagar,2504,4,5,1,17,15.25,6.9,1,86.7,669.5
Hebbal,1474,3,2,2,9,15.45,5.18,0,99.6,409.92
Yelahanka,1657,4,5,2,27,20.68,13.62,4,51.0,416.3
Yelahanka,904,1,1,1,23,13.56,8.05,3,66.6,269.63
Bellandur,627,1,1,1,25,3.85,14.21,1,89.2,293.25
Bellandur,1468,3,4,2,11,20.48,9.63,0,81.3,467.16
Hebbal,450,1,2,2,24,15.94,0.74,1,49.2,202.71
Yelahanka,2805,4,4,3,3,22.8,2.76,0,75.1,423.27
Bellandur,1652,2,3,1,26,6.29,,0,74.5,341.63
Hebbal,617,2,3,3,4,26.34,9.32,3,50.8,255.87
Yelahanka,1762,4,5,0,34,17.07,5.07,2,35.3,446.1
Indiranagar,453,1,2,3,27,23.04,0.96,3,61.6,259.36
Whitefield,1800,1,1,0,5,11.69,2.99,2,63.7,547.37
Yelahanka,1993,3,2,3,7,20.86,1.79,1,94.9,360.49
Yelahanka,1240,2,3,1,9,13.94,3.85,3,98.6,167.58
Bellandur,1751,3,4,0,0,11.32,0.97,0,44.4,395.39
Indiranagar,635,1,1,0,1,24.86,3.96,1,36.7,442.21
Marathahalli,450,1,2,3,1,17.02,10.7,0,66.4,182.06
Koramangala,1920,2,1,3,19,24.36,4.05,0,45.2,574.81
Bellandur,2313,5,6,3,7,3.2,,1,73.1,555.89
Sarjapur Road,2723,5,5,0,5,2.2,10.88,4,49.3,531.53
Whitefield,1078,2,1,1,30,20.56,11.88,2,49.0,277.04
Jayanagar,617,1,1,0,27,15.24,14.19,4,36.0,288.1
Koramangala,450,1,1,1,33,2.8,13.43,1,52.4,277.77
Jayanagar,6500,6,5,1,9,29.89,13.08,1,53.9,894.43
JP Nagar,1867,3,4,3,33,22.35,8.44,1,69.2,402.69
Hebbal,1569,3,2,2,12,11.63,9.94,2,75.4,478.25
Yelahanka,783,1,2,1,11,5.42,9.36,3,72.0,244.39
Bellandur,1371,1,1,3,11,26.03,,0,71.6,227.77
Hebbal,1362,1,2,3,30,23.07,10.6,1,60.2,375.54
Indiranagar,917,1,2,3,24,21.92,6.01,0,50.9,369.13
Bellandur,1498,3,3,1,12,27.46,,2,70.9,364.83
Yelahanka,1205,5,6,1,25,1.83,8.77,0,53.2,242.16
HSR Layout,3392,4,3,3,18,2.46,2.71,1,44.9,616.46
Hebbal,450,1,1,3,14,4.34,13.65,2,66.6,376.48
JP Nagar,916,1,2,2,20,3.38,3.55,2,69.6,380.12
Hebbal,1265,2,3,3,6,27.14,14.0,3,73.5,277.41
HSR Layout,1251,3,4,1,3,9.15,1.78,0,92.6,338.65
Jayanagar,450,1,1,0,30,10.52,14.68,1,44.8,207.67
Jayanagar,1054,1,2,0,26,28.17,12.53,0,70.5,276.09
Hebbal,1695,3,4,1,23,15.14,13.07,1,94.4,430.46
Marathahalli,450,1,1,2,22,8.44,0.96,1,65.6,243.1
Marathahalli,2809,4,4,1,4,17.48,10.84,1,87.0,463.02
Indiranagar,1883,2,1,1,15,20.74,,1,38.3,381.0
Sarjapur Road,5166,6,7,3,4,7.6,14.7,0,77.9,683.65
Marathahalli,659,1,2,0,2,4.43,1.94,0,69.2,138.02
Yelahanka,675,1,2,3,1,20.18,4.56,2,89.7,211.44
Indiranagar,552,1,1,0,19,8.64,7.0,3,79.8,349.08
JP Nagar,959,3,2,1,31,1.75,5.34,1,84.2,448.27
Whitefield,950,3,2,0,32,3.75,7.87,0,57.1,257.97
Marathahalli,450,1,1,0,16,14.63,8.52,1,98.5,349.84
Koramangala,620,1,2,1,22,21.56,6.47,0,91.7,341.01
Sarjapur Road,1993,3,3,3,28,23.69,10.53,0,47.3,396.05
Bellandur,720,1,2,2,21,6.11,,4,76.7,267.1
Hebbal,3364,6,7,2,26,0.97,8.85,0,76.0,623.42
Bellandur,456,1,1,2,27,17.83,,2,86.5,123.09
Yelahanka,1804,2,3,2,3,23.79,8.51,2,82.7,380.48
Marathahalli,697,1,1,3,6,22.55,11.53,2,43.6,258.79
Jayanagar,1423,4,4,0,24,11.48,9.32,1,89.2,567.94
Koramangala,1243,4,3,3,7,11.96,11.75,1,54.5,527.31
Koramangala,1707,4,5,2,11,25.3,7.28,2,90.2,424.94
Sarjapur Road,450,1,1,1,21,22.72,1.98,0,86.3,292.01
Whitefield,1841,2,3,2,9,16.98,2.55,1,93.6,412.43
JP Nagar,1278,2,3,3,17,29.44,6.78,2,65.2,363.84
Koramangala,1173,2,2,1,10,20.02,10.54,3,43.6,578.45
Jayanagar,2922,6,6,0,13,11.41,2.83,1,42.8,685.57
Whitefield,3322,5,4,3,11,16.51,11.8,0,99.5,587.05
Indiranagar,3297,6,7,3,17,16.29,10.85,1,85.7,736.45
Bellandur,491,1,1,3,3,25.7,3.07,2,36.4,221.29
Jayanagar,2311,2,1,3,22,27.23,8.63,0,64.4,621.25
Bellandur,923,2,2,3,25,27.72,13.86,1,92.9,403.13
Koramangala,543,2,3,1,3,14.97,13.2,1,59.6,425.61
Sarjapur Road,1087,3,2,0,11,22.66,2.05,1,86.1,282.24
Indiranagar,507,1,1,0,6,14.38,13.74,4,42.9,403.16
Electronic City,1036,1,2,1,29,28.93,5.36,3,63.6,224.5
Marathahalli,1928,3,2,3,4,18.26,7.44,4,66.2,342.96
HSR Layout,885,1,1,3,7,17.44,11.37,0,72.2,321.37
Bellandur,1485,3,2,3,19,27.49,9.89,2,51.2,437.28
Hebbal,2880,6,7,1,14,9.73,0.67,1,53.6,512.28
Yelahanka,1511,1,1,1,21,15.07,,1,85.7,216.66
Jayanagar,3984,6,6,0,8,1.62,13.44,1,67.2,755.11
Bellandur,1560,2,3,0,22,5.16,8.91,1,70.5,423.35
Indiranagar,525,2,1,3,6,3.75,9.05,1,58.3,410.34
Hebbal,809,2,3,0,3,29.29,1.74,1,74.8,290.27
Indiranagar,1174,3,2,1,23,5.76,1.87,2,35.1,558.82
Marathahalli,1409,2,3,3,1,21.65,9.54,3,88.9,340.13
Marathahalli,2263,5,5,1,31,12.1,10.06,4,93.5,207.41
Hebbal,621,1,2,2,14,12.77,7.17,1,92.3,247.3
Indiranagar,1015,2,3,3,22,27.69,,0,86.4,375.28
Sarjapur Road,1495,2,2,0,7,22.6,0.62,1,94.1,262.29
Jayanagar,1495,2,1,2,27,12.8,1.23,1,38.3,377.37
Bellandur,3966,5,6,3,9,0.57,,0,35.2,665.6
Marathahalli,450,2,2,1,34,14.2,7.78,1,76.1,312.28
Indiranagar,1795,2,1,1,13,7.94,2.72,1,83.6,703.58
Bellandur,1460,1,1,3,30,2.69,6.59,1,36.9,344.75
Jayanagar,1450,3,4,2,31,14.57,7.68,0,56.8,392.97
Koramangala,3392,5,5,2,2,22.43,10.09,2,42.4,604.89
Indiranagar,807,1,1,2,34,17.27,0.49,1,99.7,443.34
Indiranagar,490,2,2,2,17,26.16,1.23,3,81.7,253.55
Marathahalli,450,1,2,3,27,16.98,7.46,2,57.4,207.38
Electronic City,843,1,1,2,15,13.75,4.2,1,37.3,320.19
HSR Layout,1442,3,3,0,9,13.9,7.08,1,98.1,339.04
Marathahalli,1235,1,1,0,0,11.5,0.27,2,74.3,335.83
Indiranagar,3532,5,5,2,31,22.68,4.65,2,49.6,716.88
Sarjapur Road,532,1,2,1,9,26.25,11.69,1,43.0,246.78
JP Nagar,1245,4,3,1,28,26.46,6.58,2,79.4,364.99
JP Nagar,669,1,2,2,0,7.66,7.42,0,61.3,305.21
JP Nagar,711,2,1,0,23,25.45,14.17,0,90.0,185.39
Bellandur,1672,4,3,3,33,5.08,4.39,1,58.1,356.74
Sarjapur Road,2250,6,5,0,30,21.99,11.75,2,56.2,461.42
Whitefield,1165,1,1,1,9,20.12,5.75,2,93.9,262.29
Jayanagar,732,2,3,1,6,3.42,5.24,0,89.7,297.47
JP Nagar,576,1,1,1,6,15.33,,1,82.4,232.76
Whitefield,994,4,5,3,15,18.8,4.77,3,45.6,349.36
Jayanagar,1063,1,1,0,30,7.49,11.33,1,73.9,389.19
Jayanagar,2032,5,5,1,11,15.13,4.99,0,83.2,659.46
Whitefield,523,1,2,0,32,27.75,6.32,2,83.6,296.45
Yelahanka,4040,6,5,1,31,4.2,7.28,1,72.5,557.9
Indiranagar,6500,6,6,2,11,7.08,11.81,3,56.5,1135.31
Koramangala,1345,2,1,2,1,19.29,13.47,1,54.4,549.67
Sarjapur Road,1383,2,1,0,2,25.88,9.49,1,65.3,472.59
Marathahalli,1400,2,2,0,7,22.97,3.75,2,98.0,325.97
Yelahanka,1752,3,3,2,21,3.35,3.22,1,43.3,251.79
Whitefield,686,1,1,2,18,6.87,7.87,1,58.4,275.15
Marathahalli,1332,2,1,3,3,17.13,9.59,0,45.4,382.89
Whitefield,1089,2,2,2,10,1.43,11.83,0,81.1,371.04
Bellandur,911,2,1,2,11,21.8,10.66,3,85.6,350.0
Bellandur,2289,4,4,3,14,8.52,2.5,3,99.2,538.56
Electronic City,712,2,3,2,26,27.28,1.0,1,46.6,171.56
Bellandur,2236,3,3,3,19,5.87,10.09,1,45.3,550.95
HSR Layout,1569,2,1,2,6,10.17,1.96,1,89.8,454.64
Yelahanka,2351,2,2,1,21,3.06,7.52,1,54.1,362.73
HSR Layout,1121,2,2,2,14,29.77,12.93,1,59.6,421.1
Koramangala,913,3,4,2,1,19.71,0.96,0,43.7,556.77
Indiranagar,1153,3,4,3,14,24.56,,0,69.4,466.82
Koramangala,2264,3,2,2,23,15.66,6.79,0,42.4,447.59
JP Nagar,3105,5,5,2,15,20.26,4.81,0,61.7,568.84
Electronic City,2093,5,6,3,25,22.02,2.46,0,46.7,481.54
Marathahalli,450,1,1,1,31,4.29,14.3,0,56.8,295.81
Jayanagar,2484,5,4,2,22,29.32,1.82,2,42.9,554.23
Electronic City,1229,1,2,3,5,21.28,3.47,0,93.3,310.41
Electronic City,1229,3,4,1,25,11.93,12.04,1,71.7,329.72
HSR Layout,450,1,1,0,17,1.35,,2,75.7,339.87
Whitefield,762,2,3,2,5,14.9,11.97,1,75.3,183.59
Sarjapur Road,1864,4,4,2,30,26.21,8.09,3,91.7,317.11
Whitefield,589,1,1,1,17,5.25,12.75,0,80.9,332.81
Jayanagar,450,1,1,2,10,17.32,11.26,0,84.1,311.94
Bellandur,1135,1,1,0,12,19.38,11.73,1,74.8,377.19
Yelahanka,605,1,1,0,21,3.62,10.38,0,60.4,258.68
Electronic City,1678,3,3,1,9,0.65,10.52,2,86.3,255.75
Marathahalli,2202,4,3,3,28,14.3,8.53,0,40.4,451.14
Jayanagar,1306,2,3,2,5,27.72,9.51,1,86.3,372.1
Marathahalli,1011,1,1,2,27,21.94,12.4,0,90.8,277.09
HSR Layout,815,2,2,2,8,14.42,5.86,1,72.0,344.76
Jayanagar,1268,3,2,1,25,22.87,1.32,0,59.3,246.59
HSR Layout,729,2,3,0,12,5.04,1.01,1,45.3,273.62
Yelahanka,1321,2,1,2,19,10.35,,2,96.7,411.94
Sarjapur Road,2368,4,3,0,27,29.16,12.37,1,37.8,429.92
Jayanagar,1063,1,2,0,1,29.96,14.12,1,51.0,270.65
Hebbal,1356,3,4,0,25,22.67,1.43,2,65.9,316.32
Koramangala,1644,3,3,1,32,28.98,10.11,3,93.6,544.52
Jayanagar,842,3,2,1,9,28.83,3.9,0,98.6,264.98
Electronic City,1244,2,2,1,28,3.28,7.25,1,98.1,386.15
Jayanagar,756,2,3,3,17,18.61,11.33,0,95.8,410.99
JP Nagar,683,1,2,1,34,16.41,3.65,3,53.5,277.19
Electronic City,1838,2,1,3,7,14.29,,1,97.1,428.72
Bellandur,571,2,3,0,11,27.66,9.36,4,86.1,292.01
Yelahanka,1180,2,2,1,3,18.73,14.01,1,77.0,316.25
Hebbal,992,1,1,1,14,15.41,12.09,3,44.8,368.17
Koramangala,705,1,1,0,32,19.34,13.61,2,77.0,427.04
Hebbal,1505,2,2,2,6,1.15,9.92,0,54.3,496.53
Bellandur,450,2,1,2,31,9.21,1.37,2,37.2,221.94
Hebbal,582,1,1,3,9,14.84,6.93,0,95.1,327.67
Indiranagar,661,3,3,0,13,3.52,4.62,0,62.2,533.63
Sarjapur Road,535,1,2,2,21,0.76,9.75,0,43.4,341.27
Bellandur,813,3,4,3,25,15.71,5.36,2,65.1,339.3
Bellandur,1225,2,3,3,18,25.86,7.54,1,82.8,218.77
Whitefield,1168,1,1,3,2,10.41,7.59,1,54.5,217.26
Marathahalli,1310,2,3,2,12,27.85,10.11,3,67.2,294.09
Indiranagar,951,3,4,3,14,27.91,,4,58.2,487.79
Marathahalli,1203,2,3,0,21,26.42,11.31,0,75.3,291.92
Bellandur,2782,4,4,0,27,23.06,9.12,1,55.9,434.61
Marathahalli,450,2,1,3,16,28.15,2.89,1,97.9,264.53
Hebbal,1428,3,2,0,12,13.81,1.92,2,58.0,458.27
JP Nagar,1019,1,1,3,12,4.16,5.6,2,84.4,297.42
Yelahanka,924,1,1,3,8,11.91,7.66,2,40.6,243.34
Bellandur,687,3,2,1,4,29.2,9.55,1,49.8,269.63
Koramangala,450,3,2,3,8,7.4,12.83,0,79.0,334.34
Whitefield,1182,2,2,1,29,27.68,6.2,3,87.0,267.39
Indiranagar,531,1,1,1,13,2.55,7.95,1,42.3,446.71
HSR Layout,1875,2,3,2,16,18.83,4.7,0,42.5,528.19
Sarjapur Road,694,3,4,0,28,28.06,,0,99.1,308.83
HSR Layout,781,1,1,3,2,22.16,3.13,1,87.1,265.76
HSR Layout,916,2,3,0,31,23.68,13.04,3,57.2,276.93
Koramangala,1696,3,4,2,29,2.44,8.12,2,75.4,469.55
Marathahalli,1903,4,3,2,34,25.05,12.28,4,58.4,371.52
Marathahalli,1810,4,4,0,32,11.01,5.9,2,51.4,250.84
JP Nagar,805,1,1,1,11,3.03,10.06,0,88.8,327.07
Electronic City,1853,3,4,0,33,16.56,2.01,1,99.3,348.44
Jayanagar,470,2,3,1,3,28.17,5.94,0,36.8,307.9
Koramangala,1754,3,4,2,27,29.27,7.89,1,85.0,513.39
Koramangala,1520,2,3,2,13,20.13,3.4,2,44.8,458.2
Hebbal,1687,3,2,0,10,21.26,13.39,0,89.4,344.59
Bellandur,711,3,4,2,27,23.65,2.67,0,76.5,239.94
Bellandur,1037,1,1,0,33,6.64,3.45,0,57.2,404.41
JP Nagar,2728,5,5,1,25,6.08,5.06,1,88.4,601.87
Yelahanka,450,1,2,0,18,25.49,14.26,1,61.2,250.2
Marathahalli,1372,1,2,3,15,10.62,13.64,0,99.3,337.06
HSR Layout,906,2,1,0,20,16.46,2.24,2,38.9,420.43
Indiranagar,1085,2,2,2,14,17.27,12.9,0,80.5,465.88
Whitefield,1449,2,2,2,11,8.42,3.08,1,40.5,355.13
JP Nagar,589,2,1,1,13,15.35,10.54,3,62.0,289.62
Sarjapur Road,1701,3,4,2,12,9.77,7.08,2,36.1,370.15
Marathahalli,594,1,1,3,23,22.18,9.2,1,43.3,265.3
Indiranagar,1020,2,3,1,23,12.94,1.26,0,68.7,599.55
Sarjapur Road,450,1,1,1,26,7.85,3.81,1,42.7,306.98
Indiranagar,1188,1,1,3,32,21.56,1.87,3,70.4,521.75
Sarjapur Road,503,1,1,3,8,28.74,10.39,1,60.7,214.2
Sarjapur Road,1515,3,4,1,32,2.44,3.53,0,90.5,342.2
Marathahalli,4285,6,7,2,19,6.62,7.37,1,52.3,537.18
Marathahalli,920,3,4,2,17,24.56,2.74,2,51.1,294.18
Koramangala,638,3,2,1,6,26.94,4.41,0,90.8,367.33
Marathahalli,957,1,2,0,23,10.25,14.47,0,35.2,393.38
Sarjapur Road,1399,4,3,0,32,22.19,1.78,2,80.8,434.62
Yelahanka,546,1,1,1,27,28.02,3.14,1,35.6,78.93
Yelahanka,1063,3,2,0,15,21.71,2.36,0,90.9,218.93
Hebbal,4179,6,5,1,9,13.27,12.31,3,48.0,729.51
Sarjapur Road,1781,3,3,0,30,25.98,7.28,0,69.5,295.27
HSR Layout,634,2,3,3,12,11.58,4.58,1,70.5,245.35
JP Nagar,1319,2,3,3,30,24.9,14.69,0,85.9,311.84
Hebbal,968,1,1,3,32,0.71,6.38,2,72.3,273.16
Hebbal,817,2,2,0,16,26.85,13.04,3,76.3,426.71
Hebbal,650,1,1,2,4,12.37,3.66,1,79.1,287.19
Whitefield,4034,6,5,0,3,15.01,8.1,1,69.7,584.04
HSR Layout,450,3,2,3,16,19.41,0.64,0,57.7,272.78
Koramangala,2138,4,3,1,8,1.25,6.71,2,68.6,791.88
Yelahanka,855,2,3,1,1,2.17,9.0,0,47.1,328.51
Whitefield,3008,4,5,1,25,18.75,11.82,2,98.0,611.74
Indiranagar,523,1,1,1,21,9.41,9.57,0,75.1,267.13
HSR Layout,1699,3,3,0,31,1.53,0.3,1,95.0,445.42
Yelahanka,2382,6,7,2,28,12.86,10.14,2,43.0,334.24
Hebbal,1277,3,4,3,1,2.75,12.52,1,75.4,477.28
Koramangala,1447,1,1,3,22,5.64,14.62,0,96.3,353.99
Marathahalli,691,3,2,3,24,12.47,13.68,0,74.0,207.66
JP Nagar,790,2,1,2,7,25.04,3.14,0,65.9,309.12
Hebbal,935,2,3,3,30,9.36,8.3,3,67.8,328.05
JP Nagar,1422,1,1,0,18,19.26,13.52,1,90.9,336.7
Hebbal,486,2,3,3,28,17.89,4.74,4,80.9,391.16
Yelahanka,450,1,2,2,19,7.11,12.96,3,82.7,238.01
Bellandur,676,1,2,2,25,27.48,5.13,3,83.2,117.25
Indiranagar,1670,3,3,3,8,8.12,7.28,0,93.4,600.89
HSR Layout,757,1,2,0,7,5.88,13.77,1,40.7,385.53
Sarjapur Road,809,2,3,1,25,19.34,2.06,0,49.3,251.38
Bellandur,1503,1,1,0,3,12.39,11.42,2,85.4,436.57
HSR Layout,1204,1,2,2,4,2.23,11.9,2,77.0,481.21
Indiranagar,1376,3,2,1,30,26.23,1.43,2,75.7,409.78
Indiranagar,1584,1,2,2,28,3.06,9.12,2,61.1,568.67
Sarjapur Road,924,2,1,0,16,4.47,6.42,0,64.4,214.3
HSR Layout,552,1,2,2,15,20.14,0.22,2,37.6,293.73
Indiranagar,450,1,2,2,22,8.91,10.84,0,75.7,445.26
JP Nagar,450,1,2,3,5,15.22,1.94,0,35.7,240.01
Marathahalli,1860,4,5,3,22,20.65,6.54,2,68.9,448.91
Jayanagar,450,1,1,0,6,1.46,12.15,2,55.9,355.61
Whitefield,1899,3,2,0,17,11.28,8.52,2,61.8,465.43
Indiranagar,843,1,1,2,8,29.62,5.6,2,62.8,419.28
HSR Layout,1566,2,3,3,0,13.14,8.15,1,89.6,448.71
Electronic City,1651,4,4,1,19,23.17,,1,94.8,385.88
Hebbal,1086,1,2,0,8,6.72,5.26,2,53.4,324.25
Sarjapur Road,1537,4,3,1,32,23.62,8.04,2,47.5,352.59
Marathahalli,1453,4,5,1,23,2.11,0.46,0,87.6,386.2
Marathahalli,2407,4,4,2,5,24.32,9.77,1,76.2,458.91
HSR Layout,488,2,2,3,12,10.73,13.39,4,65.0,285.62
Indiranagar,1344,2,3,3,13,26.8,14.97,0,37.7,374.26
Koramangala,859,1,2,2,4,26.61,5.46,4,53.2,357.77
Marathahalli,807,1,2,1,30,5.89,,0,87.8,205.06
Bellandur,851,1,2,0,7,15.89,8.4,2,64.1,311.98
Whitefield,2747,5,5,3,23,19.42,12.1,1,65.7,527.25
HSR Layout,482,1,1,0,10,25.96,2.59,3,90.9,205.51
Whitefield,1073,4,4,1,30,1.46,4.91,2,65.8,377.2
Yelahanka,775,1,1,2,5,20.32,14.93,2,41.6,121.27
Jayanagar,2086,3,2,3,8,22.27,3.75,2,72.7,550.41
Marathahalli,624,2,3,0,17,1.02,10.09,1,74.3,393.43
JP Nagar,1001,2,2,1,23,13.11,5.21,3,61.2,263.42
Hebbal,2198,3,2,1,26,16.73,1.2,0,98.9,443.14
Electronic City,2220,3,4,0,14,3.39,7.12,2,78.5,446.21
Hebbal,1072,2,2,0,15,24.63,8.16,0,35.9,194.56
Bellandur,1198,2,1,3,0,21.22,8.49,2,90.6,494.64
Bellandur,1790,4,4,2,30,16.48,,0,56.4,327.58
HSR Layout,1126,2,1,2,32,19.16,6.93,0,84.9,499.41
Bellandur,719,2,1,1,21,9.46,7.11,1,90.7,270.82
Hebbal,467,1,2,2,33,0.8,,2,96.7,281.07
Hebbal,1351,1,2,0,24,2.8,9.64,1,67.3,414.28
Jayanagar,578,2,2,3,23,13.54,,0,83.1,282.56
Electronic City,1399,3,4,2,24,6.72,11.51,3,40.2,390.21
Marathahalli,599,1,2,2,18,28.4,1.61,2,95.6,253.36
Electronic City,1377,4,5,2,12,14.57,2.33,0,96.1,344.92
Bellandur,809,2,2,0,5,8.88,12.11,3,38.7,406.63
JP Nagar,743,1,1,3,19,26.99,3.08,1,81.9,168.49
Yelahanka,4529,6,6,3,23,1.51,,4,35.8,601.06
JP Nagar,985,1,1,1,33,17.4,3.49,0,36.2,268.04
Koramangala,2839,4,3,3,20,7.91,5.41,0,77.3,638.94
Marathahalli,450,1,1,3,3,27.69,3.33,2,76.4,204.08
Electronic City,735,2,2,1,11,28.4,12.82,2,96.1,194.31
Koramangala,2619,3,4,1,14,27.17,6.24,1,43.2,642.53
Koramangala,839,1,2,2,5,0.83,8.63,2,46.3,387.99
Sarjapur Road,1802,2,3,0,34,6.36,11.45,3,66.6,375.17
Whitefield,450,1,1,1,33,1.0,8.34,0,70.2,379.57
Indiranagar,1135,1,1,2,24,11.72,9.21,2,71.1,372.49
Indiranagar,852,2,3,2,15,21.64,12.84,2,40.6,298.88
Sarjapur Road,1644,4,4,2,27,19.67,7.4,0,85.0,437.2
Koramangala,621,2,1,1,34,6.33,10.39,0,60.8,287.3
Yelahanka,646,2,1,1,16,24.59,7.45,3,73.2,299.49
Marathahalli,1662,2,2,3,22,14.77,12.44,1,70.1,320.15
Electronic City,1166,3,4,3,1,20.69,11.63,0,55.0,267.89
HSR Layout,2470,3,3,0,19,11.83,7.05,1,35.5,541.8
Indiranagar,542,1,1,2,31,3.76,2.38,0,83.2,333.0
HSR Layout,1650,5,4,2,31,1.39,3.54,1,87.4,583.32
Hebbal,1001,1,2,0,14,14.04,5.78,0,73.7,261.84
Sarjapur Road,450,1,2,1,8,24.22,11.62,4,80.8,236.7
HSR Layout,1204,2,1,2,5,20.24,13.68,3,48.3,399.33
Yelahanka,680,1,1,2,31,14.14,14.37,0,39.4,250.62
Whitefield,962,2,1,2,18,19.73,3.35,0,48.0,224.38
Sarjapur Road,450,1,1,1,14,16.09,13.54,2,59.5,205.24
Marathahalli,496,1,1,1,2,29.2,3.78,1,77.6,228.97
Marathahalli,2251,4,4,2,9,21.92,8.23,1,37.8,306.98
Indiranagar,1760,2,1,3,20,24.32,7.18,0,41.1,400.83
Koramangala,712,1,1,0,18,3.79,6.5,0,66.1,336.1
Sarjapur Road,1591,3,2,2,2,29.62,14.99,1,88.7,424.49
Sarjapur Road,550,1,1,0,23,12.15,12.22,0,81.1,220.22
Koramangala,550,1,1,0,11,22.36,7.81,1,63.9,160.12
Marathahalli,859,1,1,3,12,7.38,14.78,4,36.9,351.25
Jayanagar,976,2,1,3,23,21.37,5.61,2,57.4,364.07
HSR Layout,504,1,1,0,24,6.91,12.74,0,82.3,279.87
Yelahanka,957,2,1,3,6,25.16,6.37,3,74.2,295.53
Electronic City,2027,3,2,0,5,9.04,,3,87.8,282.21
Sarjapur Road,2327,4,3,1,15,24.3,6.6,3,80.3,537.76
Sarjapur Road,671,1,1,1,2,17.99,8.17,0,46.7,223.28
Marathahalli,888,2,3,0,16,6.9,1.87,3,75.7,419.11
Hebbal,507,1,2,0,34,25.83,11.96,2,51.4,205.44
Jayanagar,1035,2,3,0,13,9.75,2.52,1,97.8,322.96
Hebbal,450,1,1,2,10,0.7,12.44,1,42.6,338.12
Yelahanka,1615,2,1,0,21,9.82,4.09,2,83.5,343.87
Electronic City,1404,2,3,1,26,15.09,7.79,3,66.7,336.89
Marathahalli,1233,2,3,0,1,26.54,14.55,4,49.4,364.86
Electronic City,1699,5,5,3,6,17.46,1.86,0,92.9,338.7
Jayanagar,509,1,1,2,10,24.95,7.32,0,71.7,323.94
Electronic City,2237,4,4,3,34,27.44,14.45,3,73.2,430.3
Jayanagar,1618,4,3,1,34,14.04,1.47,1,48.4,374.74
Hebbal,894,2,1,0,9,2.62,13.96,0,62.6,381.28
JP Nagar,2464,5,5,2,28,26.25,6.09,1,44.0,591.54
JP Nagar,1438,1,1,1,17,23.15,9.17,1,65.9,333.06
Electronic City,1288,1,2,3,5,1.16,0.3,0,85.4,425.93
HSR Layout,1125,1,1,1,5,8.86,7.29,2,82.2,362.78
Bellandur,1470,3,3,0,17,18.4,8.85,1,38.0,340.37
Jayanagar,1932,3,4,0,18,5.45,9.44,1,77.3,554.58
JP Nagar,450,1,1,2,20,7.03,7.81,0,78.6,197.91
Indiranagar,497,2,2,0,12,0.87,,2,98.4,349.91
Sarjapur Road,1190,4,3,2,12,6.22,12.67,3,74.6,387.94
JP Nagar,1145,3,3,1,5,14.62,,0,83.8,386.56
Koramangala,598,1,1,1,13,21.92,14.99,1,62.4,203.8
Electronic City,1584,4,3,2,15,3.49,14.79,0,69.0,294.33
Bellandur,450,1,1,2,22,6.27,,0,57.3,305.11
Electronic City,2103,4,4,1,30,20.9,,0,42.4,382.75
JP Nagar,1933,5,5,2,5,17.43,,1,49.7,555.1
Sarjapur Road,783,2,2,2,15,4.66,4.15,1,37.8,400.01
Indiranagar,1083,3,4,3,16,22.68,,2,63.9,324.65
Hebbal,816,2,3,0,13,4.7,12.21,2,44.8,324.86
Indiranagar,943,2,2,3,25,4.16,7.29,4,43.7,431.28
Sarjapur Road,1861,1,1,1,5,6.0,1.5,4,51.4,435.28
Sarjapur Road,1690,1,1,0,25,15.07,,3,79.5,418.02
Hebbal,1194,1,2,0,4,26.25,8.64,1,72.0,269.4
Indiranagar,450,1,1,0,9,1.83,9.29,0,76.4,299.65
HSR Layout,3679,6,7,3,13,20.83,12.85,2,88.1,632.93
Whitefield,1533,3,2,0,30,1.26,12.7,0,47.1,300.45
Yelahanka,960,1,1,1,8,24.53,9.84,2,60.2,325.62
Jayanagar,3181,6,5,0,5,24.55,10.14,1,90.9,618.3
JP Nagar,630,3,2,2,22,23.69,1.76,3,78.1,270.54
Marathahalli,650,1,1,0,21,22.69,13.37,1,68.6,258.53
Bellandur,3415,6,5,1,19,29.02,2.17,2,81.5,681.57
Sarjapur Road,1476,1,1,1,24,16.9,9.39,1,52.8,393.42
Whitefield,1247,3,4,2,1,9.29,2.88,0,89.4,463.56
Whitefield,1537,2,3,1,25,27.75,3.41,0,93.3,332.55
HSR Layout,1714,2,1,2,24,4.27,0.47,1,56.7,475.42
JP Nagar,866,1,1,0,17,17.63,3.2,1,84.9,222.13
Whitefield,478,1,1,1,29,4.77,11.43,1,49.5,280.95
Bellandur,2714,4,4,1,18,19.63,,1,94.1,460.73
JP Nagar,1416,2,3,3,33,1.52,11.98,0,48.8,379.54
Electronic City,2063,2,2,2,34,24.86,9.9,1,87.9,331.71
Jayanagar,660,1,2,3,34,11.2,12.96,0,93.8,354.88
Electronic City,1499,3,2,2,8,11.32,11.38,2,58.9,326.39
JP Nagar,450,1,1,3,25,3.32,0.73,2,36.2,201.41
Hebbal,711,1,2,2,9,20.15,13.33,2,80.7,175.76
Electronic City,1076,1,1,3,2,8.96,6.42,1,50.0,321.98
HSR Layout,1128,1,2,0,15,16.53,12.65,1,58.3,328.17
Koramangala,2811,4,3,0,32,2.46,0.77,1,49.3,700.54
HSR Layout,470,1,1,3,11,17.9,14.49,2,42.4,267.96
Electronic City,1112,4,5,0,34,12.55,11.18,2,67.6,269.94
JP Nagar,1421,2,3,2,20,4.99,9.67,2,97.3,312.82
Indiranagar,2332,3,3,3,16,4.36,3.72,1,64.7,643.74
Hebbal,450,1,1,0,7,3.62,14.45,2,91.7,266.46
JP Nagar,1691,3,3,0,29,2.57,14.16,2,96.6,450.03
Indiranagar,1672,1,2,2,17,8.17,2.46,0,86.7,566.0
Koramangala,450,1,1,0,7,5.35,6.1,1,76.3,362.16
Sarjapur Road,2378,3,3,0,25,17.21,14.42,1,95.3,637.68
HSR Layout,3533,6,5,3,30,15.47,2.95,2,68.6,493.16
Electronic City,849,1,1,0,12,1.85,13.22,1,37.1,322.54
Jayanagar,3622,5,4,0,9,24.91,7.39,1,52.5,679.94
Electronic City,1361,4,3,0,28,15.25,10.16,4,98.3,369.94
Yelahanka,450,2,2,3,3,28.94,8.86,1,87.0,196.03
Bellandur,983,3,4,2,2,3.29,13.36,1,70.2,325.37
Whitefield,1836,4,4,0,4,28.77,9.49,1,82.4,483.58
Yelahanka,1480,3,2,2,32,14.23,6.69,4,67.2,272.01
Whitefield,2572,3,4,0,6,13.28,,0,57.7,566.26
Marathahalli,1113,1,2,2,5,22.28,4.52,1,92.4,367.97
Electronic City,450,1,1,2,23,13.07,10.62,1,97.8,258.97
Whitefield,2686,5,5,3,0,1.66,,1,44.3,480.34
Jayanagar,967,1,1,2,26,28.44,14.22,1,87.2,410.58
Koramangala,4936,6,7,2,1,12.11,10.87,3,64.4,915.89
Electronic City,1279,2,3,2,14,2.21,13.89,0,62.1,468.11
Hebbal,1779,3,4,1,20,17.52,10.48,1,53.7,539.42
Yelahanka,568,1,1,3,18,22.78,2.82,0,96.5,177.03
Indiranagar,450,2,2,0,23,17.26,5.96,1,61.8,337.82
Electronic City,1336,2,2,2,4,17.02,,0,88.1,350.65
Hebbal,1315,3,4,1,5,10.34,2.44,0,71.5,469.18
Koramangala,1060,2,3,1,26,15.94,,4,55.8,345.81
HSR Layout,1233,1,1,1,34,16.39,10.31,1,43.7,308.41
JP Nagar,1675,3,3,2,6,14.9,0.69,1,53.7,480.61
Electronic City,1250,1,1,1,30,26.3,0.61,2,97.4,292.46
Electronic City,2994,5,6,1,18,14.4,12.1,1,69.2,547.41
Hebbal,1420,2,2,2,13,24.61,12.09,0,56.7,442.45
Yelahanka,2759,6,7,0,33,25.63,,3,73.5,413.69
Koramangala,2393,4,5,2,8,29.26,11.55,0,41.6,422.54
Bellandur,3361,6,6,3,31,27.41,8.92,2,50.9,383.61
Jayanagar,1413,2,1,2,1,24.83,,0,52.8,429.64
Yelahanka,3003,4,4,2,32,4.68,3.4,3,56.9,435.88
Jayanagar,1196,2,1,0,0,1.34,1.35,1,80.9,308.79
JP Nagar,944,2,2,2,31,10.49,2.63,1,63.4,291.73
Whitefield,608,2,2,1,23,5.17,3.09,2,62.6,432.05
Koramangala,664,1,1,1,27,6.89,3.66,4,57.1,454.91
JP Nagar,450,2,2,2,19,0.8,1.51,2,69.5,299.99
Whitefield,4347,6,5,2,17,28.37,14.79,2,63.5,688.87
Sarjapur Road,1755,3,3,0,32,11.82,0.44,1,53.7,485.99
Electronic City,3780,6,5,2,8,3.58,13.8,1,98.6,627.15
Jayanagar,854,2,1,1,4,21.85,14.94,1,57.3,422.49
Electronic City,521,1,1,0,21,8.12,3.43,1,60.4,267.68
Electronic City,1268,1,1,1,27,5.38,4.97,1,61.4,312.12
Jayanagar,980,3,4,1,7,17.54,4.28,1,78.4,473.36
Hebbal,2492,5,6,2,3,3.45,12.77,1,80.9,597.13
Koramangala,1043,3,3,1,13,1.7,7.88,1,36.5,465.84
Whitefield,975,1,1,1,11,10.06,6.2,0,73.8,343.68
Bellandur,5440,6,7,2,23,18.96,1.71,1,66.6,895.49
Electronic City,450,1,1,3,29,21.76,0.43,3,70.3,191.28
Yelahanka,996,1,1,3,6,25.82,2.14,1,93.5,273.87
Koramangala,1874,4,3,1,3,3.39,7.66,0,62.6,580.43
JP Nagar,856,2,1,2,30,0.6,7.67,1,77.4,255.92
Indiranagar,867,2,2,0,2,18.87,14.64,2,74.3,310.06
Yelahanka,2773,4,4,1,17,26.43,6.27,3,62.0,516.6
Jayanagar,4869,6,7,3,33,16.56,9.22,0,89.7,774.41
Hebbal,2326,2,3,1,16,18.18,8.93,0,77.0,493.81
Bellandur,781,1,1,3,14,12.18,7.16,1,84.8,388.34
Marathahalli,3776,6,7,0,27,29.64,9.9,1,36.0,557.91
Hebbal,1965,3,4,1,10,3.47,12.96,2,86.9,435.3
Yelahanka,1752,3,3,3,0,8.77,8.54,0,90.9,334.76
Koramangala,450,1,1,3,23,24.64,0.8,2,84.8,371.19
HSR Layout,931,1,1,0,23,11.92,14.88,3,61.9,373.06
Koramangala,2525,3,4,0,30,1.75,9.48,2,60.3,453.76
Electronic City,973,2,2,2,11,21.09,12.42,1,61.6,301.13
Yelahanka,1662,3,3,0,28,24.98,14.75,1,89.7,443.02
Whitefield,1311,2,3,3,22,17.16,12.19,0,41.2,316.08
Sarjapur Road,1553,3,4,1,17,11.61,2.01,1,79.1,258.21
Bellandur,1009,1,1,3,25,24.94,8.61,2,38.3,135.39
JP Nagar,2273,4,5,2,8,14.14,1.46,0,40.9,527.02
Bellandur,3719,6,7,3,7,14.57,6.59,0,92.9,556.73
HSR Layout,450,3,3,2,28,21.04,14.02,4,51.4,244.15
Indiranagar,1000,2,3,3,34,0.73,13.34,2,70.0,465.94
Jayanagar,1945,2,1,2,20,18.71,2.82,0,48.1,699.8
Koramangala,2758,5,5,2,12,8.85,,3,54.7,698.86
Marathahalli,738,1,1,0,13,15.83,3.8,3,54.6,217.52
Marathahalli,1344,3,2,1,28,9.94,14.27,4,55.4,376.79
Marathahalli,450,1,1,1,21,7.6,1.83,1,58.5,177.45
HSR Layout,886,5,5,3,2,12.3,0.43,1,63.8,421.8
Koramangala,4489,6,7,1,7,2.7,10.97,1,61.6,912.16
JP Nagar,1194,1,1,1,26,26.56,6.81,1,44.3,362.31
Whitefield,450,1,1,1,23,13.39,3.68,1,86.9,269.31
Electronic City,2158,4,5,0,34,27.52,5.4,1,58.9,240.3
HSR Layout,1128,1,2,2,27,16.07,,3,96.0,369.69
Jayanagar,1711,3,2,1,14,29.25,3.63,1,56.8,532.18
Koramangala,1550,4,5,1,34,1.46,12.46,0,38.4,620.42
HSR Layout,1391,2,1,0,10,20.36,12.57,1,88.4,387.38
Electronic City,708,3,2,3,18,27.73,13.7,1,37.2,294.4
Jayanagar,450,1,1,0,26,19.01,8.22,0,50.2,250.85
Electronic City,1271,3,2,2,34,29.7,13.53,2,70.0,316.85
Sarjapur Road,2163,4,5,2,32,11.62,11.91,0,52.5,394.49
Yelahanka,705,1,1,3,14,2.49,9.66,2,98.9,234.54
Jayanagar,727,1,1,3,26,8.02,7.65,0,87.9,381.62
Jayanagar,1637,4,3,0,29,26.7,11.85,3,35.3,326.63
Electronic City,4118,6,7,0,5,7.65,13.55,0,90.6,554.75
HSR Layout,3722,6,6,1,18,3.43,13.03,2,99.6,759.07
Yelahanka,603,2,1,2,13,17.34,12.64,4,96.6,244.34
Jayanagar,1807,2,2,1,31,3.89,14.55,3,35.1,367.07
Jayanagar,1348,2,2,2,29,22.3,1.78,0,81.4,347.56
Whitefield,1602,2,3,0,29,13.46,5.98,1,62.2,460.29
Marathahalli,1134,2,2,2,3,24.68,12.5,1,62.0,367.73
Bellandur,869,2,3,3,23,29.0,8.74,2,52.1,216.28
Hebbal,2560,5,4,2,15,16.71,1.98,2,97.1,646.0
Jayanagar,657,2,3,3,9,17.19,6.53,2,49.7,277.48
Whitefield,1466,3,2,3,25,13.83,13.69,3,82.0,367.14
Koramangala,3558,5,5,1,19,19.58,5.91,2,72.7,684.71
Yelahanka,1196,2,3,2,15,20.19,,0,55.4,375.16
Bellandur,1776,2,3,1,22,1.85,11.81,0,76.6,415.25
Yelahanka,2688,5,6,2,5,8.69,11.19,1,81.1,400.24
Jayanagar,692,1,1,2,34,8.09,11.77,2,60.2,447.66
Whitefield,607,1,2,2,31,9.06,0.97,2,86.8,243.81
Bellandur,672,2,3,3,18,16.73,1.0,4,59.1,259.41
Koramangala,4547,6,7,0,2,19.68,10.82,1,75.9,684.15
Koramangala,937,1,2,3,21,8.03,11.84,3,49.9,435.61
HSR Layout,1266,2,3,3,4,14.73,9.71,2,37.2,389.73
Indiranagar,814,1,2,3,10,16.3,13.34,1,38.2,307.88
Koramangala,721,1,2,2,8,11.09,6.06,2,50.2,386.12
Indiranagar,915,1,1,1,23,1.88,8.68,2,94.5,413.78
HSR Layout,2565,6,7,0,13,9.63,14.05,1,90.6,664.22
Jayanagar,1480,3,3,2,6,18.46,1.81,1,36.9,504.83
Bellandur,1683,3,2,1,17,2.4,2.22,1,86.0,444.57
Bellandur,912,2,2,3,14,12.1,4.3,1,39.1,388.11
Bellandur,1934,4,3,0,17,29.72,4.59,4,94.3,466.02
Electronic City,1549,1,1,3,21,20.65,1.65,2,94.8,310.33
Whitefield,503,2,3,1,17,13.7,13.0,2,99.2,416.46
HSR Layout,1627,3,3,0,10,29.84,3.71,0,79.6,437.28
Indiranagar,612,1,2,1,10,16.05,6.15,1,41.2,525.51
Jayanagar,2221,3,4,3,16,12.32,4.46,0,42.7,486.31
HSR Layout,1194,3,2,2,7,10.4,,0,92.2,409.84
Bellandur,667,1,1,1,2,9.42,,2,67.1,336.04
Hebbal,1666,2,1,0,17,14.0,11.08,4,78.2,466.62
Whitefield,650,2,3,1,11,12.72,4.68,3,72.6,284.81
Koramangala,1531,4,4,1,6,6.06,11.79,1,39.7,505.77
Sarjapur Road,450,1,2,2,4,29.87,7.64,3,98.1,351.35
Sarjapur Road,1423,2,3,3,32,4.33,11.58,1,38.4,357.1
JP Nagar,1619,2,2,3,1,3.5,6.41,1,73.1,351.61
Jayanagar,635,1,2,1,0,9.78,12.63,2,97.8,321.92
Indiranagar,629,1,1,0,31,23.73,9.33,2,67.4,344.25
Jayanagar,670,2,1,0,8,20.65,,2,43.7,335.52
Indiranagar,560,2,1,1,23,21.95,4.07,1,66.4,337.28
Whitefield,1276,1,2,1,8,27.26,9.45,1,48.8,330.45
HSR Layout,849,3,2,0,11,8.76,,4,60.3,305.65
JP Nagar,675,2,2,1,14,22.4,12.27,0,58.2,413.75
Bellandur,1338,3,4,0,20,14.9,3.53,1,38.0,227.19
Hebbal,488,1,1,3,6,11.64,7.05,1,82.7,416.88
Koramangala,1422,1,2,2,14,5.37,11.08,0,44.9,428.92
Jayanagar,2749,4,3,2,6,21.61,11.93,1,62.9,416.29
Hebbal,5425,6,5,0,22,20.76,7.05,2,67.4,862.95
Hebbal,679,1,1,3,33,2.32,7.28,3,80.4,421.85
JP Nagar,676,2,3,3,32,25.63,,1,49.5,324.8
Yelahanka,501,1,2,1,6,10.45,6.98,2,63.0,179.86
Whitefield,3576,6,7,1,12,18.63,9.5,1,65.5,643.34
HSR Layout,3879,6,7,1,23,19.21,6.99,1,91.1,693.32
Electronic City,3549,4,5,1,34,28.87,11.69,3,97.2,341.94
HSR Layout,790,3,4,3,13,24.31,1.76,1,64.9,367.95
HSR Layout,3701,6,5,2,32,29.08,10.58,3,56.2,657.09
Sarjapur Road,1024,1,2,2,17,13.26,,2,72.9,290.93
Yelahanka,450,1,2,3,24,27.75,2.84,0,73.9,210.84
Marathahalli,450,1,1,2,24,6.13,13.37,4,94.8,164.77
HSR Layout,1677,2,1,1,3,1.28,9.85,2,36.4,347.62
Marathahalli,463,1,2,3,18,1.62,12.06,1,89.5,177.25
Electronic City,2093,3,2,1,29,6.99,9.67,0,88.2,308.46
HSR Layout,2341,4,5,3,29,6.45,6.39,3,88.4,509.2
Hebbal,3903,6,6,3,34,24.77,4.77,2,70.6,752.6
HSR Layout,890,1,1,0,0,28.46,6.01,2,94.2,356.44
Whitefield,664,1,1,1,32,8.55,11.34,1,39.2,288.65
Jayanagar,722,2,2,3,3,25.55,13.12,0,69.0,270.36
Electronic City,1119,1,2,3,29,7.13,1.4,0,77.9,362.71
Marathahalli,782,2,1,1,6,28.26,10.75,0,47.7,188.59
Yelahanka,1078,1,1,0,14,8.9,4.34,1,78.4,248.17
Jayanagar,2514,3,4,0,34,4.72,9.34,2,60.6,589.1
Yelahanka,1059,4,4,1,22,15.06,10.22,2,77.9,278.0
Sarjapur Road,675,2,3,1,24,6.5,,2,87.4,383.23
Whitefield,1227,1,1,2,32,22.51,14.05,2,51.6,255.89
Indiranagar,549,1,1,0,34,16.31,14.95,1,64.5,251.88
HSR Layout,1179,3,4,1,7,19.83,6.41,1,51.7,446.73
Jayanagar,2808,6,6,2,32,28.16,2.97,2,55.7,613.73
Jayanagar,763,2,1,2,6,6.9,1.21,1,47.0,524.95
Yelahanka,689,1,1,1,0,15.52,,0,54.6,213.52
Marathahalli,1065,1,1,2,10,27.55,0.27,2,65.7,308.87
Marathahalli,4762,6,7,3,18,29.01,6.35,0,47.3,630.35
Marathahalli,1175,1,2,0,9,11.82,13.85,1,46.6,340.5
Indiranagar,535,2,2,2,6,19.29,7.25,1,66.0,250.88
Sarjapur Road,1761,2,2,3,10,23.28,1.72,1,96.6,534.23
JP Nagar,1777,2,2,1,16,15.7,3.08,0,46.5,448.93
Koramangala,3099,6,7,3,26,18.51,13.33,1,76.5,686.67
Koramangala,1463,2,3,0,6,12.02,10.31,0,95.0,475.45
Yelahanka,543,2,3,2,23,22.14,7.57,1,42.9,219.05
Bellandur,505,1,2,2,16,16.0,5.69,0,78.7,216.21
JP Nagar,953,1,1,3,19,25.58,7.13,1,77.0,300.18
Marathahalli,2733,5,5,2,26,13.75,,1,41.7,411.23
Hebbal,689,1,1,2,25,5.28,,1,78.3,232.35
Electronic City,1554,1,2,2,29,1.55,,0,68.4,379.2
JP Nagar,822,2,2,2,6,0.74,10.89,1,37.2,314.31
Whitefield,1569,3,2,0,25,5.56,2.73,2,53.1,439.17
Electronic City,3109,5,5,0,25,20.49,3.57,1,80.2,407.37
Hebbal,1402,3,3,0,1,22.63,9.63,2,35.8,294.26
Koramangala,800,1,1,0,26,0.83,1.44,3,92.2,364.95
Indiranagar,1600,3,3,1,15,17.52,5.59,1,83.0,540.07
Whitefield,5047,6,6,0,12,17.79,11.73,0,50.6,825.67
Whitefield,921,3,3,3,32,28.03,5.19,1,99.5,275.37
Koramangala,1524,3,2,3,23,1.87,10.1,2,48.7,523.49
Bellandur,2252,3,3,1,13,28.95,7.58,3,65.0,369.1
Bellandur,2293,4,4,3,23,14.6,2.17,3,83.0,478.6
JP Nagar,1969,3,4,3,3,2.37,12.71,3,91.5,592.96
Sarjapur Road,1535,3,3,3,27,8.3,9.66,3,51.3,367.76
HSR Layout,3134,4,3,1,27,19.52,6.96,0,80.0,598.96
Bellandur,2597,4,5,2,15,27.73,2.52,2,36.6,438.41
Whitefield,894,1,1,1,31,28.43,0.6,1,59.3,189.47
Electronic City,1610,2,3,1,23,8.22,14.55,1,51.0,290.72
Indiranagar,1509,2,2,1,5,11.31,7.14,1,51.1,514.37
Whitefield,931,1,1,0,2,28.87,8.04,1,40.2,301.41
Yelahanka,450,2,2,3,16,12.04,13.76,1,45.9,166.93
JP Nagar,2134,4,5,0,21,29.19,6.94,1,99.7,425.93
Marathahalli,877,2,2,1,11,21.61,10.2,0,86.4,241.46
Koramangala,982,1,1,2,23,17.03,13.38,0,70.0,485.82
Indiranagar,1484,3,2,2,7,1.4,14.41,0,75.1,526.21
Sarjapur Road,667,3,3,3,19,24.05,3.51,3,70.7,386.1
HSR Layout,1613,4,3,0,8,22.04,14.19,2,66.8,557.32
HSR Layout,2962,5,4,3,8,17.4,,2,92.4,629.71
Yelahanka,1387,3,2,2,14,28.34,2.88,1,53.5,211.9
Yelahanka,2621,5,6,3,8,23.45,6.54,1,70.2,389.31
Jayanagar,780,2,3,2,30,20.63,7.39,3,75.6,408.9
Koramangala,1703,3,3,0,17,29.05,4.13,0,42.6,413.82
Whitefield,1154,2,2,1,4,2.53,11.9,2,54.7,454.99
Yelahanka,450,1,1,1,19,12.69,1.29,2,64.1,124.18
Jayanagar,2533,3,4,3,21,20.73,11.2,0,89.8,524.7
Marathahalli,1168,2,3,1,32,13.52,2.67,1,60.8,391.67
HSR Layout,1601,3,2,1,34,7.79,5.77,0,54.2,325.72
Whitefield,1051,1,1,2,30,22.35,12.99,3,65.4,336.38
Jayanagar,1018,2,2,0,11,7.67,6.13,2,95.7,332.51
JP Nagar,1000,1,1,2,13,23.54,6.96,2,39.5,93.3
Whitefield,900,1,1,0,11,13.39,5.29,0,98.3,271.51
Indiranagar,989,1,1,3,12,2.99,1.67,1,84.8,411.02
Koramangala,819,1,1,1,28,29.89,14.09,0,72.8,460.12
Electronic City,789,1,1,0,25,0.88,0.26,2,49.1,203.92
Koramangala,561,1,1,1,30,27.62,,1,97.2,279.09
JP Nagar,6500,6,5,0,8,9.4,8.89,0,71.0,839.9
Electronic City,784,1,2,2,31,18.54,10.16,0,49.3,207.62
Indiranagar,1427,2,1,1,25,28.88,13.2,4,51.3,403.52
Koramangala,536,2,3,1,28,22.8,4.14,3,49.9,179.51
Bellandur,1130,1,1,3,15,21.31,2.02,1,68.2,295.07
Whitefield,652,1,1,0,4,24.93,0.27,3,83.1,354.86
JP Nagar,762,1,1,3,23,6.22,14.62,2,42.7,296.52
Koramangala,762,1,1,3,1,3.24,12.16,1,59.3,422.37
Whitefield,1402,3,3,1,9,0.96,3.11,0,61.3,301.41
Electronic City,766,2,1,3,3,1.09,9.83,0,59.0,283.45
Whitefield,3356,5,6,1,10,14.99,8.3,0,48.1,504.14
Koramangala,1304,2,1,0,1,20.05,3.91,1,42.9,497.95
Sarjapur Road,450,1,1,2,24,15.04,,1,95.5,348.13
HSR Layout,1531,3,3,2,4,19.2,14.49,0,83.2,534.97
Koramangala,4053,6,7,3,17,19.15,11.03,0,50.9,743.61
Sarjapur Road,1451,2,2,1,29,28.03,,2,79.1,315.35
Jayanagar,1661,2,2,0,6,3.09,8.9,2,45.0,363.42
Indiranagar,992,1,1,2,2,29.32,0.52,0,44.6,319.1
Bellandur,1794,3,4,3,29,8.97,4.78,1,58.7,445.74
Bellandur,2260,3,3,1,26,14.86,10.76,1,78.2,454.87
Electronic City,1402,3,3,3,25,23.92,8.97,1,93.9,299.83
Hebbal,2849,4,4,0,27,23.16,3.9,3,35.4,539.49
JP Nagar,2804,4,4,3,6,22.18,4.65,1,71.3,687.13
Indiranagar,1607,3,4,2,24,17.7,8.61,3,50.7,514.06
Koramangala,698,2,2,3,0,12.43,12.14,2,78.1,511.34
Yelahanka,864,1,1,0,27,11.67,14.14,1,63.1,205.83
HSR Layout,1437,4,4,1,7,24.89,,2,50.0,384.76
Marathahalli,1106,1,1,0,15,22.12,2.81,3,79.2,247.02
Indiranagar,696,2,1,1,5,25.3,4.63,0,51.2,465.56
Koramangala,2101,4,5,2,29,27.23,3.35,0,38.5,532.41
Jayanagar,892,1,1,1,26,12.98,0.66,2,57.0,432.03
Indiranagar,613,2,3,0,7,4.52,11.66,0,76.2,391.97
HSR Layout,1665,2,1,2,30,14.45,5.49,1,90.7,314.83
JP Nagar,800,1,2,0,25,1.89,0.76,1,47.3,300.65
Yelahanka,645,1,1,3,6,12.37,,1,82.2,344.04
Whitefield,1277,3,3,3,34,7.48,14.75,1,88.3,368.95
Marathahalli,6500,6,7,0,29,17.77,8.38,1,38.7,748.01
Hebbal,865,1,1,3,23,11.14,10.67,1,82.5,275.99
Electronic City,1182,3,3,2,31,4.24,11.39,2,58.4,372.14
Marathahalli,936,1,1,0,2,13.22,11.49,3,97.8,316.78
Indiranagar,1226,3,4,2,24,27.66,5.51,2,67.1,487.09
Marathahalli,479,1,2,3,18,3.32,9.35,2,97.0,250.5
Jayanagar,1005,2,2,1,10,24.78,13.68,1,83.9,373.89
Yelahanka,2348,4,3,1,27,5.17,6.36,1,63.4,378.06
Koramangala,509,1,2,1,15,26.72,3.07,2,72.9,273.44
JP Nagar,3170,4,4,3,27,16.32,7.69,1,91.1,532.66
Indiranagar,450,1,2,3,32,27.94,1.6,0,62.0,233.14
Koramangala,2150,3,4,3,20,16.39,14.69,0,46.6,520.64
Jayanagar,2262,5,5,3,5,4.96,13.0,1,66.3,501.35
Marathahalli,2434,4,5,1,19,7.78,13.32,2,65.3,467.9
Koramangala,1296,3,4,2,4,22.36,3.48,2,63.6,516.63
Jayanagar,1480,2,3,0,2,22.99,3.16,4,94.8,528.99
Indiranagar,1937,2,1,2,1,25.73,11.81,1,51.0,601.2
Sarjapur Road,494,1,1,2,25,29.94,14.2,0,38.2,201.6
Bellandur,1735,2,2,0,16,9.06,11.67,2,87.7,443.66
Hebbal,704,1,1,2,0,21.02,7.25,2,64.7,363.78
Yelahanka,1206,2,1,3,21,4.99,4.58,1,93.5,266.96
Jayanagar,2986,4,3,2,1,21.94,9.24,1,77.4,594.05
Bellandur,1739,4,4,3,26,3.12,14.55,0,63.9,476.55
Indiranagar,699,1,1,2,26,8.8,14.66,2,82.3,376.32
Whitefield,3359,5,4,0,21,9.56,4.6,0,92.1,743.09
Marathahalli,523,1,1,0,9,12.2,8.88,3,82.8,208.32
Electronic City,694,1,1,0,26,4.86,6.47,1,60.8,377.46
HSR Layout,2264,2,2,3,31,9.01,7.55,2,87.7,494.06
Indiranagar,749,2,2,3,0,22.38,1.81,0,66.0,433.46
Whitefield,1904,5,5,0,21,29.55,8.9,4,41.2,559.16
Electronic City,1854,3,2,1,14,15.88,9.23,1,46.3,331.09
Jayanagar,1298,2,3,2,24,15.78,11.25,0,56.1,562.78
Electronic City,1839,3,2,0,27,17.07,6.01,1,61.2,355.38
Jayanagar,875,1,2,2,17,12.02,8.25,1,91.7,382.26
Sarjapur Road,763,1,1,0,11,13.54,7.75,1,96.2,349.47
Yelahanka,1102,2,1,1,3,22.3,4.51,0,96.6,307.38
Yelahanka,1188,3,2,2,3,19.37,4.89,0,90.0,381.58
JP Nagar,659,1,2,2,20,24.86,,0,39.4,374.6
HSR Layout,450,1,2,2,34,7.89,13.04,2,88.4,414.54
Sarjapur Road,2550,4,5,2,23,11.92,0.38,1,81.7,435.56
Electronic City,2182,4,4,3,28,8.94,3.14,2,86.6,374.75
Koramangala,1286,1,1,1,20,16.86,1.22,1,87.4,480.15
Whitefield,710,1,2,3,22,25.21,3.11,2,80.1,212.32
Indiranagar,6500,6,5,0,3,16.57,11.2,1,55.8,988.24
Hebbal,2418,5,6,0,9,16.85,4.4,2,49.4,507.45
HSR Layout,459,1,2,1,26,3.9,,2,35.2,268.76
Indiranagar,1765,2,1,2,1,5.01,13.07,2,81.1,454.82
Yelahanka,999,1,1,3,1,18.92,5.31,0,53.9,286.12
Jayanagar,3599,6,7,2,30,25.99,11.45,1,62.9,653.69
Koramangala,1732,3,3,0,15,12.74,8.23,0,97.8,505.17
Hebbal,577,2,3,3,21,1.9,10.83,2,60.5,441.25
Koramangala,546,1,1,3,6,17.83,6.66,2,37.2,307.27
Whitefield,503,1,1,1,1,28.71,0.72,1,54.7,370.38
HSR Layout,1345,1,2,0,31,5.91,1.27,1,79.3,396.65
Jayanagar,450,1,1,2,8,23.03,10.35,1,70.1,270.47
Marathahalli,450,1,1,1,21,16.96,1.99,1,57.1,317.11
Hebbal,876,3,3,3,5,13.74,1.54,1,46.7,219.69
HSR Layout,544,2,3,0,16,15.02,10.21,0,86.1,204.35
Electronic City,944,1,2,3,15,2.85,1.66,0,65.4,247.89
Marathahalli,450,1,1,2,29,2.4,12.26,3,47.2,280.28
JP Nagar,1111,3,4,3,20,6.55,11.94,0,46.7,301.98
Sarjapur Road,1209,1,2,2,18,17.58,3.66,3,49.8,477.44
Sarjapur Road,569,1,1,2,19,20.2,1.99,0,47.8,219.12
JP Nagar,450,3,4,0,8,29.42,1.69,3,74.0,325.1
Sarjapur Road,1139,4,5,2,23,21.2,,4,52.5,288.76
Marathahalli,2532,5,4,0,20,12.39,5.38,1,65.8,353.17
Electronic City,450,1,2,2,30,15.1,6.8,0,47.5,164.16
Sarjapur Road,1198,1,1,1,3,28.6,7.84,0,73.4,381.56
Koramangala,450,1,1,0,22,0.83,13.46,0,75.8,320.98
HSR Layout,1788,2,1,2,33,8.17,5.92,2,84.6,482.12
Sarjapur Road,795,1,2,2,12,13.04,8.6,1,60.4,297.8
Indiranagar,1169,3,2,0,21,9.62,11.72,1,53.3,486.23
Whitefield,491,1,1,0,20,11.31,9.07,1,54.7,298.61
Marathahalli,2573,4,5,1,13,4.49,13.29,3,95.0,475.48
Koramangala,2080,3,2,1,4,16.4,6.07,1,73.8,588.08
Whitefield,3209,5,4,0,9,8.32,9.83,1,79.7,522.18
Sarjapur Road,598,2,2,2,21,5.06,5.44,0,74.1,313.87
Hebbal,1994,3,2,3,12,14.08,10.46,1,67.4,485.82
Hebbal,6500,6,5,0,8,15.59,8.88,1,73.8,908.9
Yelahanka,459,1,2,2,22,23.06,13.42,1,63.2,133.76
Sarjapur Road,1104,2,2,2,4,11.31,4.81,1,86.9,355.37
Hebbal,818,3,4,3,32,14.74,13.69,1,45.3,423.99
Indiranagar,566,2,3,0,30,9.15,13.23,1,41.3,325.99
JP Nagar,1793,4,4,1,5,9.87,0.39,3,42.6,381.7
Electronic City,1578,3,2,1,23,16.96,8.76,1,91.5,265.46
Koramangala,450,1,1,3,13,2.97,,0,59.2,330.92
JP Nagar,978,2,1,1,18,3.8,11.04,0,48.3,331.64
JP Nagar,450,1,1,2,30,7.29,14.59,0,57.6,271.07
Koramangala,450,1,1,0,7,4.9,1.28,1,86.8,397.32
Indiranagar,1783,3,3,1,13,6.09,2.22,3,55.7,529.21
JP Nagar,2071,4,5,1,27,17.41,4.46,2,53.5,370.1
HSR Layout,781,1,1,1,22,14.95,12.97,3,56.5,308.2
Yelahanka,626,2,2,3,14,6.16,,2,98.5,277.06
Koramangala,1258,3,3,1,27,1.53,13.7,2,42.5,604.58
Sarjapur Road,1776,4,5,2,34,15.73,3.55,0,51.2,501.37
Marathahalli,6367,6,5,1,29,2.4,7.92,0,89.5,748.74
Electronic City,1534,3,3,0,1,3.63,4.34,0,49.8,332.52
Indiranagar,3935,6,5,1,27,3.28,2.45,4,39.8,747.59
Indiranagar,3021,5,6,2,19,20.48,12.16,1,35.4,687.7
HSR Layout,450,1,1,3,2,18.41,6.0,0,81.6,267.97
Bellandur,450,1,1,1,1,7.64,3.87,1,68.7,207.73
Bellandur,1370,2,3,1,1,10.28,11.52,0,63.8,369.08
JP Nagar,1488,3,4,1,15,17.94,11.59,0,94.7,385.1
Sarjapur Road,508,1,1,0,18,27.12,4.43,1,59.6,245.83
HSR Layout,751,1,2,1,4,29.29,,1,73.5,288.18
Jayanagar,912,1,1,1,19,21.82,7.97,1,81.1,333.95
Hebbal,823,2,2,2,30,18.75,8.21,0,76.5,280.17
Electronic City,2105,3,4,1,19,19.73,7.52,0,73.6,321.29
Sarjapur Road,1430,2,2,1,2,3.35,,0,58.9,318.46
Electronic City,2476,4,5,0,23,26.82,11.88,0,82.3,453.18
Marathahalli,964,2,2,3,15,13.72,12.79,0,88.6,346.27
Hebbal,671,2,2,0,19,29.99,13.21,1,87.6,310.58
Sarjapur Road,1453,1,1,2,16,7.69,6.34,1,74.3,429.24
Hebbal,4212,6,6,1,31,8.22,,0,70.3,694.08
Whitefield,3222,4,3,2,24,23.84,0.7,1,44.4,427.72
Electronic City,1725,5,4,1,5,1.85,,1,37.5,442.66
Bellandur,450,1,2,1,11,8.74,10.85,0,47.6,351.9
Sarjapur Road,726,1,1,1,8,5.42,3.82,0,49.8,304.57
Bellandur,809,1,1,2,4,23.4,0.71,3,80.7,402.3
JP Nagar,2280,3,3,3,14,16.58,4.53,0,35.2,351.32
Koramangala,6500,6,6,0,32,8.95,4.38,2,80.7,1146.64
Jayanagar,720,1,2,0,34,29.3,8.11,0,44.0,273.24
Marathahalli,891,2,1,2,26,25.52,,1,45.4,384.9
Sarjapur Road,1917,4,4,3,21,16.74,7.39,1,36.7,419.24
Indiranagar,1807,3,3,0,32,22.52,9.56,2,90.3,618.87
Yelahanka,744,1,1,2,0,15.73,,2,36.4,266.03
Yelahanka,1628,1,1,2,15,19.16,,0,89.8,329.09
Yelahanka,4054,6,5,2,5,24.65,9.62,2,61.3,570.01
HSR Layout,460,1,1,2,23,2.06,12.11,0,81.9,289.74
Yelahanka,1035,3,4,2,34,18.7,10.82,1,64.9,335.9
Yelahanka,1137,3,3,2,5,25.57,14.41,2,83.3,367.23
Hebbal,3669,6,7,3,30,26.03,9.58,2,96.5,641.51
Bellandur,1585,3,3,2,29,17.28,12.48,3,48.0,336.54
Koramangala,908,3,3,0,19,13.01,13.86,3,53.6,341.89
Bellandur,450,1,1,0,17,1.2,0.4,2,48.6,274.35
Koramangala,767,3,2,3,0,25.04,1.1,1,65.0,368.14
Yelahanka,724,2,2,1,15,16.53,,1,53.6,255.87
Whitefield,551,1,1,0,6,15.86,5.81,1,63.9,207.15
Marathahalli,646,1,2,1,34,16.27,,0,98.0,277.43
HSR Layout,1593,3,2,3,33,19.82,11.75,2,70.5,350.33
Jayanagar,1147,3,4,1,5,20.87,,2,47.7,284.63
Sarjapur Road,649,1,2,2,11,3.97,2.76,1,67.4,244.72
HSR Layout,1042,3,4,2,26,29.08,10.57,0,52.3,353.07
Yelahanka,1423,1,2,3,16,1.07,12.94,1,99.7,223.74
Whitefield,670,1,1,0,22,3.23,0.53,2,64.7,362.04
Indiranagar,695,1,1,3,21,18.24,8.73,1,87.8,413.19
Bellandur,1491,3,2,2,20,17.38,0.67,3,78.7,366.87
Electronic City,1587,3,3,1,33,8.93,,3,46.5,257.15
JP Nagar,743,3,2,3,19,29.75,2.6,1,56.3,336.88
HSR Layout,1147,3,3,0,28,0.51,9.32,2,53.9,443.75
Bellandur,1892,2,3,3,6,15.13,11.0,2,68.2,474.22
Jayanagar,1635,4,5,1,34,8.34,4.03,1,77.2,484.34
Marathahalli,507,1,1,2,17,1.37,0.31,2,79.8,302.69
Jayanagar,1038,1,1,1,5,25.51,7.39,0,35.7,493.36
Whitefield,813,1,1,1,17,16.95,3.91,0,39.2,259.0
Bellandur,758,1,2,3,10,6.08,,2,49.8,287.0
Yelahanka,710,1,1,1,29,12.58,12.46,2,49.6,134.26
Whitefield,450,1,1,1,20,7.39,5.7,1,43.4,289.54
Electronic City,5127,6,6,3,13,19.42,6.37,1,100.0,690.42
Marathahalli,1159,3,2,0,9,17.32,13.68,2,69.3,471.86
Bellandur,2796,6,5,0,34,20.17,10.91,1,92.4,501.28
Marathahalli,1336,1,2,0,2,8.15,11.6,2,43.3,410.53
Yelahanka,450,1,1,0,9,2.03,,2,89.8,158.25
Hebbal,1555,2,1,2,21,20.24,4.1,0,54.7,372.14
HSR Layout,4564,6,6,2,12,9.13,3.82,1,67.5,763.48
Whitefield,1193,1,2,0,7,19.83,1.05,3,46.8,244.77
Koramangala,863,2,3,3,30,7.28,0.31,2,52.8,477.33
HSR Layout,891,1,2,0,23,2.11,14.36,3,49.6,441.72
Yelahanka,1022,2,1,1,20,6.0,,2,67.5,266.25
Bellandur,3016,4,5,3,8,10.84,,0,81.4,523.03
Koramangala,860,2,2,0,4,12.15,7.58,3,83.8,378.09
Marathahalli,541,2,1,1,16,9.93,14.92,0,98.8,386.18
Koramangala,1666,3,4,3,23,28.35,14.47,2,74.8,451.24
Koramangala,3361,6,7,3,7,22.11,4.93,0,59.5,678.58
Hebbal,533,1,1,3,3,21.11,5.86,1,36.4,156.67
Hebbal,5694,6,5,3,11,20.45,13.4,4,87.1,788.84
Yelahanka,905,3,2,0,32,10.96,,0,93.1,215.65
Koramangala,3145,6,5,1,25,10.68,1.99,0,88.2,723.54
Sarjapur Road,1435,3,2,0,9,21.33,2.0,1,80.2,400.47
Koramangala,2122,5,4,3,32,24.82,,2,85.0,758.94
Bellandur,1537,2,1,3,34,5.75,6.49,0,52.4,337.96
Hebbal,1107,2,1,1,13,2.89,11.1,0,76.3,434.64
Yelahanka,450,1,2,3,12,6.4,10.13,2,52.1,223.48
Yelahanka,450,1,1,0,20,24.03,12.83,4,38.7,148.68
Electronic City,1351,2,3,1,4,19.95,11.76,1,85.2,354.94
JP Nagar,1037,2,1,1,27,17.33,14.49,0,60.3,128.13
Whitefield,1784,2,2,2,1,6.55,8.67,2,39.6,327.68
Yelahanka,450,1,1,1,31,25.74,0.47,1,80.1,277.42
Sarjapur Road,756,1,2,2,1,0.82,13.11,1,75.1,296.24
HSR Layout,1048,1,1,2,4,11.66,0.21,2,43.8,266.0
Sarjapur Road,2501,4,3,3,29,27.29,14.97,2,63.1,328.62
Koramangala,2229,4,3,3,9,26.74,4.89,2,50.1,619.52
Whitefield,470,1,1,1,26,13.51,13.64,0,96.1,234.89
Yelahanka,640,1,1,1,27,27.05,13.5,4,48.5,235.72
Bellandur,1575,4,3,3,26,23.4,4.99,1,90.4,407.47
Hebbal,1436,1,1,2,3,22.32,1.73,0,42.3,400.92
HSR Layout,1429,3,4,2,32,4.9,3.19,1,83.9,512.53
Bellandur,3142,4,5,1,32,7.15,6.6,2,62.5,716.15
Jayanagar,1631,1,1,1,0,1.52,13.71,2,68.7,575.65
Bellandur,2001,3,4,3,31,18.35,1.16,3,70.1,407.25
HSR Layout,2143,4,4,1,9,13.97,6.02,1,59.9,431.86
Whitefield,919,4,5,3,2,25.88,3.89,0,60.2,372.08
Hebbal,487,1,2,2,24,7.96,8.43,2,83.5,182.41
Sarjapur Road,4367,6,5,2,19,21.66,,0,82.1,593.35
Bellandur,1387,2,1,2,33,17.23,,0,64.0,259.44
HSR Layout,733,3,3,2,5,13.12,12.28,1,40.9,358.12
Indiranagar,688,2,2,1,24,9.14,5.07,1,61.4,351.7
Electronic City,1970,3,4,3,28,25.18,3.94,0,74.7,404.36
Whitefield,450,1,2,0,26,20.94,2.53,3,69.2,39.72
Hebbal,450,3,4,0,9,28.73,2.12,1,87.1,275.03
Indiranagar,618,1,1,0,29,2.24,9.98,1,40.6,271.09
Whitefield,5245,6,6,3,8,27.36,1.48,4,82.2,740.55
Yelahanka,2163,2,1,0,14,19.67,9.69,2,78.3,242.7
Yelahanka,2419,1,1,1,31,2.13,5.14,0,91.3,288.77
Whitefield,991,2,1,3,7,0.71,14.7,2,53.6,353.85
Marathahalli,1599,2,2,0,17,7.03,8.68,1,37.5,226.85
Bellandur,1465,1,1,1,16,15.54,2.81,1,52.6,357.32
Indiranagar,1084,3,3,0,20,5.53,9.26,0,84.7,341.41
Sarjapur Road,1161,1,1,3,7,24.79,13.06,3,78.2,459.3
Indiranagar,1064,2,3,3,25,24.36,3.67,3,71.1,346.33
Indiranagar,892,2,1,3,9,24.5,6.0,3,57.1,314.23
Electronic City,1212,2,2,3,23,22.86,5.33,0,39.1,266.27
Bellandur,834,3,3,2,1,9.31,11.46,0,64.8,298.41
Sarjapur Road,1022,2,2,1,4,9.85,,3,36.1,342.93
Bellandur,857,1,1,0,26,23.14,9.08,1,70.3,291.29
Yelahanka,947,2,1,3,22,6.98,8.78,1,58.2,350.54
Yelahanka,1718,3,3,1,15,17.07,,0,94.0,203.55
Marathahalli,2277,5,4,1,2,26.78,3.88,1,52.3,392.08
Hebbal,1014,3,4,0,4,4.93,12.87,1,56.3,374.62
Marathahalli,1609,3,3,3,31,15.2,11.51,2,46.7,355.7
HSR Layout,1425,1,1,3,16,24.05,2.9,3,97.0,428.12
Yelahanka,1630,4,4,3,1,20.82,13.66,0,86.6,328.52
Whitefield,1215,1,1,3,13,3.06,8.75,1,63.0,310.03
Koramangala,1025,3,2,2,5,23.45,11.94,4,63.1,398.61
HSR Layout,942,2,1,0,10,21.09,6.17,2,70.4,428.82
Bellandur,1115,3,3,0,9,19.91,12.04,1,37.1,293.74
Hebbal,1199,1,2,1,5,8.3,5.48,2,98.4,476.6
Yelahanka,530,1,1,0,1,10.94,1.35,2,56.3,166.08
Sarjapur Road,743,1,1,2,23,29.77,1.13,0,84.8,352.84
Jayanagar,450,1,1,0,27,1.72,8.35,1,71.7,362.07
Yelahanka,669,3,2,0,15,14.85,1.92,2,80.0,175.04
HSR Layout,1286,4,5,3,13,27.37,,4,80.2,546.71
Koramangala,1605,3,4,3,34,28.05,0.73,0,90.8,397.65
Jayanagar,450,2,1,1,16,15.49,3.05,2,79.0,354.17
Marathahalli,2032,3,3,0,26,9.55,10.77,2,38.1,354.05
Bellandur,1699,3,4,3,10,15.59,4.1,0,37.7,492.02
Koramangala,6475,6,6,2,12,23.59,10.22,0,56.1,975.69
Bellandur,2776,4,3,1,8,25.75,13.81,0,39.9,463.41
Jayanagar,450,1,1,1,4,18.94,8.09,1,92.9,225.57
Bellandur,851,1,2,2,2,1.98,0.33,0,95.7,327.48
Marathahalli,5901,6,5,1,23,18.79,9.77,3,66.9,632.3
Bellandur,450,3,4,3,6,24.11,11.16,2,78.5,233.2
JP Nagar,1731,3,3,2,30,19.48,13.09,2,75.2,476.19
Electronic City,3390,5,5,2,15,25.35,,1,81.1,375.15
Sarjapur Road,2108,3,3,1,23,27.12,2.19,1,35.5,463.02
Jayanagar,1049,3,3,3,10,27.27,14.01,2,96.5,268.88
Hebbal,2066,3,3,3,6,23.23,12.25,1,43.7,510.67
Jayanagar,1687,3,2,0,10,15.51,5.92,4,45.3,446.37
JP Nagar,1020,1,1,2,11,10.45,3.86,1,60.9,380.4
Hebbal,1785,3,4,2,21,15.35,7.94,2,47.2,397.36
JP Nagar,1019,1,1,2,24,6.97,12.06,1,84.4,350.94
Yelahanka,2642,6,7,2,28,30.0,4.72,0,49.9,329.14
Electronic City,1664,4,5,0,27,26.98,8.09,2,64.4,218.55
Yelahanka,853,3,4,3,5,18.92,1.49,2,50.2,296.77
Bellandur,2080,3,3,0,1,27.21,1.52,2,98.3,480.15
Jayanagar,450,1,1,0,2,7.64,14.54,2,68.4,247.31
Indiranagar,941,1,1,2,20,23.92,5.71,0,80.9,463.25
Indiranagar,5486,6,5,1,14,22.0,6.83,1,92.5,956.48
Marathahalli,1338,3,3,3,6,18.32,9.86,2,73.0,375.22
Koramangala,1696,3,2,1,0,8.77,11.59,1,43.7,475.81
Yelahanka,1469,2,3,0,0,23.27,,0,97.1,217.25
JP Nagar,982,1,1,2,23,16.28,8.24,1,51.3,335.54
Jayanagar,898,3,3,1,16,24.06,12.5,0,45.6,328.61
Electronic City,773,1,1,3,8,22.62,8.74,3,94.9,359.85
Sarjapur Road,1963,3,4,1,15,28.6,5.78,1,39.8,446.61
Electronic City,903,1,1,1,22,29.42,12.41,2,67.7,200.46
Sarjapur Road,1882,1,1,0,3,16.82,14.93,2,78.8,334.87
Koramangala,3182,6,7,0,5,2.73,8.46,2,87.3,704.4
Marathahalli,1296,2,3,0,0,15.85,7.62,2,83.2,387.83
Marathahalli,1114,1,1,1,17,26.3,14.37,0,63.5,360.66
Electronic City,1105,2,3,1,2,11.95,10.2,1,43.8,348.95
Bellandur,883,1,1,1,5,21.65,,0,92.8,400.9
Koramangala,912,1,1,3,5,29.75,3.56,0,59.0,352.53
JP Nagar,1804,2,2,3,9,18.83,1.29,1,84.6,477.06
Koramangala,624,1,1,0,1,13.57,0.25,3,76.6,455.3
Indiranagar,1740,2,2,2,18,7.08,6.01,3,37.4,491.92
JP Nagar,677,1,1,0,31,4.84,9.94,3,52.6,218.19
Marathahalli,1258,2,3,2,31,3.23,1.93,2,79.5,330.13
Indiranagar,450,1,2,1,0,15.97,10.07,0,91.5,319.79
Hebbal,2035,3,3,3,33,11.66,10.13,4,51.9,420.91
JP Nagar,3803,6,7,2,2,9.7,4.49,1,80.3,650.65
Jayanagar,826,1,1,0,8,6.93,3.3,1,73.3,464.38
Hebbal,990,1,1,0,5,2.41,11.63,4,43.6,380.68
Jayanagar,1610,3,4,2,31,14.63,7.51,0,71.9,443.3
Yelahanka,3445,5,5,3,16,26.43,14.88,2,52.6,439.96
Marathahalli,2001,4,5,3,21,19.68,14.12,2,87.0,318.86
Yelahanka,480,1,1,3,3,16.24,3.16,0,73.3,253.33
Jayanagar,1189,1,1,1,7,20.41,10.62,1,66.9,374.73
Yelahanka,2789,5,6,2,8,17.81,6.87,1,61.8,473.81
Indiranagar,3427,5,6,2,28,27.19,2.02,2,58.8,909.62
Indiranagar,1414,3,2,3,31,16.67,8.7,0,87.1,546.76
Sarjapur Road,1106,3,4,2,7,13.17,,4,91.3,415.2
Jayanagar,1256,2,2,1,34,1.32,4.39,2,72.1,343.07
JP Nagar,1396,5,5,3,6,16.2,10.61,2,66.4,323.22
Indiranagar,1418,2,1,3,12,12.37,3.1,4,92.6,462.47
Bellandur,793,2,3,0,25,14.4,10.33,1,77.9,294.76
Marathahalli,795,1,2,0,26,18.72,13.38,1,83.4,109.12
Hebbal,3282,5,5,1,4,11.37,11.62,1,83.7,642.72
Yelahanka,553,2,3,3,17,21.45,3.93,1,76.0,154.67
Sarjapur Road,761,2,3,0,9,11.62,1.69,4,91.5,382.32
Indiranagar,2557,2,3,3,13,21.7,12.55,0,57.4,570.5
Koramangala,663,1,2,3,10,10.2,7.92,1,79.1,398.34
Hebbal,841,4,5,3,25,22.94,,0,84.5,401.74
Indiranagar,1214,1,1,0,13,4.92,14.81,0,94.4,510.79
Electronic City,479,2,1,1,7,29.55,,2,73.7,270.8
Electronic City,6500,6,7,2,15,26.89,1.04,0,91.4,721.28
Electronic City,450,1,2,0,3,16.01,14.51,1,60.4,203.54
JP Nagar,2385,4,5,3,24,3.98,4.03,2,38.5,460.35
Koramangala,3316,6,7,3,31,17.23,11.99,2,83.7,664.17
HSR Layout,814,2,3,3,22,29.92,,0,88.6,330.42
Hebbal,1014,4,4,0,29,27.3,9.11,1,58.9,258.48
Yelahanka,708,2,3,1,0,14.99,2.16,1,44.1,190.99
Indiranagar,690,1,2,2,29,27.78,,0,46.5,364.22
HSR Layout,2103,5,5,1,29,20.91,8.07,0,53.2,598.0
Yelahanka,761,3,2,1,17,5.37,8.7,2,97.2,175.09
JP Nagar,450,1,1,1,22,24.33,13.41,1,86.5,376.7
Hebbal,1320,4,4,3,7,29.57,3.85,1,37.0,408.04
Sarjapur Road,1353,2,3,2,26,0.88,6.09,2,91.0,367.89
Hebbal,1504,3,4,3,27,27.83,10.17,0,59.7,468.01
Electronic City,450,1,1,0,23,22.71,14.02,1,35.6,203.97
Electronic City,5850,6,6,3,10,17.55,,0,99.4,627.03
Bellandur,2112,2,3,3,13,20.58,2.78,1,58.1,425.64
Jayanagar,641,1,1,2,10,27.13,9.6,2,77.6,293.17
JP Nagar,572,1,2,2,0,15.41,8.34,0,54.9,247.99
Koramangala,988,1,1,3,8,16.1,,3,72.9,427.93
Jayanagar,2779,4,5,1,26,0.63,11.36,2,43.8,537.06
Whitefield,2038,2,3,2,13,28.36,10.2,0,55.1,427.65
Koramangala,768,1,1,2,13,4.53,5.17,2,67.6,259.97
Jayanagar,1375,4,5,1,29,28.68,7.92,2,89.4,464.65
Electronic City,3237,6,6,1,10,28.14,6.67,1,80.0,324.97
Koramangala,1251,3,3,3,14,17.51,9.7,1,52.0,509.32
Yelahanka,450,1,1,0,17,12.75,5.17,0,62.5,151.76
Sarjapur Road,795,1,2,1,13,2.95,2.23,1,55.5,289.51
Bellandur,605,2,2,2,19,23.96,1.33,2,97.3,243.76
Whitefield,737,2,2,0,5,23.06,13.32,1,71.4,273.99
Jayanagar,1439,4,4,2,32,27.47,8.22,1,84.7,416.21
Marathahalli,2409,4,4,0,15,21.59,2.31,0,82.1,533.1
Sarjapur Road,829,1,1,1,29,22.55,14.87,2,37.2,198.57
Indiranagar,1606,2,2,1,22,9.14,4.54,2,84.9,579.03
Whitefield,2298,4,5,0,0,6.58,,1,80.5,562.36
Bellandur,1092,4,3,1,24,13.44,5.81,1,65.4,336.54
Yelahanka,450,1,1,0,26,19.06,8.13,1,57.5,185.25
Sarjapur Road,573,1,1,0,13,26.66,3.91,2,67.2,120.73
Marathahalli,1478,2,3,2,14,25.48,6.86,1,43.6,280.75
Bellandur,647,2,2,0,28,4.76,6.91,2,84.7,451.31
Hebbal,450,1,1,0,33,6.73,14.56,0,62.1,262.22
Marathahalli,450,1,1,2,29,1.26,13.99,0,95.5,309.55
Bellandur,4639,6,5,3,18,1.4,1.5,1,44.8,736.38
Yelahanka,450,2,3,1,10,8.12,10.66,4,70.0,197.58
Hebbal,1703,4,4,3,2,28.52,,1,97.7,425.37
HSR Layout,3455,6,5,0,24,24.8,9.11,0,57.9,541.9
Bellandur,1907,4,5,3,14,21.11,7.47,2,78.7,507.47
Yelahanka,1836,4,3,0,32,2.44,3.84,2,96.8,362.47
Jayanagar,747,3,2,1,18,9.68,8.6,1,37.9,421.78
Marathahalli,562,1,1,2,29,27.52,6.62,0,47.4,288.4
Indiranagar,2325,4,3,3,0,21.29,7.26,2,66.4,604.81
Indiranagar,1285,1,1,3,32,29.61,,2,94.7,526.52
Sarjapur Road,1572,1,1,2,19,14.92,1.93,0,73.5,470.95
JP Nagar,959,1,1,1,21,4.65,11.33,3,79.5,325.57
Koramangala,1291,2,2,1,30,22.2,14.61,0,65.4,373.37
Electronic City,3428,6,6,0,10,24.65,13.22,0,74.8,441.52
Koramangala,450,1,1,2,24,25.89,10.4,1,98.9,264.06
JP Nagar,2701,4,4,3,28,13.5,7.16,3,98.0,489.41
Marathahalli,1237,2,3,0,11,18.72,13.87,2,41.0,257.22
Bellandur,3250,6,7,2,29,11.76,0.48,1,68.3,652.39
JP Nagar,2085,4,4,2,32,1.39,5.68,0,39.4,448.77
Marathahalli,840,2,1,0,15,24.97,13.68,2,72.3,232.68
Bellandur,2930,5,4,1,26,27.91,9.1,3,79.6,467.44
Koramangala,2445,4,3,3,27,3.31,,1,41.7,543.47
Whitefield,1049,3,2,2,16,2.83,10.24,4,97.4,317.88
Koramangala,550,1,1,0,13,21.73,4.05,1,80.8,349.34
Electronic City,842,1,1,3,12,25.68,5.57,1,38.1,311.08
Yelahanka,1329,4,5,2,2,10.26,1.54,0,73.3,273.04
Koramangala,858,1,1,2,9,26.59,3.69,2,68.1,280.94
Indiranagar,2674,5,5,2,28,6.83,12.2,4,49.0,653.25
JP Nagar,989,2,2,3,22,2.77,7.46,3,71.4,319.37
Hebbal,4550,6,7,0,6,23.1,2.03,1,83.6,727.01
HSR Layout,3156,4,4,3,10,23.37,5.55,1,87.5,512.53
Marathahalli,3170,6,7,1,2,23.18,12.33,3,66.5,470.41
Koramangala,1587,2,2,3,25,7.1,0.94,2,75.4,514.78
Koramangala,2050,3,3,0,26,4.32,0.95,0,85.8,440.7
HSR Layout,1910,4,4,2,8,27.53,6.71,1,80.1,464.62
Indiranagar,764,1,1,2,10,24.15,,1,83.2,284.36
Koramangala,2519,2,3,3,20,22.17,6.0,0,93.6,572.79
Sarjapur Road,2483,4,4,1,14,11.34,3.86,0,54.3,439.28
Jayanagar,5420,6,5,2,29,27.82,10.89,2,56.2,813.0
Whitefield,1669,3,4,3,11,24.76,1.35,1,86.8,369.67
Sarjapur Road,1666,3,2,0,6,6.79,6.09,2,90.9,323.43
Jayanagar,1981,3,4,2,12,6.95,13.0,4,89.2,564.17
Indiranagar,450,1,2,2,33,9.27,1.28,0,57.1,286.91
Jayanagar,1639,4,3,1,22,7.28,1.56,2,61.5,382.75
Marathahalli,1522,3,2,3,2,7.86,4.14,1,78.6,300.06
Jayanagar,874,1,1,0,21,7.31,11.73,1,50.2,438.31
Sarjapur Road,1012,1,1,1,6,8.36,5.95,0,56.6,262.51
Electronic City,450,1,2,1,31,25.43,12.43,0,94.8,264.5
JP Nagar,450,1,2,1,6,12.04,6.09,0,46.5,233.89
Bellandur,1098,2,2,1,29,7.97,5.95,2,51.0,317.51
Whitefield,3190,5,4,2,2,20.68,4.98,4,38.2,519.02
JP Nagar,628,1,2,2,1,18.45,10.75,0,52.1,248.61
Bellandur,2228,2,2,0,13,2.15,8.62,2,76.4,520.83
Indiranagar,1064,1,1,1,32,2.84,,4,90.0,402.58
Jayanagar,1227,1,1,3,5,23.57,8.71,2,43.8,314.71
Marathahalli,1978,3,3,3,8,23.43,5.62,0,44.7,480.29
HSR Layout,967,1,2,3,31,7.97,9.96,2,63.8,433.55
Hebbal,1047,1,2,2,16,4.98,9.78,1,89.1,481.1
Bellandur,624,3,2,2,3,17.58,,1,79.4,383.66
Marathahalli,2108,5,4,3,18,14.06,,1,99.9,491.44
Koramangala,1528,4,3,0,27,24.96,11.34,2,67.4,346.16
Bellandur,3486,5,6,2,13,17.01,14.12,1,99.6,671.4
Whitefield,947,2,1,0,15,16.01,5.93,0,36.4,322.55
Electronic City,2568,5,6,3,16,25.58,9.24,0,90.1,512.03
Koramangala,755,3,2,1,28,9.34,6.32,1,96.9,458.91
JP Nagar,4625,6,5,3,14,10.43,7.64,0,77.8,766.24
Koramangala,1113,2,3,1,9,21.99,3.31,1,93.0,371.86
Indiranagar,1138,1,1,1,34,28.18,4.26,3,90.6,415.58
Jayanagar,1519,2,1,3,4,3.31,12.56,0,70.0,434.45
Sarjapur Road,4220,5,5,3,13,11.32,6.75,0,50.6,577.36
Hebbal,2249,4,5,0,32,20.47,5.4,3,41.9,553.32
Sarjapur Road,2875,6,7,2,14,27.85,14.05,2,36.7,521.68
Marathahalli,2273,5,5,1,6,7.62,,1,65.6,468.77
Indiranagar,2108,2,1,1,6,21.23,7.6,1,79.9,597.79
Whitefield,1340,1,2,2,0,12.81,1.58,0,73.9,392.06
Indiranagar,793,1,1,1,24,0.77,11.66,0,66.7,347.37
Whitefield,2988,4,3,2,12,13.63,11.11,0,100.0,471.77
Koramangala,1974,4,4,3,2,15.53,1.44,3,78.8,536.75
HSR Layout,1081,1,2,3,25,11.69,6.86,2,91.6,401.4
Whitefield,679,1,1,2,20,21.1,13.01,3,84.0,435.03
JP Nagar,450,3,2,2,3,27.2,,0,64.4,392.74
Indiranagar,605,1,1,2,23,25.78,8.81,1,95.4,240.99
Hebbal,662,1,2,1,9,10.25,4.25,2,39.0,270.24
Sarjapur Road,1242,2,3,3,9,10.72,11.42,2,39.1,283.22
HSR Layout,518,2,3,1,24,19.85,2.88,3,46.8,472.51
Electronic City,638,1,2,1,11,22.39,0.24,1,60.2,127.06
HSR Layout,1295,2,1,1,2,15.2,9.34,0,97.6,481.11
Whitefield,1897,2,3,0,20,26.54,5.05,2,75.1,354.3
Electronic City,450,1,1,1,11,27.83,6.49,4,65.3,185.7
Electronic City,737,1,2,2,4,27.35,9.28,1,74.0,114.07
Jayanagar,660,2,3,1,25,13.8,13.34,1,59.5,371.83
Sarjapur Road,1185,1,1,0,3,5.43,2.24,0,92.0,295.33
Koramangala,2846,4,5,1,20,8.08,6.01,1,71.9,763.37
Marathahalli,1099,1,2,3,14,24.76,5.85,1,60.1,190.61
Bellandur,541,1,1,3,16,4.03,10.21,1,57.1,282.27
Koramangala,1133,2,3,0,18,14.34,10.42,2,77.4,462.15
Indiranagar,778,1,1,0,33,23.84,,1,88.7,371.23
Bellandur,3203,5,4,1,31,12.87,6.71,0,79.3,658.72
Electronic City,961,2,1,0,12,2.19,13.8,2,76.2,363.0
HSR Layout,1460,3,3,2,15,17.79,14.14,1,58.1,395.53
Jayanagar,504,2,1,2,22,16.17,9.06,0,54.9,249.3
Yelahanka,450,1,2,0,17,12.82,0.29,0,45.4,227.36
Yelahanka,450,1,1,0,0,10.41,11.91,2,79.4,247.48
Hebbal,1097,2,1,3,17,17.95,5.55,2,88.8,321.86
Koramangala,595,1,1,0,3,25.07,,0,36.5,177.75
JP Nagar,3961,6,5,0,16,25.07,2.3,1,53.6,660.45
JP Nagar,847,2,2,0,13,18.21,9.03,2,80.4,254.37
Sarjapur Road,1598,3,3,0,0,26.01,7.34,1,47.3,420.8
Jayanagar,884,1,2,1,16,13.93,3.13,0,37.6,349.68
Bellandur,1615,3,4,1,21,19.5,11.9,1,65.3,522.54
Jayanagar,1045,3,4,0,0,23.43,11.74,0,58.5,477.95
Bellandur,534,1,1,1,11,11.69,6.83,2,57.6,215.39
Bellandur,680,2,2,0,32,7.33,14.09,3,75.4,185.16
Indiranagar,1128,1,1,0,30,16.14,11.68,1,41.9,522.79
Indiranagar,564,1,2,2,19,28.52,11.13,3,67.2,290.01
Bellandur,860,3,4,2,23,13.55,2.57,0,82.3,314.73
Bellandur,2063,4,3,2,10,13.75,11.85,1,94.9,563.15
Marathahalli,931,2,1,1,3,9.45,7.57,0,50.8,248.1
Hebbal,1256,3,2,0,33,20.54,12.36,0,68.5,396.08
Koramangala,1026,1,2,0,11,22.17,10.87,1,51.8,235.55
Hebbal,594,1,1,3,23,28.33,9.49,0,84.1,311.74
Indiranagar,496,1,2,0,29,19.53,12.92,2,64.3,348.13
Indiranagar,2076,2,3,1,34,8.31,7.37,0,94.9,642.36
HSR Layout,2279,3,4,0,5,0.77,,4,62.9,601.45
Jayanagar,537,1,1,1,17,9.35,5.58,3,43.5,257.84
Sarjapur Road,2124,3,3,1,33,13.99,14.06,4,40.2,335.66
Hebbal,1259,3,2,2,17,20.4,6.18,1,43.1,416.86
Indiranagar,1632,2,1,2,18,22.96,9.9,2,97.8,623.17
Jayanagar,4494,6,5,1,21,11.85,4.74,1,52.1,815.69
HSR Layout,450,1,1,1,11,27.85,9.1,1,46.7,195.6
Jayanagar,886,1,1,1,22,8.26,7.21,2,82.5,378.41
HSR Layout,1458,3,3,2,20,17.67,4.86,1,51.9,382.36
Indiranagar,2087,4,5,3,22,22.61,11.82,0,75.2,549.18
Hebbal,593,3,3,2,10,3.48,0.32,2,60.6,357.99
Indiranagar,1840,4,5,1,14,17.97,7.49,1,38.8,494.95
Marathahalli,1335,1,1,0,22,28.0,4.04,1,72.6,296.87
Bellandur,3191,6,6,3,28,23.62,1.68,0,56.5,713.35
Jayanagar,836,1,1,0,28,24.22,2.35,1,64.5,296.87
Hebbal,1877,3,2,1,16,10.07,8.14,1,79.3,519.89
Koramangala,1181,1,2,0,6,11.04,8.73,4,90.2,594.06
JP Nagar,684,1,1,2,18,18.23,6.78,0,69.6,225.36
Sarjapur Road,771,1,2,1,6,19.0,8.58,1,60.0,225.24
Bellandur,769,1,2,1,5,1.28,14.95,2,86.3,327.94
Yelahanka,1109,3,3,2,24,12.33,4.04,0,42.5,366.43
HSR Layout,1364,1,1,3,25,2.4,12.02,0,56.0,367.87
Sarjapur Road,836,2,2,2,11,18.74,,1,84.7,310.8
Hebbal,2149,4,5,2,6,14.97,4.27,2,89.8,495.3
Whitefield,981,1,1,2,23,21.93,11.15,0,59.0,311.06
Hebbal,2645,4,3,1,19,6.07,10.52,2,46.1,505.99
Whitefield,1387,1,1,2,15,7.88,11.63,1,72.9,252.47
Electronic City,1320,1,2,1,2,24.18,3.32,0,71.2,399.41
Bellandur,921,2,3,1,13,14.93,9.96,1,95.8,286.11
Yelahanka,2192,4,3,0,32,10.77,8.02,2,51.7,341.75
Jayanagar,450,2,3,3,2,1.57,1.3,1,65.3,326.97
Indiranagar,1681,3,3,2,31,0.74,10.32,1,51.5,585.6
HSR Layout,1932,2,3,0,27,12.23,2.12,0,77.7,430.94
JP Nagar,2107,4,5,1,3,13.26,11.18,0,58.7,381.9
Whitefield,1355,2,2,2,13,19.39,8.59,0,97.9,366.02
Indiranagar,6500,6,6,2,24,15.2,9.27,2,43.0,907.28
Hebbal,1335,2,2,0,33,19.38,9.36,0,81.3,279.96
Electronic City,450,1,1,3,22,29.41,9.7,0,89.2,214.06
Indiranagar,1201,2,1,0,2,21.14,1.74,0,36.1,478.91
Bellandur,1375,1,1,0,8,19.06,,1,48.2,421.19
Electronic City,717,1,1,1,9,17.25,13.91,2,68.9,197.36
Sarjapur Road,3461,6,6,0,2,6.17,9.53,0,85.7,630.43
Whitefield,1006,1,1,1,16,22.65,,0,36.8,274.72
Sarjapur Road,612,1,2,1,29,28.65,12.59,1,95.5,183.86
Electronic City,1343,3,3,0,19,7.86,8.07,1,46.5,322.18
Whitefield,1330,1,2,0,14,2.87,11.66,1,64.0,284.28
HSR Layout,1644,4,4,1,14,27.85,11.6,3,84.9,394.33
Bellandur,450,1,1,0,34,15.91,6.54,3,42.5,210.34
Bellandur,703,1,1,0,0,16.7,2.49,0,84.1,250.65
Koramangala,1543,4,4,2,13,23.46,6.37,1,67.5,402.07
Indiranagar,2555,4,3,2,29,27.72,12.78,0,43.1,545.17
Koramangala,1456,1,1,1,8,15.68,4.3,0,86.4,507.53
HSR Layout,713,1,1,0,17,14.43,13.78,2,40.6,395.86
Electronic City,1092,2,1,1,17,18.07,11.07,4,50.1,232.22
Yelahanka,2241,4,4,3,19,4.7,3.69,1,88.6,301.18
Jayanagar,1977,4,4,2,23,1.81,13.47,1,37.9,472.36
Whitefield,1936,3,2,2,26,19.71,2.55,1,86.3,387.15
Koramangala,2841,5,4,1,26,2.89,6.61,1,50.6,634.25
Marathahalli,3272,5,5,2,0,19.06,0.45,3,50.0,451.21
Sarjapur Road,575,1,1,3,18,22.6,12.95,3,37.4,163.16
Yelahanka,779,1,1,1,10,24.05,2.57,0,84.1,215.15
HSR Layout,2759,5,4,3,34,20.07,9.95,2,88.6,432.82
Marathahalli,450,1,1,1,18,11.97,1.68,2,94.5,213.32
Yelahanka,2282,3,4,0,23,18.64,10.41,0,52.4,282.72
Hebbal,454,1,1,3,30,3.78,7.99,1,51.5,266.47
HSR Layout,2507,6,5,0,22,24.02,8.51,1,56.2,550.39
Electronic City,1297,2,2,3,9,19.37,0.95,0,82.9,361.31
Whitefield,1336,1,1,2,7,8.16,11.02,0,86.3,284.92
Yelahanka,1535,1,1,0,34,7.68,,2,91.6,392.18
Whitefield,657,1,2,1,24,8.8,5.21,2,38.8,347.67
HSR Layout,2852,4,3,0,27,21.59,5.42,2,37.8,414.13
Yelahanka,2603,6,5,1,16,19.24,8.33,3,91.0,371.9
JP Nagar,450,1,1,3,7,22.08,8.99,1,98.9,287.86
Bellandur,4109,6,6,1,22,21.16,12.04,1,48.3,573.4
Jayanagar,657,1,2,2,9,14.0,4.38,1,93.5,246.83
Koramangala,491,1,2,3,15,10.02,4.29,0,86.4,278.5
Sarjapur Road,536,1,1,2,9,17.23,6.55,1,66.9,283.05
Whitefield,1897,2,3,1,1,21.34,5.24,4,89.0,507.68
Hebbal,450,1,1,2,16,27.59,5.5,0,82.0,262.28
Bellandur,852,1,1,0,23,25.89,9.04,0,85.6,270.0
Whitefield,817,3,2,1,11,4.27,14.57,0,76.9,225.92
Electronic City,906,1,1,2,4,26.12,2.97,4,72.4,252.39
Koramangala,466,1,1,2,21,6.1,2.81,0,39.8,285.26
Yelahanka,1170,3,4,1,4,3.62,9.7,2,73.1,359.51
Sarjapur Road,1256,2,1,3,10,6.4,12.08,0,58.7,363.38
Hebbal,876,1,1,0,10,0.51,10.59,0,86.8,412.91
Electronic City,2449,3,2,1,2,22.01,11.43,2,57.1,299.69
Yelahanka,629,2,2,1,2,27.19,8.03,0,68.5,240.41
Yelahanka,1032,2,3,2,14,16.19,3.42,3,53.3,378.64
Electronic City,1542,2,1,0,1,9.06,10.16,2,46.5,352.51
Whitefield,450,1,1,3,32,10.75,4.93,2,79.1,355.02
Yelahanka,450,1,2,3,11,21.39,2.68,0,91.7,108.06
Jayanagar,1372,2,2,1,7,27.53,8.03,4,42.4,349.33
Hebbal,2116,3,2,2,8,6.04,2.59,1,41.4,430.31
Hebbal,3823,6,6,2,33,9.84,11.14,0,57.3,556.34
Koramangala,1140,1,2,1,3,3.35,1.51,0,95.8,557.96
Koramangala,1228,1,2,3,4,11.96,8.73,1,62.0,325.54
Yelahanka,751,3,2,2,19,6.54,3.08,1,56.7,208.22
Marathahalli,1502,2,2,0,25,0.85,2.08,3,44.6,244.41
JP Nagar,528,2,2,2,34,2.97,,3,99.8,302.69
Marathahalli,1743,3,4,3,30,8.1,6.53,0,73.6,311.68
Electronic City,1113,1,1,2,7,6.36,,1,72.0,392.05
Yelahanka,702,1,1,3,20,5.03,,3,55.9,284.53
Hebbal,1625,2,2,2,34,5.8,0.8,0,64.6,377.99
JP Nagar,1876,5,6,0,2,2.93,,1,74.7,572.18
Hebbal,5215,6,5,2,25,18.98,13.15,0,49.3,739.98
Sarjapur Road,1338,2,1,1,18,22.27,,1,95.3,248.14
JP Nagar,1016,4,4,0,11,3.88,6.92,2,72.1,361.24
Electronic City,1465,3,3,2,33,19.27,8.59,1,87.6,334.14
Bellandur,1475,2,1,2,4,4.14,,1,63.2,472.19
Indiranagar,1231,2,3,1,16,13.29,13.38,1,57.3,526.47
Sarjapur Road,6173,6,6,0,22,5.96,2.62,1,52.0,933.64
Yelahanka,2844,6,6,2,7,25.98,,1,57.4,425.22
Sarjapur Road,2268,4,3,3,12,23.37,4.48,0,76.4,451.32
Whitefield,1346,2,3,1,9,22.15,12.32,1,87.1,367.16
Bellandur,1346,2,3,3,10,25.6,,1,68.6,374.74
Marathahalli,862,1,1,1,19,27.65,0.64,1,51.9,236.96
Yelahanka,450,1,1,3,30,3.35,8.15,4,55.9,242.41
Yelahanka,1162,1,1,1,1,10.56,4.45,1,49.8,168.12
Hebbal,1201,1,1,2,13,9.35,3.39,0,91.5,235.44
Hebbal,915,1,2,3,6,28.8,13.89,3,59.1,371.17
Jayanagar,2459,5,6,1,6,27.07,,1,59.4,624.23
Yelahanka,1550,2,1,3,18,4.04,14.97,2,96.2,243.89
Koramangala,1353,1,2,3,34,2.95,10.94,0,71.6,615.08
Whitefield,1623,3,4,3,25,25.1,2.48,0,58.8,480.62
JP Nagar,551,1,1,0,32,13.28,12.17,0,37.5,344.79
Koramangala,991,2,1,3,23,12.85,2.45,1,88.8,546.69
Yelahanka,623,2,2,3,8,17.93,8.72,3,98.2,271.1
Marathahalli,2300,5,4,2,9,21.81,10.18,1,87.6,482.03
Electronic City,794,1,1,3,27,20.75,,0,91.3,249.36
Hebbal,511,1,2,1,17,5.91,,3,95.5,127.25
Whitefield,1454,4,3,1,7,19.89,5.2,1,48.6,302.66
Jayanagar,2697,5,4,0,34,2.48,5.44,2,86.7,645.3
Electronic City,505,1,2,0,25,24.99,5.79,3,64.3,253.04
Indiranagar,2397,5,5,0,18,28.85,13.92,2,35.9,563.84
JP Nagar,1071,1,1,1,24,28.83,3.66,1,94.5,336.52
Koramangala,774,2,1,3,21,9.88,,1,61.8,367.57
Marathahalli,3106,4,3,1,6,10.64,12.2,1,79.0,538.26
Yelahanka,2629,4,5,3,1,27.51,5.39,0,86.9,444.31
Indiranagar,554,1,1,2,30,13.61,0.46,3,42.7,544.1
Yelahanka,2647,3,3,2,28,29.43,3.16,0,47.2,300.64
Sarjapur Road,1425,4,5,1,19,22.46,3.31,0,91.8,368.81
Yelahanka,1466,2,1,1,3,19.51,11.28,3,56.1,199.65
Jayanagar,711,3,2,2,23,6.67,,2,81.0,320.14
Indiranagar,940,1,1,2,6,3.13,8.48,0,98.4,448.0
Sarjapur Road,3418,4,3,3,4,13.52,5.7,3,80.3,646.05
Electronic City,790,1,2,2,0,8.24,8.51,0,77.7,320.73
Whitefield,3047,5,4,1,29,28.03,13.64,1,39.1,500.41
HSR Layout,6500,6,7,3,23,18.92,2.03,0,44.9,921.48
Hebbal,760,1,1,0,17,15.34,0.67,1,61.5,333.86
HSR Layout,1736,4,3,1,24,4.42,6.44,2,74.9,437.58
JP Nagar,2410,5,4,1,10,22.13,,1,38.6,562.16
JP Nagar,1351,2,1,0,23,29.02,13.96,2,52.5,310.94
Sarjapur Road,450,2,2,0,3,2.36,8.27,1,62.8,393.33
JP Nagar,1296,1,2,0,31,25.78,0.42,1,98.3,324.36
Bellandur,1869,4,5,3,32,29.06,9.24,1,45.0,456.08
Sarjapur Road,2150,2,1,0,22,24.7,3.19,2,45.5,394.98
Marathahalli,634,1,2,1,31,29.65,9.19,2,93.8,292.91
Sarjapur Road,1550,3,3,0,22,13.22,1.3,1,74.6,454.26
Hebbal,1532,2,2,3,5,12.55,12.92,1,87.5,318.25
Sarjapur Road,3473,6,5,1,25,23.87,7.78,0,94.9,449.45
JP Nagar,2471,4,3,3,28,12.63,0.65,1,91.6,359.67
HSR Layout,1553,3,2,2,30,1.29,,1,47.5,415.49
Whitefield,3263,5,4,0,11,11.92,3.18,4,75.9,557.34
Marathahalli,1906,3,4,3,7,9.2,7.56,3,86.3,440.52
Whitefield,900,2,3,3,16,25.78,2.57,1,35.9,221.08
Hebbal,1670,2,1,1,18,4.47,11.48,3,72.5,508.72
Electronic City,1231,1,1,1,27,29.95,6.43,1,93.3,317.77
Hebbal,1727,2,1,2,16,25.68,6.21,2,38.1,437.59
HSR Layout,4893,6,7,3,3,1.42,9.0,1,58.8,926.61
Jayanagar,865,2,2,2,32,7.82,6.37,0,69.4,351.26
Marathahalli,2018,2,3,0,6,18.68,10.67,2,85.9,384.7
Sarjapur Road,3355,6,7,3,16,26.42,10.41,3,80.3,667.97
Hebbal,5292,6,5,3,34,2.72,3.89,0,94.4,717.07
Hebbal,2439,4,4,3,20,21.58,11.85,2,44.5,568.45
Marathahalli,977,2,3,2,14,13.26,8.2,2,58.7,112.22
Yelahanka,662,1,1,1,12,0.73,3.18,0,94.5,167.3
Marathahalli,689,1,2,2,12,3.56,13.48,0,58.2,266.55
Whitefield,450,1,1,2,31,15.38,9.33,2,68.9,211.44
HSR Layout,1586,3,2,3,22,7.33,6.62,0,68.8,339.53
Sarjapur Road,1025,2,1,1,28,4.44,3.16,2,72.8,407.32
HSR Layout,1146,1,2,2,19,16.81,6.07,2,71.1,393.76
Jayanagar,935,1,2,2,3,29.87,8.04,0,99.7,432.01
Electronic City,1248,2,2,3,22,7.14,1.58,1,61.4,382.68
Yelahanka,901,2,2,0,32,9.02,3.87,1,49.3,209.44
HSR Layout,1141,2,1,0,14,7.04,1.16,0,47.2,513.31
Electronic City,1080,3,3,3,5,6.96,1.88,0,90.7,380.32
JP Nagar,1491,3,2,2,26,17.62,13.38,2,70.7,400.7
JP Nagar,3413,6,6,2,23,29.54,1.94,4,45.9,522.21
Bellandur,1779,3,2,0,16,29.3,,4,53.3,389.21
Indiranagar,1371,1,2,0,25,0.61,11.99,4,71.7,486.31
HSR Layout,557,1,1,2,30,14.66,11.21,2,98.1,297.36
Electronic City,1079,1,1,0,6,5.74,11.76,0,86.1,279.87
Bellandur,3052,5,4,3,29,0.82,2.3,1,91.6,657.68
Sarjapur Road,1096,3,3,3,13,2.72,,2,74.9,463.93
