location,area_sqft,bedrooms,bathrooms,balconies,age_years,distance_to_it_hub_km,nearest_metro_km,parking_spaces,amenity_score,price_lakh
Koramangala,1795,3,4,0,24,14.53,,3,53.6,189.68
HSR Layout,1067,1,2,3,28,24.35,8.76,0,71.5,86.19
Jayanagar,1720,3,3,0,22,2.46,8.78,1,95.4,240.91
Indiranagar,925,2,1,1,5,11.78,7.52,3,77.9,174.0
Marathahalli,4371,6,7,0,10,10.21,9.2,1,42.1,328.52
Koramangala,400,1,1,1,27,20.69,1.9,3,73.6,81.38
JP Nagar,1737,3,4,3,10,22.56,9.89,4,76.5,181.88
Sarjapur Road,455,2,1,2,18,22.72,3.86,4,74.9,70.12
Koramangala,1060,3,2,1,26,9.69,10.65,3,81.5,180.71
Jayanagar,1145,2,2,3,22,7.96,1.76,2,57.6,135.92
Jayanagar,2750,5,4,2,26,11.5,,1,48.6,297.62
Indiranagar,820,2,3,1,29,8.93,0.38,1,85.0,147.24
Marathahalli,2464,6,5,2,2,18.11,2.68,0,51.8,228.98
HSR Layout,627,2,1,0,12,5.73,1.54,1,46.8,89.85
Indiranagar,2517,6,5,3,26,16.64,6.74,1,61.6,318.27
Indiranagar,924,1,2,3,21,23.21,5.49,1,90.0,109.88
Sarjapur Road,1249,1,2,3,7,7.36,7.35,0,44.9,117.6
Bellandur,997,1,2,3,20,17.08,2.47,2,51.7,90.77
Marathahalli,2429,4,3,1,10,4.02,9.1,0,68.5,234.41
Electronic City,2183,5,5,0,10,3.47,7.4,2,57.3,232.31
Indiranagar,1531,3,4,2,12,3.33,2.81,0,83.3,261.45
Hebbal,637,1,1,3,2,3.89,4.91,2,80.5,112.7
Bellandur,810,2,3,3,5,5.8,8.67,0,90.6,145.65
Electronic City,682,1,1,1,23,14.29,,2,52.2,90.26
Hebbal,400,2,1,1,9,19.29,6.84,0,78.9,49.19
Marathahalli,2401,4,5,1,18,3.61,11.75,0,86.5,272.48
Whitefield,1002,1,2,0,11,21.82,1.76,1,43.8,79.64
Hebbal,996,2,2,2,28,21.15,,0,42.2,72.32
JP Nagar,2732,5,6,0,13,18.32,7.56,1,73.6,262.06
Bellandur,924,1,1,3,10,10.94,11.93,1,75.3,103.28
Hebbal,756,2,1,1,26,0.54,6.6,3,63.6,76.86
Yelahanka,1060,3,3,3,20,18.5,5.42,1,42.2,84.08
Whitefield,644,1,1,2,24,22.04,11.08,2,64.1,67.73
Jayanagar,1450,3,3,2,29,8.71,6.18,1,78.5,182.47
Jayanagar,977,1,1,0,29,18.09,11.28,1,82.1,89.48
JP Nagar,908,2,2,0,25,2.02,9.05,1,69.6,98.46
Hebbal,866,1,2,1,9,17.88,2.18,0,71.5,95.82
Hebbal,1132,2,3,1,2,2.17,,1,80.4,179.73
Sarjapur Road,1256,3,2,3,12,14.89,,1,67.0,152.55
Hebbal,902,1,2,1,27,15.14,1.0,0,55.8,39.71
Koramangala,985,3,3,1,26,7.9,,1,53.4,130.46
HSR Layout,1147,2,3,3,17,2.44,,3,85.2,191.72
Yelahanka,1085,3,3,2,26,23.76,,1,69.3,63.54
Sarjapur Road,1221,2,3,1,12,13.62,7.85,0,77.4,126.9
Marathahalli,827,1,1,1,29,14.7,11.78,2,68.3,82.25
Sarjapur Road,2085,5,5,3,23,15.57,2.49,2,89.1,222.89
Koramangala,1266,1,2,3,13,22.33,4.43,0,69.8,136.48
Marathahalli,910,2,1,3,29,1.98,0.49,1,99.3,100.29
Yelahanka,1450,3,4,3,13,22.39,2.94,0,54.6,100.59
Koramangala,1152,2,1,3,6,6.37,9.4,1,48.3,161.25
Electronic City,462,2,3,1,11,2.41,7.95,1,62.4,94.67
HSR Layout,1448,2,2,0,24,16.6,9.45,0,95.1,150.32
Yelahanka,685,1,1,0,3,24.44,5.22,0,91.1,85.23
Hebbal,2006,4,4,0,15,1.9,8.88,1,54.8,223.58
Electronic City,1051,2,2,1,18,10.94,7.27,2,76.0,103.76
JP Nagar,1843,6,6,2,9,13.48,4.08,0,75.3,254.65
Yelahanka,848,1,2,1,15,6.68,,1,57.6,38.58
JP Nagar,1247,2,3,0,4,24.58,6.59,0,54.1,65.07
Marathahalli,2335,4,5,0,26,16.2,11.49,0,63.4,211.84
Electronic City,1035,2,3,3,15,21.19,11.19,1,87.3,97.54
HSR Layout,867,1,1,3,0,10.69,11.84,3,51.5,123.2
Hebbal,1720,2,1,3,4,9.17,0.39,0,66.7,179.38
Hebbal,1702,3,3,1,12,14.05,,0,68.9,187.5
Koramangala,887,1,2,2,12,11.16,10.76,1,96.3,162.6
Hebbal,403,2,2,2,2,18.02,8.92,0,58.2,88.89
Indiranagar,858,1,1,3,16,7.01,5.11,0,41.2,112.84
Sarjapur Road,1742,5,5,2,18,11.51,8.75,0,81.6,221.44
Whitefield,784,2,1,0,4,22.43,5.44,0,85.3,82.48
HSR Layout,1193,3,3,0,4,19.02,8.63,1,82.2,169.76
Electronic City,836,2,2,3,14,4.62,9.41,1,82.0,81.8
Indiranagar,415,1,1,3,9,22.23,10.15,2,69.0,61.83
HSR Layout,828,1,1,3,11,14.93,8.79,0,41.1,88.95
Electronic City,1738,2,2,2,23,17.14,2.09,2,83.8,150.91
Bellandur,400,1,1,1,10,7.71,11.25,2,96.2,90.34
Bellandur,1379,3,3,3,0,11.32,2.72,1,49.4,181.94
JP Nagar,625,1,1,2,22,20.27,4.42,2,44.1,25.0
HSR Layout,1677,4,5,3,20,8.6,5.26,2,55.9,227.85
Bellandur,1777,3,3,1,2,4.54,8.61,2,91.0,221.95
Electronic City,1092,1,1,3,3,9.77,8.47,3,46.4,62.36
JP Nagar,1093,5,5,0,18,2.2,11.55,0,82.9,158.55
Hebbal,770,1,2,3,23,18.09,2.42,2,43.8,55.38
Electronic City,572,2,1,0,19,4.12,,0,42.0,36.9
JP Nagar,3053,4,3,0,2,7.49,2.6,0,93.5,285.94
HSR Layout,746,2,2,2,17,22.09,8.14,2,86.2,114.24
Indiranagar,2842,5,6,2,2,13.74,2.71,1,75.9,386.96
Koramangala,748,1,1,0,6,8.37,10.44,0,50.3,59.11
Hebbal,1602,3,4,0,21,13.92,11.8,1,56.7,166.04
Yelahanka,642,1,2,3,25,5.85,,0,42.9,39.6
Indiranagar,1600,3,3,3,27,1.12,8.92,0,78.7,265.39
Marathahalli,1003,2,3,0,28,15.29,6.49,1,81.2,86.79
Electronic City,1010,2,2,2,20,18.0,4.44,2,59.6,51.45
Marathahalli,1678,3,4,3,23,22.05,2.46,1,60.3,136.65
Indiranagar,927,2,1,3,26,19.41,8.69,0,77.7,98.81
JP Nagar,547,1,1,3,0,23.2,2.07,3,96.7,74.49
Yelahanka,1824,3,4,2,18,24.66,3.51,0,63.7,121.9
Hebbal,639,1,1,0,17,18.75,11.05,1,69.6,61.69
Hebbal,1594,3,2,3,1,21.76,6.2,1,81.9,174.3
Hebbal,2049,3,2,2,27,17.01,10.28,2,60.5,177.48
Yelahanka,976,1,1,2,26,4.69,9.26,1,92.1,104.34
Whitefield,2299,5,5,2,11,4.95,,1,90.8,262.7
Yelahanka,1564,3,4,2,16,3.2,2.77,0,80.5,155.39
Koramangala,818,1,1,3,20,23.6,1.38,0,72.2,98.45
Yelahanka,2594,6,7,0,20,16.98,,0,99.0,215.38
Indiranagar,640,1,2,0,2,19.85,4.03,0,82.1,111.39
Whitefield,975,1,2,2,11,8.61,8.14,2,78.6,121.3
Hebbal,1071,2,2,0,27,11.78,8.82,2,92.6,105.5
Indiranagar,1674,4,4,3,24,1.47,2.53,1,73.3,228.38
Indiranagar,2216,4,3,0,11,22.28,8.39,0,54.6,255.41
Jayanagar,2141,4,5,0,5,21.4,0.31,3,48.3,222.64
Sarjapur Road,1357,2,2,1,29,19.73,5.13,1,68.3,136.58
Whitefield,1029,1,1,0,9,1.93,4.33,0,70.9,129.67
Indiranagar,440,2,2,0,29,4.77,11.21,0,89.7,93.0
Sarjapur Road,582,1,1,2,21,8.69,11.84,2,48.4,27.03
Sarjapur Road,3171,6,6,2,25,6.95,3.6,1,80.9,287.09
Whitefield,437,2,3,1,5,21.04,7.4,2,58.2,70.27
Jayanagar,779,1,1,3,13,5.27,8.99,3,96.3,140.76
Marathahalli,2252,3,3,1,1,13.54,2.45,1,68.2,218.79
JP Nagar,1347,3,2,0,10,14.5,8.3,2,77.3,133.02
Koramangala,1999,2,3,0,14,10.91,,2,79.0,251.96
JP Nagar,1617,2,2,3,25,6.4,,1,45.5,147.4
Yelahanka,2693,6,7,3,25,24.03,10.24,0,91.1,241.45
Hebbal,1412,2,3,2,7,10.63,6.13,2,49.9,156.9
Koramangala,1728,4,4,0,21,18.32,3.7,1,63.8,194.38
Yelahanka,806,1,1,0,12,5.01,4.98,1,80.4,108.82
Indiranagar,1657,2,3,0,29,20.66,5.08,0,43.3,147.02
Hebbal,965,1,1,0,18,5.79,9.29,0,74.8,101.46
Electronic City,935,2,3,0,9,17.05,10.66,4,64.6,98.89
Whitefield,1963,5,6,0,8,12.91,5.81,1,43.8,226.4
Koramangala,1970,3,4,0,17,4.09,4.01,1,83.6,287.24
Koramangala,3037,6,6,0,6,1.11,8.78,1,70.1,419.73
Indiranagar,2930,4,5,2,2,23.3,10.88,1,58.2,367.0
Marathahalli,1987,3,4,1,11,3.58,1.55,1,45.1,192.81
Sarjapur Road,466,1,1,0,14,17.77,9.6,1,72.8,37.41
Hebbal,3279,6,6,2,21,16.49,6.77,2,58.4,337.87
Indiranagar,1988,4,4,0,20,8.87,10.44,0,96.8,251.01
Bellandur,787,1,2,3,12,5.04,6.27,0,75.5,110.41
Jayanagar,1792,3,2,0,5,4.87,10.38,0,57.1,215.92
Sarjapur Road,678,1,2,1,7,14.84,6.74,0,71.7,119.86
Whitefield,1686,3,4,2,13,13.9,1.91,1,72.4,158.74
Sarjapur Road,582,1,1,3,2,21.96,0.26,1,83.6,95.43
Marathahalli,769,2,1,3,15,16.18,7.52,0,94.1,100.97
Sarjapur Road,1773,3,4,0,17,20.57,7.19,0,97.8,169.52
Whitefield,2165,5,5,1,23,1.29,2.68,0,83.1,209.43
Marathahalli,1435,2,3,1,16,16.94,10.24,2,72.8,137.98
JP Nagar,1025,1,2,0,17,6.23,10.44,0,53.5,101.86
Koramangala,400,2,1,0,9,6.69,9.69,2,64.2,94.76
Koramangala,1070,2,1,2,16,18.15,11.25,1,69.3,159.86
Jayanagar,1609,2,1,2,15,19.94,6.18,0,47.7,163.38
Yelahanka,1008,2,3,0,20,9.61,8.49,3,55.4,86.7
JP Nagar,1185,3,2,0,23,19.86,10.87,0,99.1,150.27
JP Nagar,1084,2,2,3,1,11.37,5.58,1,85.4,169.67
Hebbal,1005,1,2,1,19,21.51,,2,68.9,81.24
Sarjapur Road,1251,2,1,2,3,1.11,6.25,0,53.6,117.87
Koramangala,1033,2,3,0,10,2.55,11.8,0,74.4,150.45
Whitefield,2654,5,6,0,26,19.52,5.36,2,53.9,251.97
HSR Layout,400,2,2,2,6,15.79,3.94,2,51.6,68.97
HSR Layout,889,1,1,3,16,14.2,7.63,2,45.6,73.93
Marathahalli,744,1,1,3,24,15.54,3.51,1,60.8,79.42
Koramangala,1354,5,6,0,18,23.29,10.32,2,72.5,199.77
Koramangala,1252,2,3,1,5,16.56,10.73,1,49.6,134.84
Jayanagar,2929,6,6,1,9,16.36,4.27,1,52.0,360.66
HSR Layout,3509,6,7,0,29,19.11,4.43,3,63.5,371.81
Koramangala,784,2,2,2,20,21.73,1.22,2,69.4,92.51
Jayanagar,1200,2,2,1,3,6.92,3.22,1,85.7,170.22
Sarjapur Road,1337,1,1,2,24,15.61,,0,74.0,103.27
Bellandur,774,1,1,2,26,14.81,9.14,2,77.1,93.68
Hebbal,1695,3,2,2,27,3.8,,1,81.8,210.93
Electronic City,1052,1,1,3,29,13.25,1.13,0,67.1,54.75
JP Nagar,667,1,2,1,24,2.2,2.14,0,60.6,50.91
Yelahanka,1029,2,1,3,0,5.03,4.65,1,88.0,117.33
Marathahalli,693,2,3,1,6,22.87,5.19,2,89.7,78.37
Bellandur,2122,4,5,0,25,3.42,10.8,0,49.2,206.74
Hebbal,3415,6,6,2,24,14.68,3.5,0,97.2,341.34
Hebbal,1373,4,4,1,20,8.43,8.67,1,95.8,164.25
Hebbal,1276,3,4,1,15,14.11,10.76,1,92.3,200.67
Hebbal,1305,3,3,0,16,6.26,10.31,2,65.4,163.9
HSR Layout,2299,4,4,3,23,11.39,2.55,3,90.5,288.08
Jayanagar,2272,4,4,1,4,21.75,3.5,1,77.7,226.18
JP Nagar,1126,2,3,1,21,9.72,0.84,2,52.3,102.11
Koramangala,1379,3,2,3,22,9.15,5.9,3,86.5,195.31
Hebbal,1718,4,3,3,9,11.43,4.98,1,64.4,218.02
Yelahanka,642,1,2,1,6,2.96,,0,57.5,104.08
Koramangala,2338,5,5,3,12,9.99,5.6,1,92.7,313.64
Whitefield,3116,5,5,0,29,0.67,8.88,4,91.7,319.51
Whitefield,2278,3,2,0,27,12.83,8.1,1,91.9,228.62
Yelahanka,605,1,2,2,6,21.27,5.26,0,91.6,55.81
Jayanagar,406,1,2,1,14,14.03,0.65,0,73.3,58.67
Yelahanka,1772,4,4,0,16,15.39,4.26,0,77.0,158.86
HSR Layout,790,1,1,0,22,1.25,4.03,2,96.9,100.19
Yelahanka,1405,2,2,0,26,21.56,1.25,0,47.8,40.64
Sarjapur Road,2792,6,7,2,2,9.93,,0,88.4,250.84
Koramangala,836,1,1,3,4,24.38,,1,71.6,117.07
Bellandur,975,2,3,2,9,3.45,9.89,1,98.7,184.69
Indiranagar,1397,2,3,2,4,23.64,9.66,1,78.4,192.26
Jayanagar,588,1,2,2,23,16.04,10.15,1,49.8,78.65
Yelahanka,791,2,1,2,6,1.78,10.41,1,88.9,68.44
Marathahalli,1217,2,2,1,6,24.31,4.04,1,80.4,126.66
Whitefield,1017,2,2,1,21,0.84,4.0,1,48.9,113.03
Sarjapur Road,1677,3,4,0,22,18.4,,1,40.5,118.33
JP Nagar,5494,6,7,2,13,22.29,9.86,1,72.6,469.2
Hebbal,1267,3,2,2,22,4.81,9.61,1,54.5,176.12
Indiranagar,755,2,1,0,14,8.91,0.4,1,92.0,165.45
Jayanagar,2618,4,4,3,4,14.25,11.4,2,55.1,285.38
Bellandur,501,2,3,1,4,17.16,3.57,0,79.8,81.38
Indiranagar,559,1,1,2,3,21.86,7.59,1,60.7,89.26
Yelahanka,865,3,2,3,29,19.15,7.75,0,61.0,78.21
HSR Layout,1027,2,3,3,19,9.4,,0,50.9,106.08
Whitefield,854,2,3,2,20,20.63,8.41,1,70.2,122.29
Whitefield,1179,3,4,2,25,24.17,6.5,0,74.8,114.25
JP Nagar,1396,2,3,3,8,6.06,7.41,1,74.9,187.15
HSR Layout,2160,4,5,1,29,2.32,5.47,1,91.4,261.43
Hebbal,1262,3,4,1,26,10.95,9.69,0,79.1,191.08
Koramangala,881,1,1,2,11,22.09,7.69,1,84.4,120.32
Electronic City,2097,3,4,2,15,4.18,2.48,2,59.4,148.92
Sarjapur Road,765,1,1,0,21,22.2,9.08,3,65.2,45.74
Whitefield,489,2,3,0,7,24.81,6.13,0,41.1,54.27
Marathahalli,2329,4,4,1,8,1.82,0.64,1,44.7,247.56
Whitefield,2249,5,5,0,11,12.63,4.86,1,63.1,232.73
Indiranagar,776,1,1,3,29,8.56,4.94,0,52.6,67.2
Whitefield,963,3,4,3,19,10.15,9.66,0,88.8,137.24
Jayanagar,725,2,3,3,27,11.57,2.96,2,80.6,127.72
Whitefield,1436,2,2,3,28,18.62,5.54,1,98.2,155.02
Electronic City,3111,5,6,2,6,14.99,,0,93.2,295.45
Electronic City,1766,3,2,3,20,24.05,10.6,1,98.7,169.39
Hebbal,2121,3,2,1,3,8.65,5.44,0,61.9,215.52
Bellandur,1884,4,3,0,27,13.77,10.31,0,69.1,151.71
Koramangala,1200,2,1,1,22,20.43,,1,62.4,139.15
Marathahalli,2177,3,4,2,2,9.64,3.97,2,97.9,224.52
Whitefield,1808,3,3,0,0,11.9,8.61,1,64.2,214.69
Whitefield,2649,5,6,0,6,17.28,5.73,2,47.0,261.67
Sarjapur Road,932,1,1,0,8,21.59,4.23,1,55.0,68.27
Electronic City,461,1,2,3,1,10.68,8.08,3,65.5,113.38
Marathahalli,2132,4,5,2,6,13.53,9.34,1,76.2,226.12
Hebbal,1455,3,2,1,9,24.39,8.33,2,77.1,176.23
JP Nagar,1020,2,2,3,1,1.54,5.66,3,85.5,149.61
Bellandur,1052,2,3,0,12,11.48,3.26,0,78.9,112.2
Koramangala,4891,6,7,1,28,16.08,9.76,1,69.5,479.16
HSR Layout,843,2,1,1,2,0.71,4.29,2,41.8,140.89
Koramangala,751,3,3,1,12,15.12,7.43,1,81.7,139.07
Jayanagar,1258,1,1,2,9,1.88,1.56,1,45.1,187.34
Indiranagar,2297,4,3,3,29,21.51,8.94,2,68.1,273.73
Jayanagar,4202,6,7,2,11,20.27,11.44,1,93.8,471.13
Whitefield,1723,3,3,0,25,1.29,5.5,1,75.8,206.91
Bellandur,597,1,1,0,2,1.7,6.67,2,51.9,88.38
Indiranagar,3548,6,7,1,27,18.96,10.81,3,88.5,445.47
Marathahalli,1187,3,2,1,28,9.55,9.58,4,58.0,98.14
HSR Layout,757,1,2,1,19,14.59,11.55,1,74.6,94.31
Electronic City,663,2,2,2,5,7.12,3.34,1,78.2,104.03
Bellandur,1901,3,2,3,2,4.74,,1,83.9,215.05
Bellandur,1368,2,2,2,28,7.75,5.58,0,43.9,142.92
Jayanagar,1451,2,2,0,24,6.54,5.78,0,91.3,146.27
Whitefield,2435,4,5,1,1,11.48,10.97,1,46.8,248.82
Yelahanka,772,1,1,1,22,18.79,2.63,3,45.7,26.82
Hebbal,2544,6,5,2,21,14.08,10.76,2,67.4,289.11
Jayanagar,902,1,2,0,13,15.42,6.94,0,62.3,102.14
Bellandur,3945,6,7,3,14,12.02,6.53,2,43.3,370.89
Sarjapur Road,1668,3,3,1,17,8.46,5.11,3,50.0,171.76
HSR Layout,723,1,1,1,26,4.02,6.57,0,66.4,102.12
Hebbal,400,1,1,0,18,9.19,9.68,0,89.7,68.7
Jayanagar,1872,3,4,1,21,16.8,6.01,0,47.3,193.93
HSR Layout,977,2,3,3,9,18.48,,4,46.3,132.74
Sarjapur Road,1102,3,4,2,19,11.99,5.12,0,88.3,168.7
JP Nagar,1829,4,3,0,16,16.3,,3,69.5,196.74
Sarjapur Road,2092,2,1,1,16,5.66,5.09,4,61.6,180.37
Sarjapur Road,2352,5,5,1,18,21.57,8.74,1,67.7,251.11
HSR Layout,629,2,3,3,23,21.72,,0,64.7,98.81
Koramangala,2629,4,4,2,26,8.35,9.31,1,86.9,341.18
HSR Layout,873,1,1,3,3,13.92,4.62,3,40.6,103.76
Yelahanka,400,1,1,2,10,15.36,7.03,3,66.0,50.11
Whitefield,628,1,1,3,16,12.07,4.45,1,49.5,34.6
Indiranagar,1353,3,3,2,23,22.82,8.51,1,58.5,182.88
Koramangala,700,3,4,1,9,18.62,5.35,1,46.7,57.82
Electronic City,1143,2,1,1,21,16.98,9.23,0,65.6,88.33
Indiranagar,1445,2,3,1,16,13.24,0.35,1,78.6,196.69
Whitefield,1086,2,2,0,11,2.58,4.21,1,79.7,149.38
Jayanagar,914,1,2,2,9,3.14,10.56,2,87.8,153.73
Hebbal,603,1,1,0,9,7.83,4.02,0,88.9,101.08
Yelahanka,1215,2,1,2,5,5.68,4.86,0,75.9,107.16
Yelahanka,400,1,1,1,16,23.84,9.53,1,61.2,29.85
Electronic City,823,2,2,0,25,10.54,,2,43.1,52.09
Koramangala,720,1,2,0,25,21.98,3.88,0,42.2,46.55
JP Nagar,1052,3,2,3,18,20.54,9.34,0,46.8,79.81
Sarjapur Road,1067,3,2,2,1,20.41,11.49,0,99.0,171.35
Koramangala,2035,4,5,3,3,5.78,9.44,0,87.2,280.12
Hebbal,2867,5,4,0,17,11.46,2.23,1,64.3,265.68
JP Nagar,649,1,1,0,26,8.29,,2,68.0,65.31
Yelahanka,3591,6,6,1,28,24.28,5.81,1,84.2,248.25
HSR Layout,782,1,2,3,20,21.98,,3,70.9,103.28
Hebbal,1319,2,3,3,3,6.62,3.02,0,61.6,161.63
Whitefield,1589,3,4,3,5,8.18,4.23,3,61.0,171.65
Electronic City,4604,6,6,2,13,13.46,10.84,2,52.6,333.96
Whitefield,891,1,2,0,6,7.33,,1,93.1,135.46
Hebbal,447,1,1,3,11,20.7,3.57,0,64.8,25.0
Marathahalli,2724,5,6,1,1,20.57,1.19,1,85.1,245.5
Marathahalli,759,2,1,0,17,18.25,11.16,0,74.4,68.45
Jayanagar,984,2,2,1,23,17.39,3.74,1,85.2,129.83
Koramangala,649,1,1,0,12,13.91,1.62,0,59.3,79.69
Yelahanka,985,1,1,1,12,9.0,4.31,1,85.1,97.82
Yelahanka,756,1,1,3,24,21.0,3.53,1,87.4,58.98
Sarjapur Road,1741,3,3,3,4,21.54,1.15,1,46.3,166.13
Sarjapur Road,1255,2,1,1,6,1.71,11.81,3,45.5,129.03
Sarjapur Road,825,1,1,2,28,10.27,,0,99.1,80.77
HSR Layout,2075,3,4,1,11,1.15,3.41,1,47.1,210.75
Indiranagar,1381,3,4,0,24,21.07,5.16,0,81.1,178.59
Bellandur,435,1,2,1,13,4.84,5.09,0,84.9,86.38
Indiranagar,1990,3,2,1,0,17.01,5.32,1,43.8,230.56
Whitefield,1328,2,1,0,23,9.26,,2,84.8,106.86
Indiranagar,2579,6,6,3,9,20.49,0.91,1,65.2,360.2
HSR Layout,1285,4,3,0,25,12.99,,0,56.5,145.56
Jayanagar,776,3,2,1,24,8.45,8.06,3,79.9,148.44
Whitefield,1072,1,1,0,8,8.43,8.43,4,90.0,130.06
Indiranagar,1867,3,2,1,9,8.51,2.06,1,74.4,241.95
HSR Layout,785,1,1,3,6,19.82,4.08,1,92.2,109.04
Bellandur,942,2,2,1,15,17.92,0.82,2,41.3,119.55
Indiranagar,1062,2,3,1,27,8.32,7.91,1,84.3,156.59
HSR Layout,638,1,1,3,27,12.51,4.21,0,50.2,51.63
Sarjapur Road,792,1,2,0,11,2.37,6.7,1,57.2,78.78
Yelahanka,1319,2,1,2,11,20.77,9.08,1,74.3,98.58
Sarjapur Road,2325,2,3,2,25,7.02,6.73,4,56.5,183.66
Yelahanka,1429,2,2,1,18,22.29,,2,50.1,85.34
Electronic City,1170,3,3,1,28,15.12,0.93,2,93.1,138.62
Electronic City,760,3,3,3,12,14.41,10.43,0,94.4,120.14
Electronic City,2192,5,5,0,20,4.49,3.29,0,42.2,182.28
Bellandur,1523,3,2,2,28,2.2,4.47,0,70.0,162.82
Sarjapur Road,814,1,1,2,17,14.04,2.78,0,52.2,80.79
Yelahanka,1967,3,4,3,26,11.97,8.45,0,91.8,126.75
HSR Layout,1632,2,1,3,25,3.43,4.76,1,67.8,166.84
Whitefield,767,1,1,2,2,20.97,,2,68.7,109.29
HSR Layout,1135,2,3,0,25,10.72,8.16,0,77.6,147.87
Whitefield,915,1,1,0,6,6.88,7.55,3,43.3,90.18
Marathahalli,5108,6,7,0,0,19.81,9.34,0,47.6,366.3
HSR Layout,1608,3,4,1,2,22.87,9.04,2,69.9,154.64
Indiranagar,1330,2,2,0,20,8.0,5.39,1,98.0,175.06
Indiranagar,1556,2,3,1,26,19.51,,2,90.6,180.27
Koramangala,2562,6,7,1,13,16.49,2.83,1,93.4,341.95
Sarjapur Road,1146,2,3,3,3,24.75,8.54,3,48.2,126.33
Whitefield,868,3,2,1,18,5.5,,1,97.5,110.65
Whitefield,1909,4,4,1,21,24.04,5.4,0,83.8,165.65
Hebbal,1090,2,2,3,27,8.22,1.47,1,59.5,126.29
Jayanagar,666,1,2,0,5,10.59,1.64,3,91.9,133.17
Sarjapur Road,599,1,1,0,19,9.29,3.15,3,84.8,91.25
Bellandur,2783,4,4,2,8,7.08,,0,84.2,288.38
Koramangala,1290,1,1,2,10,17.48,,3,84.1,185.22
Bellandur,868,2,3,1,21,14.93,6.9,2,88.1,127.67
Bellandur,1055,2,3,2,14,7.99,8.99,3,96.9,137.77
Bellandur,1871,3,4,3,8,3.74,0.59,1,48.2,190.65
Sarjapur Road,1021,1,1,2,28,8.28,7.29,1,100.0,116.04
Bellandur,541,1,2,2,10,9.84,,2,92.3,104.01
Indiranagar,1436,4,5,1,25,9.83,2.87,1,66.5,240.45
Jayanagar,2332,4,5,3,9,9.25,0.58,1,49.4,296.02
Jayanagar,2248,3,2,2,1,1.69,4.05,0,67.2,291.75
Electronic City,882,2,3,0,21,11.87,9.52,4,86.7,101.63
Marathahalli,2412,6,6,3,13,20.99,6.45,1,76.1,260.2
Whitefield,1349,3,4,3,3,4.92,9.35,2,56.8,192.31
Hebbal,2375,5,5,1,1,4.07,5.07,2,64.4,287.37
Whitefield,1645,4,3,3,4,12.06,10.15,2,97.3,179.78
Marathahalli,520,1,1,3,13,9.58,1.97,1,88.2,64.61
Hebbal,3136,6,7,3,14,14.25,9.88,1,47.4,307.42
Sarjapur Road,1235,3,3,3,18,23.7,5.82,0,72.7,111.49
HSR Layout,1648,3,4,3,5,19.14,9.0,1,95.9,202.07
Sarjapur Road,573,1,2,3,26,17.33,3.04,1,42.1,33.45
Whitefield,1584,2,2,3,14,10.69,5.94,1,42.6,146.95
Whitefield,2201,4,4,0,13,7.54,8.85,2,83.0,239.45
Hebbal,3479,6,6,3,7,13.74,5.91,3,74.5,359.5
Hebbal,2592,4,4,1,19,22.19,5.61,2,42.8,232.29
Marathahalli,1628,3,3,0,11,21.98,9.77,1,99.8,173.98
Bellandur,513,1,1,3,3,11.42,,4,74.8,104.22
Sarjapur Road,1291,2,1,2,20,6.53,5.81,0,69.5,127.22
Hebbal,866,1,1,1,5,6.02,9.9,2,66.9,121.38
Yelahanka,1366,1,1,0,10,1.33,10.17,3,82.0,126.22
Marathahalli,615,1,1,1,22,21.15,1.6,2,67.5,45.43
Indiranagar,1069,1,1,0,21,6.99,10.23,4,79.5,172.37
Whitefield,903,1,2,2,6,9.3,0.34,0,69.3,123.38
Marathahalli,888,1,1,1,24,20.33,10.3,0,76.6,53.78
Sarjapur Road,893,4,3,1,3,3.44,3.32,1,88.3,201.0
Hebbal,1114,3,4,0,25,11.8,7.02,1,89.0,129.4
Whitefield,1405,3,4,0,14,3.5,0.31,1,90.9,180.6
HSR Layout,400,1,1,2,0,11.33,8.83,3,52.2,88.45
Marathahalli,400,1,1,3,8,1.65,5.29,2,43.7,70.96
Koramangala,996,2,1,0,22,13.18,10.18,2,90.2,126.44
Whitefield,1076,1,1,0,19,19.99,6.76,2,42.5,74.08
Sarjapur Road,1332,4,3,0,25,17.07,10.05,0,52.8,147.7
Electronic City,804,2,1,2,7,12.97,7.42,2,71.6,86.95
Yelahanka,1206,3,4,3,11,20.8,9.0,0,91.3,94.73
JP Nagar,1286,2,3,3,6,6.08,9.03,1,93.8,148.4
Bellandur,801,1,1,2,27,20.85,3.11,0,77.7,87.74
JP Nagar,2095,4,4,3,17,7.27,7.01,1,98.0,235.29
Sarjapur Road,1323,2,1,1,0,9.38,10.51,1,83.8,151.18
Indiranagar,1621,3,4,2,8,3.65,10.57,0,71.7,263.31
Indiranagar,1246,3,3,0,6,2.99,4.74,2,48.1,156.88
Electronic City,3817,6,6,3,13,23.34,4.03,0,65.7,305.43
Bellandur,1666,4,4,1,25,5.15,7.92,1,89.3,237.6
Koramangala,918,2,1,2,0,8.67,9.39,1,57.0,136.31
Electronic City,1885,3,3,2,12,13.46,0.62,0,74.7,157.91
Jayanagar,488,1,1,0,19,9.02,1.3,1,99.0,112.08
JP Nagar,1282,2,3,0,14,21.82,9.39,1,50.5,99.01
Electronic City,1430,3,4,2,4,22.57,5.35,1,46.1,137.6
JP Nagar,1290,3,4,1,4,8.49,8.08,1,87.7,187.24
Whitefield,999,1,1,0,13,2.75,9.88,0,41.5,113.48
Indiranagar,688,2,3,2,13,5.65,9.13,0,78.6,130.71
Whitefield,777,2,3,2,13,12.12,9.75,0,60.1,101.33
Yelahanka,1269,4,5,0,4,7.57,6.26,2,83.4,159.92
Jayanagar,650,1,2,3,10,11.61,2.06,2,47.2,103.31
Bellandur,3177,5,5,1,18,19.09,5.79,2,59.8,287.35
Koramangala,400,2,1,3,4,10.81,11.57,2,41.0,67.12
JP Nagar,1004,1,1,3,3,5.33,3.8,2,54.1,90.33
Koramangala,1275,3,3,1,14,9.27,5.15,3,69.0,184.41
JP Nagar,1586,3,2,1,20,18.7,9.23,1,50.7,122.3
Sarjapur Road,725,1,1,0,6,10.89,1.1,2,76.0,85.35
Electronic City,2239,4,5,0,4,6.61,9.13,2,47.1,193.41
Yelahanka,558,1,1,0,29,10.97,3.44,0,84.7,28.89
Indiranagar,879,1,1,1,14,11.64,3.35,2,95.3,132.87
Hebbal,1688,4,4,3,29,7.76,7.07,1,63.2,180.7
JP Nagar,2126,4,5,1,13,24.89,3.21,0,71.7,207.52
Koramangala,554,3,3,0,23,19.31,7.77,1,69.3,83.42
Yelahanka,5140,6,6,3,23,17.47,10.92,2,87.1,366.47
HSR Layout,732,1,1,0,2,21.44,4.97,2,99.7,142.59
HSR Layout,583,2,1,3,4,16.83,11.33,1,84.1,106.61
Whitefield,1582,2,1,0,11,19.88,11.32,2,52.9,155.89
Indiranagar,991,1,1,1,19,10.61,2.65,1,81.8,163.13
Hebbal,913,1,1,2,13,12.76,5.3,0,76.9,113.07
Sarjapur Road,1665,3,4,2,29,1.65,11.88,3,52.6,160.37
Koramangala,518,1,1,3,4,7.38,1.72,1,54.5,92.65
Hebbal,471,1,1,1,23,9.52,5.81,2,79.2,90.08
Electronic City,864,3,2,0,3,15.82,5.3,1,88.5,110.31
Electronic City,2171,3,3,3,20,11.87,9.76,2,85.7,219.37
Koramangala,885,1,2,3,15,15.39,2.11,0,76.4,114.51
Bellandur,2892,5,6,0,6,17.98,2.81,2,96.3,308.63
Sarjapur Road,2323,4,4,0,2,1.55,2.27,0,83.9,286.55
Yelahanka,1402,2,2,0,28,6.83,2.17,1,72.5,91.88
JP Nagar,1447,3,4,1,21,4.69,3.24,1,89.0,217.24
Bellandur,1401,3,4,2,24,5.09,6.43,1,57.4,119.24
JP Nagar,1310,4,3,3,26,12.83,8.54,1,55.8,123.95
JP Nagar,981,1,1,3,3,18.63,4.69,1,98.3,101.07
Bellandur,1046,3,2,2,19,7.18,5.47,1,97.0,123.08
Whitefield,666,2,3,3,21,20.7,9.55,0,92.8,78.19
HSR Layout,400,1,1,1,5,22.37,6.4,1,52.9,37.23
JP Nagar,2202,3,4,0,2,9.09,7.16,1,75.3,233.46
Bellandur,1308,1,2,2,29,17.19,6.31,1,72.1,73.0
Bellandur,1204,3,2,1,0,3.37,9.52,0,52.2,184.6
Jayanagar,1494,3,3,0,2,18.73,2.37,2,66.9,178.61
Hebbal,761,2,1,2,23,4.54,11.78,2,67.9,109.55
Marathahalli,692,1,1,1,7,17.34,10.58,0,54.4,49.61
Whitefield,1027,2,2,2,15,10.84,4.92,1,97.3,134.61
Indiranagar,2547,5,5,2,21,23.25,5.1,3,69.6,328.34
Marathahalli,631,1,1,1,6,11.88,10.22,1,71.5,91.27
Hebbal,400,1,2,3,17,1.26,5.46,1,75.9,59.49
Hebbal,901,1,1,1,8,12.28,6.2,2,93.2,156.12
Hebbal,2250,3,4,2,2,19.99,9.0,0,72.0,180.65
Marathahalli,463,1,1,2,17,16.35,4.78,0,72.5,56.69
Koramangala,627,1,1,1,15,24.17,,2,54.4,65.24
HSR Layout,1387,2,3,0,20,21.16,0.64,0,76.2,126.34
Bellandur,4932,6,5,0,0,13.4,1.77,1,62.9,441.13
HSR Layout,569,1,1,0,20,5.56,,1,78.8,93.62
Sarjapur Road,557,1,2,0,25,0.59,0.74,1,58.0,55.47
Koramangala,1446,2,3,1,19,24.52,3.82,0,82.9,114.26
Indiranagar,2328,4,3,3,15,23.49,5.36,1,77.1,279.42
HSR Layout,851,2,3,0,11,7.22,1.4,2,68.5,166.64
Electronic City,492,1,2,2,5,16.14,0.97,1,45.8,30.25
Hebbal,1523,2,1,0,27,18.37,0.39,2,77.6,126.41
JP Nagar,1683,3,3,3,20,14.66,5.93,3,91.6,178.58
Sarjapur Road,3192,6,6,1,8,21.15,1.93,2,50.3,276.34
Whitefield,1722,3,3,3,20,2.41,8.33,3,45.1,147.29
Indiranagar,1892,2,3,3,12,22.46,6.02,0,42.4,210.52
Sarjapur Road,1039,3,4,3,23,10.1,0.42,1,41.9,115.72
Hebbal,4596,6,5,0,11,12.28,,2,90.5,439.21
JP Nagar,964,2,3,0,12,11.4,11.03,1,83.7,105.12
Koramangala,857,2,3,3,17,13.52,1.67,1,52.1,107.06
JP Nagar,3246,6,6,1,18,15.16,9.14,1,95.0,335.9
Marathahalli,533,1,2,0,18,17.9,3.11,0,48.1,46.13
JP Nagar,434,1,2,1,18,13.36,3.99,0,62.4,52.05
Marathahalli,1282,3,4,0,5,17.28,0.49,1,67.1,147.26
Koramangala,1199,2,1,1,15,8.79,6.76,3,44.6,181.43
Yelahanka,1059,1,2,0,6,23.45,5.71,1,60.8,92.61
Hebbal,2073,5,4,3,6,2.08,8.99,0,46.1,218.38
Marathahalli,728,1,1,2,27,13.87,,4,87.4,114.55
Whitefield,1243,2,3,2,22,2.64,6.66,0,42.8,116.51
JP Nagar,984,1,1,1,27,11.35,11.44,1,41.0,83.18
JP Nagar,735,1,1,1,18,6.81,1.95,2,83.9,94.4
Whitefield,1160,2,3,3,15,23.45,,1,86.9,91.29
Electronic City,1918,3,2,3,16,0.82,9.99,0,69.7,174.56
Bellandur,3852,6,5,1,21,10.08,6.73,2,59.1,381.0
Yelahanka,1650,2,2,2,18,19.66,6.65,2,54.2,91.36
Indiranagar,400,1,2,3,15,5.12,5.63,0,47.0,72.62
Marathahalli,1175,2,3,1,28,20.48,,2,69.1,137.0
Whitefield,1233,3,4,3,15,21.56,1.15,0,69.5,152.94
Koramangala,2008,4,3,3,18,17.85,1.26,1,67.4,257.65
Marathahalli,1328,3,4,0,14,5.62,2.44,1,86.7,175.14
Bellandur,2391,4,3,3,2,7.16,1.31,2,46.0,250.16
Koramangala,1488,2,1,1,14,4.59,1.46,1,80.2,185.45
Sarjapur Road,2828,5,5,3,24,5.01,7.72,1,64.1,259.5
Hebbal,943,2,1,1,27,1.39,1.6,0,54.5,126.65
JP Nagar,1299,2,2,0,15,21.5,5.69,2,80.9,124.09
Sarjapur Road,1891,3,3,0,19,13.45,,1,51.9,128.97
Marathahalli,876,1,2,2,4,8.53,3.38,0,53.9,95.03
Bellandur,777,2,2,0,18,7.59,,0,99.9,86.02
Yelahanka,849,2,3,0,9,13.85,0.57,2,93.3,89.32
Hebbal,795,1,1,1,12,8.5,10.55,0,81.8,73.35
Marathahalli,1600,3,2,2,14,21.66,9.16,0,58.9,130.9
Whitefield,437,1,2,0,11,5.67,11.07,0,72.2,80.17
HSR Layout,510,2,1,3,16,22.12,9.49,1,47.6,79.62
Marathahalli,3343,5,6,2,14,16.77,,0,60.0,292.75
Hebbal,805,1,1,0,27,23.94,1.47,1,44.1,31.54
JP Nagar,1340,2,2,2,3,0.87,10.06,2,76.6,156.85
JP Nagar,529,1,2,0,14,1.95,5.83,0,91.4,107.38
Marathahalli,1264,4,5,1,16,12.77,4.35,2,88.6,134.21
Koramangala,808,1,2,2,26,22.85,2.02,0,91.4,124.62
HSR Layout,508,2,2,2,10,18.4,0.21,1,50.5,78.32
Whitefield,2503,4,3,0,22,15.74,7.78,0,79.0,201.04
Marathahalli,2300,5,5,2,22,1.27,8.77,0,97.4,237.39
Koramangala,1131,3,3,0,14,9.18,4.78,0,87.0,175.33
JP Nagar,2079,4,4,3,19,8.97,2.14,1,40.2,195.62
JP Nagar,3418,6,5,2,20,13.78,1.91,2,92.9,343.14
Bellandur,1817,4,4,2,25,6.82,2.19,3,82.3,210.57
Marathahalli,1562,2,3,1,6,7.05,0.86,2,47.3,154.92
HSR Layout,1339,3,3,1,12,15.71,4.44,1,58.8,146.57
Electronic City,1715,3,2,2,21,23.64,7.47,1,47.1,138.81
HSR Layout,982,2,3,1,12,16.67,5.48,0,83.8,146.0
JP Nagar,1031,2,1,2,19,16.87,1.68,0,40.2,98.23
JP Nagar,1538,2,2,0,19,24.66,9.83,1,67.9,129.51
Sarjapur Road,925,3,2,2,1,4.26,3.59,2,100.0,181.68
JP Nagar,981,2,3,2,9,1.33,7.31,2,91.1,119.12
Whitefield,1200,2,1,3,17,18.77,3.1,0,75.2,111.6
Indiranagar,2260,4,5,1,27,11.25,7.22,1,81.6,331.89
Marathahalli,644,1,2,1,19,11.01,1.73,1,76.2,95.57
HSR Layout,1822,5,5,3,4,6.02,7.93,1,88.7,283.42
Indiranagar,1855,3,3,0,19,12.92,6.96,3,93.2,253.66
Koramangala,1849,2,3,0,29,11.33,6.33,2,86.0,231.39
Electronic City,770,2,1,0,18,8.96,2.76,1,50.9,77.29
Whitefield,473,1,2,3,26,11.35,6.44,2,62.4,36.6
Hebbal,1633,4,4,2,1,9.9,,1,87.1,241.93
Jayanagar,1330,3,2,0,3,23.53,1.68,3,89.4,178.42
HSR Layout,2085,3,4,0,29,24.52,8.5,1,77.7,178.1
Indiranagar,816,2,2,3,15,21.08,1.54,0,82.8,106.44
Hebbal,1823,3,4,1,26,24.77,4.19,4,50.5,150.8
Electronic City,2143,5,6,3,20,7.01,8.27,2,62.4,207.71
Sarjapur Road,1139,2,3,1,15,21.15,6.81,1,72.1,102.08
Hebbal,1509,2,1,0,16,10.46,8.2,3,99.0,160.83
Whitefield,1481,3,3,0,14,18.78,11.57,1,88.0,144.52
Whitefield,764,1,1,2,12,5.43,11.64,0,51.6,85.34
Sarjapur Road,1607,4,5,2,0,20.39,11.0,0,61.1,189.47
Jayanagar,2929,5,6,1,21,2.54,6.04,1,53.0,337.95
Marathahalli,1215,2,3,0,4,7.13,4.22,1,49.1,157.6
Hebbal,537,1,1,0,26,20.64,3.5,0,47.2,25.0
Sarjapur Road,822,1,1,3,19,18.81,6.99,1,97.9,80.8
Whitefield,451,1,2,0,0,12.78,5.55,0,94.4,100.04
Whitefield,2440,5,5,0,11,16.98,11.94,0,69.0,233.8
Indiranagar,1827,2,3,3,29,5.05,6.52,0,72.9,253.86
JP Nagar,911,2,2,3,22,16.86,,1,90.3,85.99
Jayanagar,550,2,3,0,14,0.7,7.7,1,78.9,135.46
Hebbal,759,2,1,2,3,20.91,0.72,0,84.0,115.36
Hebbal,845,2,3,2,18,13.15,1.51,1,87.5,89.94
Electronic City,1274,1,2,0,29,23.63,8.03,1,69.0,52.42
Sarjapur Road,1251,2,3,2,15,12.22,1.66,2,98.5,141.17
Electronic City,2510,5,6,3,22,11.11,9.11,0,77.7,196.55
Sarjapur Road,820,2,3,2,17,11.53,0.93,1,78.0,106.13
Koramangala,524,1,1,0,25,9.31,7.21,0,48.5,67.59
Whitefield,635,2,2,2,16,4.58,8.21,0,99.3,106.42
JP Nagar,1185,3,2,0,10,21.13,9.4,4,44.2,127.61
Indiranagar,804,2,3,2,19,10.03,,1,99.1,149.39
JP Nagar,1022,1,1,0,12,13.46,3.88,2,94.6,105.24
JP Nagar,935,1,1,0,23,0.99,8.69,2,91.4,108.81
JP Nagar,2069,3,4,2,28,1.98,1.15,2,80.4,214.84
Electronic City,869,1,2,2,21,15.13,9.99,1,76.5,47.82
Sarjapur Road,975,1,1,3,8,22.04,,0,99.8,79.23
Yelahanka,1780,3,2,1,16,12.59,,1,98.4,125.42
Koramangala,879,2,2,0,16,4.54,3.52,0,88.7,159.39
HSR Layout,1515,3,2,0,26,3.35,0.94,0,45.2,161.68
JP Nagar,1440,2,2,0,4,22.54,5.17,1,62.3,73.48
Marathahalli,1297,3,2,0,21,17.69,3.39,1,92.0,161.84
Electronic City,643,1,2,2,7,24.17,6.46,1,82.2,31.24
Jayanagar,2360,4,3,2,2,2.52,4.85,1,47.3,299.2
Indiranagar,4070,6,6,1,5,22.61,1.8,1,60.9,500.64
HSR Layout,1206,3,2,0,2,21.22,10.07,0,41.2,142.7
Yelahanka,675,1,1,1,7,22.38,10.4,0,93.6,54.2
Marathahalli,1219,2,2,3,11,0.64,9.8,1,84.8,154.59
Yelahanka,2068,4,3,1,26,18.68,2.68,1,66.2,145.05
HSR Layout,856,1,1,1,26,13.95,5.26,4,85.6,139.81
JP Nagar,1118,4,4,3,3,14.54,2.22,1,96.0,170.98
Marathahalli,1447,4,5,3,1,12.0,8.05,2,56.8,198.04
Yelahanka,2326,3,2,1,27,18.7,9.7,0,57.1,125.31
Indiranagar,1838,4,4,3,24,25.0,7.06,4,69.0,228.78
Sarjapur Road,1881,3,4,1,9,17.91,6.64,0,82.4,179.79
Whitefield,949,1,1,2,14,17.11,8.64,1,99.6,109.3
Sarjapur Road,1497,3,2,2,12,16.53,1.54,0,49.8,130.74
HSR Layout,807,2,2,1,23,17.53,,0,60.5,73.4
Electronic City,1910,3,3,3,14,8.88,3.9,0,61.8,122.14
Whitefield,2260,4,4,3,21,8.35,6.48,1,83.5,210.71
Koramangala,1627,3,2,2,18,19.72,11.72,3,93.2,225.56
Indiranagar,980,2,3,2,17,1.8,10.38,2,51.0,179.77
Koramangala,1073,1,2,3,12,19.1,3.12,0,82.8,132.39
Marathahalli,3241,6,7,3,19,20.44,2.95,2,94.6,292.97
Hebbal,989,1,2,3,19,13.28,5.34,0,47.3,57.54
Whitefield,2138,5,4,3,0,22.8,11.7,0,78.1,249.03
Koramangala,1446,3,3,1,24,12.09,,0,52.1,176.86
Koramangala,999,2,3,3,15,4.86,11.49,1,66.5,140.28
Yelahanka,573,1,2,2,25,9.35,2.45,0,47.6,49.99
Sarjapur Road,1348,1,1,2,7,22.69,10.66,2,81.0,122.39
Yelahanka,1262,2,2,0,22,24.85,10.0,0,64.1,95.87
Whitefield,3241,6,6,3,5,10.84,10.61,1,74.0,331.61
Whitefield,748,1,2,1,2,4.59,10.72,2,71.4,110.78
HSR Layout,4239,6,7,0,19,7.52,2.77,4,81.6,465.58
Yelahanka,1478,3,3,0,15,14.06,9.39,4,93.7,160.96
Bellandur,1477,2,1,1,1,14.52,8.25,2,56.8,147.47
Jayanagar,866,2,2,0,22,15.94,10.57,0,75.7,87.36
Sarjapur Road,1427,3,3,0,1,20.97,5.99,0,74.4,157.39
Whitefield,1557,2,3,2,29,17.92,5.08,2,58.9,139.3
HSR Layout,2009,5,4,0,14,6.89,8.77,2,70.0,259.12
Hebbal,701,3,2,1,9,10.18,3.38,0,42.4,101.38
Yelahanka,2601,4,3,3,0,21.08,9.88,2,65.6,188.29
Sarjapur Road,1464,3,4,3,21,16.02,3.57,2,56.2,144.78
Hebbal,1677,3,2,3,19,4.58,0.71,2,91.8,224.46
Yelahanka,1063,4,3,2,14,8.48,6.71,1,61.5,122.06
Koramangala,720,1,2,2,23,19.88,10.06,0,51.5,82.67
Hebbal,1249,2,2,2,0,4.72,8.35,1,71.8,182.96
HSR Layout,1330,2,1,1,24,17.43,11.87,0,88.7,171.47
Sarjapur Road,560,2,2,3,21,14.31,1.86,1,61.2,90.2
JP Nagar,1856,3,2,1,15,4.11,4.27,2,90.8,199.21
Marathahalli,2076,3,3,1,29,17.38,,1,59.6,152.38
Marathahalli,803,2,2,0,17,3.99,0.89,1,84.1,78.27
Sarjapur Road,684,1,2,3,23,10.26,0.71,1,46.9,49.72
Hebbal,1016,3,4,0,4,8.06,0.55,2,43.7,147.5
Yelahanka,1216,2,1,2,20,17.41,5.02,1,84.3,114.21
HSR Layout,1038,2,1,2,4,19.67,10.17,0,62.1,97.92
Jayanagar,1160,2,3,1,22,4.62,8.57,1,63.6,167.41
Marathahalli,1355,1,1,1,22,20.39,5.47,1,74.4,103.34
HSR Layout,565,1,1,0,9,0.68,3.32,0,99.2,142.23
Marathahalli,602,1,2,0,26,13.49,0.38,2,50.3,71.32
Koramangala,400,1,1,1,22,13.16,2.27,3,58.0,68.49
Yelahanka,2015,2,1,3,11,15.78,4.77,3,78.9,146.5
Koramangala,1210,1,2,1,9,6.37,4.57,1,82.1,181.6
Marathahalli,2135,4,3,3,1,0.74,,2,82.4,258.48
JP Nagar,642,2,1,0,23,11.64,11.97,0,75.7,99.97
JP Nagar,1216,4,5,2,0,2.25,5.48,2,75.3,190.93
Koramangala,1351,2,3,2,15,22.36,3.36,0,48.9,160.82
JP Nagar,881,1,1,0,28,4.75,5.0,2,90.1,103.7
Marathahalli,511,1,1,0,29,10.92,3.5,2,40.5,82.81
Sarjapur Road,3135,5,5,2,17,11.13,4.35,0,65.1,272.82
Koramangala,2591,5,5,3,26,14.05,1.69,1,52.9,283.92
Jayanagar,973,3,4,0,6,19.67,0.21,2,46.3,146.54
Jayanagar,1589,2,1,3,3,12.07,6.0,1,59.2,196.93
Electronic City,919,1,2,3,26,1.13,5.97,2,79.4,79.43
Hebbal,694,2,3,2,9,19.39,,2,69.8,99.24
Yelahanka,3278,6,5,3,9,2.51,10.03,1,92.4,295.49
JP Nagar,483,1,1,2,24,16.22,2.46,2,76.0,59.76
JP Nagar,1026,3,4,0,10,20.18,,2,55.2,132.93
Hebbal,1257,1,2,1,24,7.43,2.45,1,70.9,135.38
Whitefield,2976,4,3,1,29,11.5,3.52,0,53.6,253.65
Bellandur,1965,3,3,1,2,0.85,3.38,0,50.7,215.08
Koramangala,478,1,1,1,28,20.19,2.91,2,97.3,95.17
Indiranagar,1198,2,1,1,13,17.73,11.44,0,68.1,167.13
JP Nagar,1214,4,5,1,12,6.17,3.31,1,79.1,180.38
Yelahanka,1058,2,1,3,18,10.06,5.92,1,92.4,105.44
Electronic City,1687,3,2,3,24,17.54,8.88,1,59.3,119.28
Jayanagar,553,1,1,1,28,9.27,3.97,0,87.3,79.3
JP Nagar,958,3,4,0,9,4.48,0.34,0,87.3,158.57
Electronic City,1562,2,3,0,14,13.2,9.19,0,89.4,151.64
Marathahalli,1744,3,3,3,27,18.23,3.55,1,51.4,158.95
Marathahalli,1303,3,4,3,7,8.36,10.5,1,97.8,144.25
Bellandur,1024,3,4,1,16,3.48,6.0,2,56.5,101.59
Sarjapur Road,1123,2,1,0,5,20.82,7.57,1,86.6,114.83
Indiranagar,1803,5,4,2,6,6.69,11.42,2,49.7,284.19
Whitefield,1223,4,3,1,13,13.06,10.47,1,95.5,129.92
Bellandur,677,1,2,3,26,17.44,9.55,0,65.7,67.66
HSR Layout,609,1,2,3,29,8.27,6.46,1,80.1,70.89
Whitefield,529,2,3,3,7,16.39,2.2,0,91.0,101.75
Koramangala,2672,6,7,2,11,11.76,10.12,0,56.9,312.97
Yelahanka,1871,3,3,0,27,14.48,,1,63.3,122.18
HSR Layout,1132,2,2,3,17,14.97,,3,58.8,135.53
HSR Layout,935,1,2,1,13,20.69,9.24,0,57.0,95.95
Bellandur,875,1,1,2,0,16.58,9.68,0,70.6,101.58
Hebbal,2189,5,4,0,3,6.98,4.65,1,72.8,241.67
Sarjapur Road,3420,6,6,1,16,1.96,1.2,2,44.6,325.5
Hebbal,860,2,2,1,17,0.55,,2,80.4,121.46
Bellandur,2244,3,4,2,18,22.66,11.74,1,65.2,207.38
Koramangala,1219,3,4,2,3,23.58,10.33,1,93.4,225.07
Jayanagar,1068,2,3,2,27,2.81,10.13,0,93.1,159.89
JP Nagar,2745,4,5,3,27,12.43,7.66,0,83.2,297.48
JP Nagar,1193,2,3,0,5,4.21,1.57,0,91.2,172.79
Sarjapur Road,1412,3,2,3,7,23.74,10.39,3,95.4,154.55
Koramangala,1376,2,1,2,24,6.55,2.82,0,74.6,204.84
Sarjapur Road,491,1,2,2,14,12.79,3.32,2,98.3,90.02
Electronic City,1406,2,1,2,19,4.56,9.12,1,97.3,123.61
Hebbal,881,2,3,3,0,8.65,8.66,1,46.6,111.27
JP Nagar,549,1,2,1,29,7.04,1.06,1,71.4,71.69
HSR Layout,903,1,1,2,4,12.15,,1,46.9,87.03
Hebbal,899,3,2,3,15,10.78,9.85,1,81.0,128.54
Indiranagar,2114,4,3,2,20,8.6,11.41,1,85.9,288.97
Yelahanka,668,1,1,3,24,3.09,3.34,1,93.1,92.62
Koramangala,777,1,1,0,5,12.37,9.18,0,79.0,154.31
Whitefield,1366,3,3,0,20,21.33,6.17,1,67.2,124.1
Sarjapur Road,579,1,1,3,9,18.39,,3,49.4,43.77
Hebbal,835,2,3,2,9,18.15,10.8,0,47.5,89.58
Yelahanka,480,1,1,3,4,9.47,,1,69.1,48.01
Hebbal,1990,4,5,0,7,17.86,8.36,1,90.0,289.25
Whitefield,1017,1,2,3,26,11.91,7.19,1,85.0,126.88
Yelahanka,1190,2,1,0,0,4.18,7.79,1,92.8,157.29
Indiranagar,1986,4,4,0,4,10.77,6.3,0,88.7,318.29
Whitefield,807,1,2,1,0,3.75,6.49,1,52.3,82.63
Bellandur,1011,2,3,2,6,3.3,10.26,0,52.0,137.93
Marathahalli,671,1,1,3,29,1.06,3.77,0,67.5,83.76
Bellandur,670,1,1,2,14,7.43,8.89,3,51.5,102.45
JP Nagar,723,2,3,2,22,8.61,3.37,0,51.2,91.06
Hebbal,915,2,1,0,28,17.64,1.03,1,56.1,60.59
Marathahalli,971,3,3,0,25,13.68,10.86,1,41.4,123.63
Bellandur,1406,3,2,3,23,21.53,5.05,0,74.3,149.86
Marathahalli,735,1,1,3,13,4.82,8.26,3,63.8,87.86
Jayanagar,1431,3,2,3,22,7.02,9.14,1,54.2,171.61
Hebbal,1567,4,3,0,26,23.56,9.6,4,48.1,154.3
Marathahalli,928,4,5,1,8,11.38,2.87,3,67.4,135.71
HSR Layout,771,3,2,3,7,19.83,7.94,1,76.1,124.25
Sarjapur Road,1257,2,3,0,7,12.56,9.17,2,98.4,161.99
Sarjapur Road,1073,2,2,1,2,12.04,1.61,1,55.2,112.54
HSR Layout,1355,2,2,2,25,4.13,1.87,1,41.6,150.64
Yelahanka,2846,5,6,0,19,21.35,4.49,1,84.2,212.91
Electronic City,1246,2,1,3,3,2.42,,1,54.1,110.96
Yelahanka,844,3,3,3,16,8.1,9.61,0,69.1,115.65
Whitefield,735,1,1,1,5,17.0,,4,88.5,113.78
Whitefield,751,1,1,1,1,12.93,6.08,1,42.2,73.89
Marathahalli,537,2,3,0,8,22.09,1.46,1,48.5,45.53
Bellandur,2004,5,5,1,13,1.46,1.53,2,45.9,247.6
Bellandur,400,1,1,0,0,16.41,,1,54.0,54.23
Sarjapur Road,1570,4,4,1,16,12.2,10.62,0,50.4,151.39
Koramangala,744,2,2,2,10,4.28,9.35,1,59.0,123.46
Yelahanka,905,1,2,3,28,18.71,10.6,2,84.8,52.52
Jayanagar,732,1,2,3,25,10.58,6.87,0,42.5,91.04
Hebbal,2658,3,2,2,26,13.52,2.81,3,44.4,207.24
JP Nagar,1211,2,2,3,5,24.2,0.58,1,73.9,98.69
Indiranagar,1853,4,5,3,28,12.41,11.3,1,71.2,258.13
Bellandur,2454,5,4,3,0,20.67,5.81,1,68.4,260.95
Hebbal,1313,2,1,3,27,19.35,,0,71.0,141.93
Indiranagar,622,1,1,2,18,16.74,8.85,3,84.5,114.67
Hebbal,1063,2,1,0,15,22.47,10.02,4,74.6,75.78
Marathahalli,798,1,2,3,25,6.66,2.69,0,67.4,65.84
Indiranagar,910,2,1,2,17,20.61,8.22,3,44.9,131.8
JP Nagar,1139,2,1,3,28,9.76,8.73,0,98.5,129.36
Hebbal,1115,1,2,2,10,20.41,6.72,2,54.4,83.41
HSR Layout,1505,3,2,2,8,12.6,10.06,1,92.1,174.64
JP Nagar,1630,3,2,0,20,21.51,11.86,3,62.7,155.02
Indiranagar,1115,3,2,1,5,22.42,0.32,2,81.0,161.35
JP Nagar,1498,2,1,0,1,15.14,5.57,3,67.2,150.21
Hebbal,887,2,2,0,7,12.94,9.1,2,61.2,105.38
Electronic City,2473,5,5,3,21,19.69,,3,76.9,242.77
Hebbal,879,1,2,2,15,7.04,5.72,1,72.2,93.41
Hebbal,2318,3,2,1,26,0.88,10.14,1,53.9,243.89
Marathahalli,533,2,3,2,27,10.47,8.17,0,60.2,106.4
Yelahanka,973,2,2,3,7,12.94,6.67,2,42.1,65.22
HSR Layout,1000,2,1,2,7,7.78,,0,51.6,96.12
Jayanagar,1399,3,2,3,13,9.89,4.53,2,60.1,186.7
Bellandur,1928,2,2,0,0,3.76,11.87,1,98.3,226.47
Whitefield,604,2,1,0,6,7.29,,1,71.6,119.71
Yelahanka,652,2,1,3,1,6.38,,1,82.0,73.58
Whitefield,555,1,1,0,14,7.87,10.34,1,80.4,85.25
Marathahalli,2480,6,7,2,26,7.83,1.8,2,98.9,281.43
HSR Layout,1413,3,4,1,23,14.19,,2,73.3,173.37
Hebbal,661,1,1,1,27,6.64,10.64,1,75.1,75.11
Sarjapur Road,940,1,1,2,17,23.55,5.76,3,58.0,71.69
Bellandur,2299,3,4,1,3,13.03,,1,77.6,294.76
Electronic City,1030,2,3,2,17,3.66,10.63,0,85.5,88.54
Sarjapur Road,997,2,1,3,28,7.35,4.97,3,46.2,134.89
Marathahalli,781,1,2,1,22,18.38,5.89,2,68.8,61.77
Yelahanka,683,2,2,3,4,0.83,1.52,1,65.3,75.53
Electronic City,2301,5,6,3,28,23.48,11.9,0,46.8,151.0
JP Nagar,3013,6,6,2,26,11.41,11.69,4,60.5,294.67
Indiranagar,698,2,2,1,15,13.27,,1,72.1,126.26
Electronic City,2599,4,3,0,12,24.72,10.26,1,79.0,196.75
Jayanagar,918,2,3,0,26,12.83,8.9,2,57.3,103.41
Marathahalli,1609,3,2,0,8,23.72,1.93,1,68.6,168.35
Koramangala,2606,6,7,0,4,22.92,0.48,0,84.0,326.04
Indiranagar,1108,2,1,2,26,23.56,0.37,2,65.3,113.26
Whitefield,1002,2,1,3,7,20.4,0.98,1,96.4,121.33
Bellandur,1864,3,2,1,17,7.76,7.6,2,41.8,172.82
Whitefield,652,1,2,2,2,8.99,6.01,1,55.6,67.76
Electronic City,2255,3,2,0,5,9.44,11.96,0,48.0,171.71
Whitefield,1298,2,2,1,10,24.49,3.58,1,72.5,124.85
Jayanagar,873,3,4,2,22,9.34,8.76,0,50.6,132.88
Marathahalli,861,1,1,3,13,3.16,4.77,0,84.5,117.03
JP Nagar,561,1,1,0,25,19.57,1.36,1,95.1,51.44
Yelahanka,894,2,1,1,23,9.47,10.55,1,52.4,49.65
Bellandur,1038,1,1,1,18,15.71,4.92,0,94.4,94.16
Jayanagar,669,1,1,0,6,23.15,11.02,0,77.9,67.04
Jayanagar,1170,3,4,3,23,14.6,11.26,0,51.8,99.05
Whitefield,1556,3,3,0,9,16.12,9.88,2,84.2,166.83
Whitefield,1067,1,2,3,14,16.25,0.53,0,45.5,83.2
Electronic City,1728,4,5,1,5,15.5,11.6,3,81.5,159.99
Yelahanka,770,1,2,0,19,4.41,1.67,0,91.7,95.14
Sarjapur Road,2084,3,2,3,28,11.68,11.19,1,97.0,193.81
Whitefield,1283,3,2,3,5,0.69,7.36,1,43.3,159.2
Marathahalli,2807,6,6,2,15,15.84,4.65,0,43.7,237.31
Koramangala,4527,6,6,3,8,14.6,8.71,0,95.8,520.47
Bellandur,927,3,4,0,18,8.29,6.18,2,87.4,160.64
Hebbal,948,1,1,0,17,13.34,9.57,0,86.5,77.08
Whitefield,1048,2,1,3,4,12.58,6.26,1,84.6,131.59
Marathahalli,1665,3,2,0,15,6.65,4.55,2,83.0,181.22
Marathahalli,2488,5,5,1,6,7.69,4.46,1,76.8,276.08
Bellandur,838,1,1,1,18,19.18,4.38,1,88.8,95.9
Sarjapur Road,1480,2,3,0,4,19.02,5.78,1,42.1,105.63
Marathahalli,1114,1,2,3,19,12.01,1.5,2,84.4,107.01
Koramangala,1686,2,3,1,10,18.08,8.01,1,75.0,169.8
Marathahalli,2753,4,3,3,22,11.54,,0,94.4,236.29
Marathahalli,1051,2,3,0,17,21.36,6.83,2,96.2,135.15
Marathahalli,479,1,2,2,27,8.65,6.41,1,54.5,75.37
JP Nagar,1807,3,3,1,26,23.22,10.31,2,87.4,163.12
JP Nagar,759,3,3,0,28,13.79,10.37,0,97.4,142.63
Sarjapur Road,1109,2,1,1,6,13.62,11.87,0,56.0,94.14
Whitefield,1850,4,3,3,27,16.93,3.05,2,91.1,194.69
Marathahalli,1413,3,2,2,17,8.85,0.61,2,75.2,113.53
Yelahanka,1135,4,3,2,2,18.25,5.21,1,63.7,114.32
Whitefield,874,1,1,0,4,8.35,10.78,0,89.4,114.7
Sarjapur Road,400,1,1,1,22,10.24,7.28,1,92.2,56.71
HSR Layout,1762,4,4,2,12,17.03,4.61,1,57.0,220.5
Whitefield,1044,1,1,1,15,9.77,9.31,0,87.7,81.73
Whitefield,2758,5,6,3,21,5.4,8.61,2,43.0,232.3
Indiranagar,1494,3,4,3,11,21.86,8.62,2,65.1,210.06
Electronic City,891,2,2,0,6,23.09,6.27,3,44.2,30.69
Hebbal,2158,3,3,2,26,15.85,6.46,3,57.6,210.87
Indiranagar,2260,4,3,2,21,20.37,6.76,2,97.0,297.06
Koramangala,1064,2,2,1,12,24.67,6.72,2,84.1,153.35
JP Nagar,2314,4,3,3,27,15.56,2.63,1,85.3,222.73
JP Nagar,884,2,2,2,0,22.77,3.1,1,48.1,94.73
Electronic City,1310,3,2,0,14,9.3,4.61,0,74.7,122.96
Bellandur,1643,2,2,0,20,17.66,10.29,1,63.3,162.26
Bellandur,1848,3,2,2,11,1.87,5.66,4,84.1,243.36
Sarjapur Road,1689,2,3,0,16,19.83,11.13,1,49.4,137.5
Jayanagar,999,2,3,2,22,20.83,9.56,3,56.9,118.62
Electronic City,2190,3,2,2,19,10.33,10.37,1,93.9,198.44
Hebbal,1121,1,1,2,4,16.15,1.78,1,50.2,102.51
Whitefield,878,2,3,2,16,21.53,1.96,3,77.9,110.75
Bellandur,885,1,1,1,23,22.15,2.99,0,58.9,48.1
Hebbal,3488,6,5,2,14,3.11,8.02,1,44.9,323.59
Marathahalli,798,3,3,0,19,20.77,5.82,0,53.4,73.31
Jayanagar,2442,5,6,3,18,7.22,2.2,0,92.2,342.64
Yelahanka,643,1,2,1,0,18.32,9.0,2,94.6,95.37
Whitefield,1569,3,2,3,3,8.47,6.31,1,65.2,154.38
Koramangala,1413,2,2,3,2,1.88,8.83,1,77.3,208.48
Marathahalli,2927,5,6,3,7,5.64,10.93,1,71.2,282.55
Marathahalli,837,3,3,3,8,10.51,10.99,2,56.8,88.78
Electronic City,719,1,2,3,11,18.66,3.75,1,60.7,50.81
Jayanagar,1126,2,1,0,4,2.97,2.07,0,71.6,139.8
Sarjapur Road,2998,6,6,2,8,20.42,5.32,1,81.7,286.82
Koramangala,738,1,1,0,0,24.93,1.19,0,61.0,72.31
Bellandur,400,1,1,1,22,19.81,0.72,0,81.9,62.42
Hebbal,1240,1,1,0,10,12.11,,2,97.7,152.5
Electronic City,2023,4,3,1,29,14.42,11.67,1,41.5,162.65
Bellandur,687,1,1,2,6,0.65,4.35,0,49.8,54.03
Electronic City,1913,4,5,3,21,5.63,9.88,2,95.0,178.62
Electronic City,679,1,1,2,19,22.53,2.84,1,44.3,42.39
Electronic City,1107,2,3,0,28,1.03,,2,85.9,125.69
Jayanagar,1815,4,3,0,26,22.67,8.77,2,77.4,194.48
Sarjapur Road,625,1,2,2,24,3.27,6.7,2,42.9,85.87
Electronic City,1326,3,4,2,13,3.76,9.89,0,40.0,123.47
HSR Layout,2341,4,4,0,2,4.8,11.76,1,70.1,321.96
Yelahanka,1557,2,2,2,26,20.08,0.31,2,47.0,96.08
Bellandur,807,1,1,1,10,12.22,11.11,2,92.3,100.49
Whitefield,2767,5,4,1,16,4.06,5.08,3,68.8,307.39
Indiranagar,1724,3,2,0,17,17.33,5.01,1,54.1,199.14
Hebbal,431,1,1,0,18,23.55,,1,50.1,38.29
Koramangala,1930,3,4,2,17,14.53,10.05,4,90.1,247.23
JP Nagar,876,1,1,2,5,2.92,9.16,3,83.1,137.34
Sarjapur Road,1337,3,2,3,28,1.84,10.75,0,83.1,152.01
Whitefield,2089,3,4,1,14,20.0,2.17,0,45.1,182.28
Marathahalli,887,1,1,0,29,15.84,2.74,0,77.5,63.38
HSR Layout,485,1,1,0,6,23.11,3.78,2,92.2,50.47
JP Nagar,2747,4,4,0,4,13.91,6.46,1,86.0,286.3
Indiranagar,2277,3,4,0,4,2.03,4.27,1,47.1,301.78
Whitefield,1144,2,2,3,6,10.39,3.74,2,97.0,143.11
JP Nagar,1919,3,2,1,21,16.62,2.36,2,44.2,159.35
Whitefield,979,3,2,3,11,9.93,2.08,3,73.4,139.48
Hebbal,1266,2,1,1,7,24.99,5.78,1,96.7,146.34
HSR Layout,1108,1,2,0,24,10.43,5.46,0,89.3,135.17
Indiranagar,1001,2,1,1,17,13.88,9.46,1,80.8,174.47
Marathahalli,1462,2,2,0,27,6.02,9.92,1,91.4,140.33
Electronic City,617,2,3,3,17,4.23,8.47,3,80.4,118.7
Bellandur,1045,3,2,1,16,16.31,10.01,4,43.3,104.08
Marathahalli,1427,2,1,2,22,14.92,1.48,1,61.1,87.1
Electronic City,3298,6,6,1,10,0.61,5.6,1,65.6,312.17
Jayanagar,631,2,2,0,14,7.48,3.58,0,72.8,95.53
Jayanagar,1598,2,3,2,29,16.27,3.17,1,53.8,167.2
Jayanagar,1697,2,1,0,19,20.4,8.61,2,92.9,184.65
Sarjapur Road,427,1,1,2,24,8.15,10.01,2,53.7,55.07
Yelahanka,1504,2,2,2,5,16.36,1.55,2,79.5,148.9
Koramangala,1947,3,4,1,11,7.0,1.66,4,92.6,248.14
Koramangala,1659,3,3,1,22,17.41,7.74,2,84.0,225.33
Jayanagar,1146,2,2,2,28,17.6,1.9,2,48.2,120.81
Bellandur,1441,3,4,2,6,3.69,9.27,2,97.1,194.02
Indiranagar,1318,2,1,2,7,16.79,9.98,2,45.5,158.04
HSR Layout,474,1,1,0,3,8.67,6.37,3,52.0,96.46
Indiranagar,1335,1,1,1,2,4.73,10.92,2,48.4,159.84
HSR Layout,981,2,3,0,2,12.76,0.44,1,80.0,143.84
Indiranagar,814,2,3,1,9,11.58,2.87,1,88.4,185.47
Yelahanka,4707,6,7,3,23,19.46,,1,54.3,291.73
Sarjapur Road,2390,3,4,0,27,2.57,11.5,0,98.8,239.65
Sarjapur Road,637,2,3,1,14,19.85,,2,48.4,72.79
Jayanagar,1452,3,3,2,12,3.1,0.2,3,59.0,208.43
Electronic City,2676,5,4,2,18,5.58,7.66,2,69.4,209.39
JP Nagar,527,1,2,1,7,13.14,0.52,2,88.5,92.26
Sarjapur Road,1252,1,1,2,17,11.85,8.46,1,62.6,108.21
Sarjapur Road,1285,4,5,2,4,24.73,9.26,2,50.8,137.0
Marathahalli,595,1,1,3,20,14.94,10.32,2,67.9,78.52
Marathahalli,1479,3,3,3,6,8.52,6.45,1,68.6,163.87
Electronic City,2217,5,4,3,4,22.55,10.23,1,41.0,180.46
Hebbal,2750,5,4,0,24,8.15,11.1,0,41.3,229.0
JP Nagar,1046,1,2,3,18,7.21,6.49,0,56.7,87.61
Bellandur,4750,6,5,3,24,12.61,6.38,2,84.5,420.88
Marathahalli,400,1,1,3,16,22.87,6.17,1,62.0,26.7
Bellandur,1460,3,3,1,18,17.86,6.15,1,52.7,138.1
Whitefield,552,1,1,2,3,17.1,9.34,1,46.8,41.63
Marathahalli,1261,2,3,1,21,18.29,0.99,1,56.8,82.09
Yelahanka,901,2,3,3,25,16.66,5.54,0,68.9,78.01
Hebbal,1586,4,5,0,23,19.12,6.38,0,45.6,151.49
JP Nagar,1119,2,3,1,6,5.22,2.73,0,40.9,127.51
Electronic City,762,1,2,3,23,4.84,6.59,1,47.6,107.12
Whitefield,790,1,1,0,21,9.37,5.58,1,84.3,67.97
JP Nagar,3474,6,5,0,5,21.35,8.9,3,68.0,326.31
Jayanagar,1532,2,2,0,13,18.0,4.37,3,66.7,167.85
Yelahanka,471,1,2,2,21,14.38,11.41,2,41.2,37.87
JP Nagar,1625,3,3,0,18,0.98,,2,82.7,231.01
Yelahanka,1078,2,1,3,29,6.28,7.64,0,52.1,32.72
Yelahanka,1203,2,3,1,25,20.19,2.82,0,45.5,65.55
Bellandur,1884,3,3,1,19,6.44,8.33,0,90.5,207.55
Indiranagar,2300,6,6,3,10,18.39,6.26,0,69.1,342.64
Jayanagar,748,2,1,2,21,5.02,4.24,1,84.9,141.24
Whitefield,1181,1,2,2,28,15.36,4.31,2,89.3,83.77
JP Nagar,889,2,3,0,6,15.89,4.63,1,97.9,126.0
HSR Layout,1666,4,3,3,2,18.92,5.36,2,77.4,197.64
Whitefield,1056,2,1,0,19,11.24,3.12,0,44.1,93.18
Indiranagar,1219,2,1,0,21,16.0,3.47,1,73.5,153.56
Whitefield,1034,1,1,3,16,12.43,11.51,1,70.6,91.9
Sarjapur Road,1132,2,3,2,10,23.71,3.75,2,43.5,127.92
HSR Layout,3064,5,6,2,14,13.29,7.6,1,58.4,317.91
Indiranagar,4469,6,6,1,6,5.64,4.28,1,64.7,549.46
Bellandur,1477,4,4,3,28,16.86,9.77,0,49.7,127.34
JP Nagar,1136,2,2,0,14,13.94,,2,40.5,47.7
Hebbal,499,2,3,3,26,20.19,4.07,0,85.4,77.29
Koramangala,790,1,2,0,16,4.83,8.66,2,91.1,128.88
Indiranagar,1119,1,2,1,10,6.89,9.13,0,53.7,152.18
Electronic City,810,2,2,1,28,23.08,,2,40.2,99.46
JP Nagar,858,3,2,1,27,23.29,,2,93.4,106.46
Jayanagar,2854,6,5,1,28,11.34,9.73,1,48.0,311.91
Indiranagar,1219,2,1,0,11,1.67,0.79,3,64.2,209.91
Sarjapur Road,1281,3,2,2,12,8.01,6.19,3,62.0,170.72
Koramangala,828,2,1,0,25,6.55,10.11,1,49.9,105.81
Sarjapur Road,2293,5,6,1,10,10.66,11.44,0,75.9,247.14
Koramangala,1068,2,2,2,10,8.29,,3,95.1,180.5
Jayanagar,901,2,1,3,24,20.81,4.07,0,70.8,105.91
Hebbal,503,1,1,0,25,0.57,7.34,2,98.4,111.57
Electronic City,1160,2,1,3,8,16.29,0.52,0,51.4,91.67
JP Nagar,886,2,3,1,10,16.77,5.58,2,90.9,102.41
Bellandur,3031,6,5,3,24,16.69,8.78,4,55.4,296.73
Sarjapur Road,3308,6,6,2,3,13.25,0.63,0,55.0,322.33
Sarjapur Road,608,1,2,2,1,15.47,7.32,3,47.1,57.04
Yelahanka,647,1,2,2,22,20.36,7.14,1,91.8,67.05
Koramangala,1031,2,3,0,28,19.71,2.44,0,83.5,139.52
Marathahalli,766,1,1,3,3,1.35,6.92,0,60.5,105.02
Hebbal,1352,3,2,3,13,1.25,5.03,2,61.0,206.13
JP Nagar,1003,1,1,3,4,21.05,5.85,0,90.7,97.56
Koramangala,1400,2,1,1,16,14.58,4.04,2,95.7,169.93
Yelahanka,2098,4,4,0,26,23.96,,2,76.1,136.62
Whitefield,668,1,2,0,11,11.07,4.51,0,64.4,67.15
Koramangala,2074,4,3,3,25,4.83,9.53,1,43.2,231.88
Bellandur,804,2,2,0,28,12.09,1.1,0,47.6,85.25
JP Nagar,3912,6,7,3,5,11.2,3.49,3,48.5,337.64
Hebbal,2927,5,6,3,11,13.17,4.95,1,56.6,286.06
Yelahanka,1128,3,4,3,14,20.29,4.97,1,55.4,114.61
Whitefield,706,1,1,2,22,16.56,5.41,3,72.6,71.02
HSR Layout,636,1,2,1,18,5.04,7.9,1,96.6,95.85
Yelahanka,1940,4,3,0,9,18.49,6.97,0,91.7,155.23
HSR Layout,1180,2,2,1,1,15.0,6.35,2,70.5,175.51
JP Nagar,1998,3,4,2,28,14.67,10.08,2,41.0,164.11
Sarjapur Road,4034,6,6,0,11,17.12,2.51,2,44.1,343.25
Yelahanka,786,1,1,3,11,14.32,10.35,1,91.6,79.42
Electronic City,610,1,1,1,25,11.71,9.77,1,57.0,76.75
HSR Layout,1334,4,3,2,6,16.19,2.51,1,59.1,166.22
Bellandur,2252,2,3,0,0,18.23,7.56,2,48.4,187.17
Electronic City,715,1,2,0,17,6.03,2.83,2,53.4,83.11
Indiranagar,1223,3,3,1,2,12.68,11.33,0,54.8,197.22
Indiranagar,2549,3,2,1,19,11.73,,1,64.7,291.23
Whitefield,489,1,1,0,4,1.48,2.6,1,77.4,96.98
Hebbal,1366,3,2,0,19,20.94,7.71,1,61.2,140.65
Sarjapur Road,892,1,1,2,14,9.75,8.55,1,67.0,83.16
JP Nagar,1285,4,4,3,9,2.28,7.34,0,50.9,182.12
Yelahanka,1773,2,1,3,18,11.72,3.05,0,43.4,115.09
Marathahalli,1355,2,2,2,0,4.46,8.88,1,60.9,153.33
Bellandur,688,2,3,0,6,17.76,11.17,0,43.7,65.48
HSR Layout,911,2,2,1,27,14.51,11.44,0,58.0,91.13
JP Nagar,2630,5,5,1,25,7.12,8.22,3,90.3,265.46
Electronic City,1438,2,1,0,21,23.79,10.11,0,62.0,79.03
Jayanagar,1905,4,4,2,17,7.65,11.75,1,51.6,250.57
Indiranagar,1377,4,5,0,1,14.1,0.71,1,94.1,240.5
Jayanagar,1873,4,5,1,18,20.14,5.83,1,78.4,217.51
Bellandur,965,1,2,0,23,13.09,3.64,0,99.3,96.09
Marathahalli,787,1,2,0,23,24.04,5.8,0,58.0,55.12
Yelahanka,1826,3,3,2,9,21.17,11.02,0,52.0,154.01
Whitefield,2231,3,4,3,14,23.06,11.8,0,57.9,182.26
Marathahalli,726,1,1,1,9,9.63,10.88,0,88.7,58.17
Bellandur,874,2,2,1,25,13.93,2.53,0,49.1,90.68
Marathahalli,1097,2,1,0,27,21.08,9.67,0,54.5,68.82
Bellandur,2925,6,6,1,9,22.64,9.85,0,82.1,306.47
Bellandur,1636,4,4,1,26,23.64,,0,84.3,178.37
Koramangala,579,1,1,3,29,22.04,8.64,1,97.5,70.54
HSR Layout,1140,3,4,1,11,18.4,10.88,3,98.8,157.39
Jayanagar,1048,1,2,1,7,1.09,11.93,0,79.8,138.73
Indiranagar,629,1,1,2,22,8.22,,3,61.8,135.44
Koramangala,1133,3,2,2,13,3.66,,1,67.2,172.94
Yelahanka,1023,1,1,2,1,4.29,11.23,1,66.4,92.53
Koramangala,984,3,3,2,16,7.63,4.08,1,63.2,171.16
Sarjapur Road,959,3,4,2,5,2.33,,1,60.3,141.38
Sarjapur Road,2696,6,5,3,26,6.45,3.9,2,50.1,217.74
Indiranagar,982,1,1,1,7,23.95,6.32,0,62.0,86.54
Marathahalli,1233,2,3,0,0,8.14,4.76,2,98.2,165.71
HSR Layout,1162,3,3,3,2,4.41,,1,92.9,183.6
Indiranagar,909,1,2,0,14,18.1,,0,77.0,148.54
Bellandur,1254,2,1,2,16,20.8,5.33,2,51.6,83.28
Electronic City,1244,3,3,1,25,8.19,11.97,3,92.7,116.43
HSR Layout,1254,2,1,2,24,7.32,10.65,2,58.7,117.39
Hebbal,748,1,2,3,6,6.42,10.37,2,72.7,127.34
Jayanagar,1071,1,1,0,13,10.13,6.89,1,94.7,124.56
HSR Layout,1823,3,2,1,23,2.64,9.4,1,60.1,227.09
Bellandur,1087,3,2,3,24,16.89,4.16,1,94.8,158.66
Bellandur,1312,2,2,3,2,20.64,4.09,0,54.1,141.83
Whitefield,1315,2,3,1,25,16.76,10.73,2,95.7,110.2
Indiranagar,1510,3,2,1,26,10.82,7.24,0,61.5,192.21
Bellandur,1632,2,2,3,17,7.58,4.25,1,62.5,124.5
Sarjapur Road,1090,3,4,0,21,10.53,10.17,0,73.2,152.77
Yelahanka,727,3,4,0,4,10.88,5.42,1,60.8,99.31
Electronic City,614,2,3,3,19,16.82,4.92,0,67.0,76.29
Jayanagar,2100,3,2,3,21,23.24,,1,70.1,200.39
Indiranagar,1833,5,4,2,14,2.23,8.21,0,69.5,296.56
JP Nagar,1715,4,3,2,5,23.86,6.49,0,97.7,192.16
Sarjapur Road,1875,3,4,0,27,22.8,3.88,3,56.9,155.56
Hebbal,1098,1,2,2,2,3.38,1.84,1,57.1,146.46
Marathahalli,851,2,1,0,29,5.0,2.35,2,90.3,77.65
Bellandur,700,1,1,1,17,8.13,2.85,0,63.5,81.79
JP Nagar,659,1,2,2,24,14.21,10.41,2,44.4,81.08
Bellandur,2337,4,5,0,23,3.79,5.87,1,68.9,236.27
HSR Layout,915,1,1,0,29,5.41,8.41,0,73.0,125.23
Sarjapur Road,2144,3,3,3,19,22.62,,1,77.1,156.48
HSR Layout,1083,3,2,0,21,3.18,5.79,0,54.1,167.86
Whitefield,827,2,3,2,2,10.27,9.9,1,98.4,116.0
HSR Layout,657,2,3,3,26,19.19,9.3,0,84.2,95.4
Whitefield,868,2,2,3,7,22.27,,0,83.2,108.38
Hebbal,2618,4,5,2,18,8.73,7.58,0,92.4,285.33
Whitefield,661,1,1,1,17,4.53,8.23,3,41.6,58.74
JP Nagar,3844,6,6,2,14,18.56,4.98,2,76.8,377.76
Bellandur,756,1,2,2,22,19.43,1.01,3,89.1,77.0
Marathahalli,1813,2,3,3,13,24.51,4.58,1,42.1,177.34
Jayanagar,1108,2,1,2,15,3.92,4.43,0,85.4,144.69
HSR Layout,1006,2,3,1,2,17.88,8.35,1,99.4,175.35
Jayanagar,596,2,2,1,28,10.72,9.75,0,75.6,65.79
Sarjapur Road,1137,1,1,1,24,22.91,4.87,0,65.5,62.33
Whitefield,635,3,4,3,14,10.49,7.82,2,67.2,55.8
Bellandur,476,1,2,2,18,11.43,7.79,0,80.8,98.08
Electronic City,1282,2,3,0,7,3.61,7.85,1,74.2,144.82
Indiranagar,846,3,4,2,1,8.36,6.74,2,87.3,169.87
JP Nagar,3030,6,6,1,24,10.32,7.62,0,65.3,269.91
Marathahalli,2080,4,3,2,16,0.93,10.44,1,65.0,173.44
Koramangala,3052,5,5,3,11,11.22,11.08,1,84.8,381.22
JP Nagar,825,2,3,2,18,8.74,,1,78.7,109.5
Hebbal,1293,2,3,3,10,20.19,0.34,0,86.7,167.4
Electronic City,400,1,1,0,29,3.12,6.32,1,93.2,61.1
Indiranagar,1028,3,3,0,17,19.13,5.07,1,55.8,170.96
Electronic City,1267,2,3,3,12,17.99,5.52,1,58.9,83.03
HSR Layout,1306,2,2,2,13,6.42,,2,71.6,161.32
Whitefield,1172,2,3,1,28,2.54,10.76,2,95.8,139.06
Marathahalli,1245,2,2,3,11,21.12,7.71,1,90.1,117.0
Yelahanka,400,1,2,2,14,6.61,5.42,2,68.1,75.64
Whitefield,1382,2,2,2,22,4.07,5.57,2,74.4,161.16
Yelahanka,1566,4,5,2,20,9.3,10.17,2,82.7,130.53
Jayanagar,2505,4,3,1,7,10.32,2.76,0,71.4,286.35
Indiranagar,1470,2,1,1,1,8.49,0.37,1,45.9,193.63
Bellandur,1117,2,2,1,7,24.42,5.84,2,61.2,133.34
Koramangala,2203,3,2,3,22,22.08,11.53,0,42.9,234.14
Sarjapur Road,400,1,2,3,27,21.89,9.81,1,80.2,54.08
Whitefield,904,2,2,1,26,10.27,5.02,1,60.2,94.28
Marathahalli,788,2,2,3,4,24.09,2.27,1,84.3,104.86
Hebbal,1177,3,4,1,1,17.26,6.93,3,65.8,140.22
Hebbal,400,1,2,3,9,20.88,10.58,3,42.7,38.54
Electronic City,2480,4,5,2,26,12.77,,1,62.8,177.81
Marathahalli,1046,2,2,1,22,4.44,6.57,0,53.1,121.3
Indiranagar,1430,3,4,3,9,22.23,8.87,2,52.9,186.45
Jayanagar,1357,3,2,2,3,12.42,11.58,0,62.7,172.74
Yelahanka,2403,5,5,2,3,24.23,6.72,0,98.7,210.36
Electronic City,431,1,2,3,7,6.74,6.75,0,97.6,93.93
Hebbal,1276,2,2,2,5,24.81,5.85,2,88.2,178.13
Sarjapur Road,2254,5,4,0,24,5.95,6.89,1,54.7,216.75
Sarjapur Road,1137,1,1,1,26,9.52,7.69,0,85.8,104.89
Whitefield,711,1,2,1,14,15.05,2.61,4,40.9,90.54
Indiranagar,861,1,1,2,17,17.49,6.9,0,43.4,80.79
Bellandur,967,1,2,3,20,18.15,0.36,0,90.1,87.47
Hebbal,807,1,1,0,21,12.17,,0,73.9,44.28
Indiranagar,1103,3,4,3,7,2.38,0.65,2,62.4,222.95
Jayanagar,2751,5,6,1,19,12.65,11.51,1,84.4,328.55
Yelahanka,864,2,2,2,26,8.7,11.63,1,46.9,97.9
Marathahalli,918,3,3,0,6,16.61,,2,57.2,103.45
Hebbal,1545,3,2,2,26,4.97,4.12,2,83.7,164.42
Sarjapur Road,1090,4,3,0,22,10.15,2.38,0,52.4,131.58
Marathahalli,578,1,1,2,19,24.17,2.11,0,76.0,50.19
Marathahalli,1160,2,1,3,16,2.68,,1,66.9,141.53
Marathahalli,1136,2,1,1,18,15.26,5.82,2,52.1,98.72
Sarjapur Road,2052,4,4,2,1,2.72,8.97,0,93.3,247.86
Jayanagar,703,1,1,2,28,4.35,4.91,2,66.1,99.64
JP Nagar,2060,4,4,0,28,15.32,,2,75.9,189.29
HSR Layout,1137,2,3,3,11,11.38,6.86,0,55.2,137.86
Yelahanka,652,1,1,3,18,13.94,0.43,1,60.8,55.68
JP Nagar,584,1,1,0,4,22.06,1.76,0,42.9,73.25
Yelahanka,3477,6,6,3,26,20.52,6.95,1,69.0,252.31
Electronic City,1099,2,1,1,11,22.26,2.1,3,60.7,81.74
Indiranagar,2009,5,5,2,16,15.6,7.38,0,59.8,296.55
Indiranagar,469,1,1,0,4,12.5,5.45,2,93.4,104.73
Koramangala,5119,6,7,3,1,11.75,8.34,1,82.2,600.66
Indiranagar,1961,3,3,1,29,18.63,3.64,4,67.4,213.79
Sarjapur Road,1043,2,2,1,3,13.27,9.9,0,51.7,73.67
Bellandur,1014,1,1,3,5,3.09,4.79,0,98.4,167.68
Whitefield,1797,5,6,3,8,3.98,9.6,0,44.5,203.81
Koramangala,1742,4,4,0,25,9.25,0.43,2,48.2,176.08
Whitefield,1327,3,4,3,21,2.16,4.84,3,56.2,145.52
Yelahanka,1207,4,5,0,9,6.36,2.8,0,97.3,146.73
Whitefield,1634,4,4,2,28,16.58,5.44,1,56.7,196.53
Whitefield,460,1,2,1,10,0.8,11.37,3,69.5,50.59
Koramangala,978,2,3,0,27,15.3,2.08,1,85.7,152.15
Electronic City,485,2,2,1,1,19.42,,1,95.8,72.7
Marathahalli,1673,2,1,2,23,4.67,0.89,1,76.3,153.27
Indiranagar,827,1,1,3,20,4.93,1.66,2,63.1,115.83
Indiranagar,506,1,2,0,24,1.21,,0,99.1,145.38
Sarjapur Road,775,1,1,3,25,13.06,8.28,1,41.6,60.93
Koramangala,1303,1,1,1,8,16.54,1.59,1,89.9,149.88
Sarjapur Road,1072,1,2,0,19,11.69,,2,56.6,110.94
Bellandur,629,1,2,2,28,10.04,7.82,2,89.0,116.29
Bellandur,470,1,1,2,16,11.63,5.46,1,49.7,74.03
Sarjapur Road,1250,2,1,3,26,19.65,0.85,2,60.8,143.45
Koramangala,872,3,4,2,29,1.32,11.65,1,43.4,158.16
Sarjapur Road,1041,2,1,2,8,19.7,7.28,1,52.0,94.24
Indiranagar,1099,2,2,3,24,16.83,7.44,0,76.2,135.55
JP Nagar,1520,1,1,3,7,6.41,10.26,1,85.7,181.46
HSR Layout,1912,3,3,0,4,13.36,10.93,1,94.7,223.26
Whitefield,1301,3,4,0,4,1.71,,1,47.2,179.55
HSR Layout,1006,1,2,3,25,9.8,1.01,1,48.4,94.89
Koramangala,1216,1,2,1,5,4.76,,4,96.3,213.39
Jayanagar,996,2,3,1,15,1.05,8.41,1,86.0,150.32
HSR Layout,486,1,2,0,0,9.25,2.76,1,72.4,93.18
Bellandur,2188,4,3,0,8,18.29,3.99,2,68.6,200.15
Yelahanka,1972,4,3,3,20,23.07,7.41,2,49.5,168.27
Whitefield,3582,6,7,1,6,16.73,9.51,2,62.8,332.44
Marathahalli,4206,6,5,3,10,10.35,7.32,1,62.4,358.24
Jayanagar,628,3,2,0,14,24.99,9.55,4,78.9,87.43
Koramangala,998,1,2,2,23,7.43,2.9,1,75.9,109.79
Whitefield,4776,6,5,2,4,5.08,4.11,2,43.6,400.61
HSR Layout,1174,2,3,2,18,11.86,1.4,2,90.9,146.95
Bellandur,1373,2,3,3,5,12.87,11.82,1,96.3,160.18
Electronic City,520,1,2,1,22,9.19,,1,86.8,52.84
JP Nagar,1303,2,3,0,28,17.54,8.65,0,50.7,113.78
Marathahalli,3473,5,4,1,13,5.0,2.5,0,50.3,284.29
Jayanagar,2435,3,2,1,19,13.0,8.44,0,83.6,269.69
JP Nagar,858,2,2,0,24,12.75,10.38,2,66.5,84.76
Whitefield,965,1,1,1,13,20.68,9.76,0,86.7,96.84
Bellandur,644,2,3,2,10,23.21,9.11,1,44.5,79.14
Bellandur,751,1,1,0,3,16.75,4.77,1,83.0,83.13
HSR Layout,420,1,1,2,26,7.98,9.25,1,65.4,84.63
Indiranagar,1145,2,1,3,9,17.4,5.92,2,41.9,138.78
HSR Layout,2754,5,5,2,1,6.66,4.97,1,72.7,308.87
Indiranagar,1459,2,2,3,24,24.18,11.58,2,81.9,164.0
Indiranagar,2544,5,4,3,3,20.65,1.93,0,71.7,330.83
Marathahalli,2165,3,3,0,19,11.06,,1,47.4,166.13
HSR Layout,888,2,1,2,9,19.72,4.0,2,89.0,81.08
Hebbal,790,2,1,2,0,10.51,6.29,3,59.0,95.74
Electronic City,807,2,2,2,13,2.33,4.48,2,95.3,129.72
Jayanagar,467,1,1,0,17,17.82,6.14,2,94.4,79.14
Sarjapur Road,1222,2,3,3,11,10.41,,3,52.0,135.67
Sarjapur Road,400,1,2,3,18,23.29,2.36,3,68.6,53.96
HSR Layout,1661,3,4,3,22,8.01,9.11,1,48.2,179.13
HSR Layout,1248,2,3,0,11,21.16,5.46,1,80.7,130.7
JP Nagar,1555,2,3,0,24,17.17,11.23,2,91.1,143.56
Jayanagar,2146,4,3,1,27,21.41,6.65,1,78.9,230.49
Jayanagar,1339,2,2,2,4,7.65,0.69,2,55.6,154.26
Marathahalli,2944,4,3,3,3,11.8,10.94,1,44.6,254.36
HSR Layout,1689,3,4,1,12,20.67,11.11,1,44.2,191.67
Jayanagar,791,2,3,1,17,16.27,,3,76.7,83.55
JP Nagar,1053,2,2,2,29,9.32,11.68,1,97.2,138.15
Indiranagar,400,1,1,0,28,13.04,5.46,2,81.7,70.51
Bellandur,731,1,2,1,11,24.9,10.99,0,83.8,87.33
Bellandur,973,2,3,0,29,18.68,,1,59.8,76.39
Indiranagar,1621,3,4,0,15,15.56,0.47,0,75.2,247.73
Koramangala,794,1,2,2,22,20.78,9.58,1,59.0,77.59
JP Nagar,605,3,2,1,5,11.33,,0,94.1,122.3
Jayanagar,425,1,1,3,27,23.78,2.12,1,48.0,31.56
Hebbal,864,1,2,1,27,14.02,6.74,2,77.9,96.67
JP Nagar,3509,6,5,3,6,8.51,10.01,0,83.9,357.88
Indiranagar,1393,2,3,3,23,2.61,5.65,1,81.9,223.56
Electronic City,2012,2,2,0,8,9.7,9.5,1,55.4,143.59
Yelahanka,731,1,1,3,9,14.43,7.73,0,69.2,61.85
Whitefield,505,2,2,2,4,17.73,8.7,0,79.8,103.49
Indiranagar,613,1,1,1,26,21.94,11.04,1,95.9,60.42
Hebbal,1138,1,2,0,20,23.63,5.12,2,70.0,82.34
Jayanagar,401,1,1,0,3,3.01,9.3,0,58.0,53.89
Hebbal,690,2,2,3,10,15.22,,3,63.2,70.98
Hebbal,869,1,1,0,18,16.83,5.38,2,72.5,70.22
HSR Layout,580,1,1,2,28,4.72,,4,98.6,108.4
HSR Layout,400,3,3,2,6,13.87,10.6,0,77.7,116.3
Marathahalli,1407,2,3,0,12,8.7,2.62,0,49.3,133.11
Indiranagar,1231,1,2,0,12,2.4,3.96,1,90.6,211.62
Marathahalli,1842,3,4,2,20,2.11,11.7,0,50.9,162.07
Indiranagar,652,2,2,3,22,19.1,3.47,3,42.3,119.06
JP Nagar,1823,4,3,0,17,15.58,10.5,1,46.0,165.21
Whitefield,2783,3,4,3,24,18.02,4.58,1,87.2,268.36
Hebbal,1386,2,2,0,24,17.29,6.7,1,94.1,137.35
JP Nagar,858,2,2,2,28,3.79,4.9,0,56.1,82.18
Yelahanka,1300,3,2,0,8,4.21,2.81,3,69.9,137.47
Bellandur,836,1,2,0,12,6.69,8.36,0,75.8,83.48
Sarjapur Road,763,2,2,0,12,10.28,11.61,3,65.1,76.42
Indiranagar,1747,4,5,2,4,23.51,10.74,2,43.9,254.66
Yelahanka,1112,2,3,2,29,17.01,11.83,0,43.4,70.95
Bellandur,2328,5,6,2,25,6.75,8.36,1,66.4,247.02
Jayanagar,941,3,3,1,11,1.87,0.61,2,87.9,209.38
Koramangala,995,1,2,1,24,17.26,6.74,2,45.1,79.13
Whitefield,879,2,1,1,0,15.82,7.55,0,52.3,139.32
Marathahalli,648,3,3,1,17,17.06,1.62,1,56.2,75.89
Marathahalli,1878,4,4,2,25,6.9,,1,73.5,175.89
JP Nagar,3993,6,7,0,20,13.17,8.81,0,42.6,361.65
HSR Layout,972,2,3,2,20,9.36,5.49,2,91.6,137.39
Bellandur,825,3,4,1,21,20.53,3.65,1,68.2,103.49
Koramangala,796,1,1,3,29,2.2,2.82,2,69.1,154.74
Yelahanka,826,1,1,3,23,7.25,11.58,3,59.6,66.47
Whitefield,2973,5,4,2,27,15.27,9.66,1,52.7,251.39
Bellandur,808,1,1,0,16,5.53,8.38,3,61.8,100.64
Koramangala,870,2,1,1,9,16.98,11.39,1,94.8,164.78
Sarjapur Road,607,1,2,0,27,3.85,2.6,1,45.7,55.37
Indiranagar,1410,3,3,0,8,1.06,10.32,2,43.6,244.74
Marathahalli,1156,3,2,0,19,21.66,7.08,1,46.9,86.58
Yelahanka,642,1,1,1,7,8.67,11.21,0,86.6,92.19
Marathahalli,734,1,1,2,27,4.34,8.0,1,42.9,52.49
Yelahanka,2788,5,5,1,14,4.73,8.95,3,60.0,232.55
JP Nagar,1222,2,1,1,12,22.2,2.82,2,65.5,120.4
HSR Layout,1269,2,2,2,27,16.53,,0,70.4,125.78
Yelahanka,1272,2,2,2,20,23.93,3.77,1,40.2,56.54
Marathahalli,2584,6,6,2,16,20.1,8.39,2,69.2,240.8
JP Nagar,675,3,3,3,29,19.3,5.05,0,51.7,86.46
Yelahanka,965,2,2,3,8,12.75,10.35,2,45.9,77.32
Sarjapur Road,1094,2,3,2,23,20.61,2.71,0,72.0,137.51
HSR Layout,466,1,1,0,20,10.61,9.59,0,84.6,77.45
Yelahanka,725,2,2,3,29,20.76,9.8,0,96.1,72.3
JP Nagar,2134,2,2,1,10,19.06,7.61,0,94.8,202.38
Jayanagar,1823,3,2,1,29,17.12,1.95,0,63.9,179.47
Bellandur,2009,3,3,3,3,8.58,4.06,1,82.2,259.02
Electronic City,868,2,3,1,23,15.95,4.89,0,81.7,79.18
Koramangala,929,3,3,2,24,12.92,5.69,0,64.7,142.68
Electronic City,449,1,1,1,6,11.81,8.89,2,45.9,68.35
Jayanagar,2003,3,2,3,19,24.76,4.19,2,62.9,227.69
Electronic City,2193,3,3,0,22,12.86,0.41,1,99.5,191.42
Jayanagar,2178,4,4,1,21,1.28,10.42,2,73.3,254.5
Whitefield,2900,6,6,1,26,15.85,5.3,0,60.5,239.31
Jayanagar,1514,2,2,0,27,18.34,,2,84.6,170.48
Jayanagar,2825,4,3,3,2,22.19,9.87,1,81.2,321.43
Hebbal,1075,4,4,0,9,16.0,10.57,0,74.7,152.81
Jayanagar,454,1,1,1,2,0.98,8.83,0,78.2,107.16
Sarjapur Road,1927,3,2,3,0,3.43,4.38,1,75.1,209.39
Bellandur,445,2,3,2,13,4.45,2.93,1,97.4,115.83
Indiranagar,1318,3,2,3,12,5.68,8.61,1,70.5,212.05
Yelahanka,2029,5,5,3,4,20.09,0.88,0,75.4,187.39
Koramangala,1434,4,4,2,7,8.09,4.81,2,68.3,233.15
HSR Layout,4201,6,6,3,11,8.15,9.15,0,76.0,430.02
Bellandur,407,1,1,1,5,19.01,7.1,1,93.4,69.52
Marathahalli,1147,3,4,1,23,10.6,8.86,2,60.4,99.47
Indiranagar,1212,1,2,1,22,2.08,6.96,0,69.8,129.36
Whitefield,573,1,2,1,1,14.84,3.03,1,66.9,81.19
Whitefield,636,1,2,2,23,3.69,,1,63.9,86.69
Jayanagar,754,2,1,1,3,14.51,9.32,1,89.3,111.53
Bellandur,655,1,2,3,26,19.6,2.92,0,53.9,59.24
JP Nagar,1131,1,1,0,4,23.27,11.56,0,70.0,101.57
Hebbal,861,2,2,2,10,2.14,2.59,0,95.5,135.42
Electronic City,1429,2,1,2,12,7.95,0.37,0,49.7,110.32
Marathahalli,1715,3,2,0,7,16.49,9.38,1,40.3,115.74
Whitefield,1653,2,3,1,20,8.23,11.16,0,55.9,158.54
Koramangala,958,2,2,1,4,11.55,3.11,0,95.3,133.18
Whitefield,1403,3,3,3,5,0.99,2.03,1,45.3,160.51
HSR Layout,2120,3,4,1,14,17.49,2.84,2,48.2,231.32
Yelahanka,1533,1,1,1,22,22.14,7.61,0,59.2,82.49
Whitefield,3336,6,7,3,24,24.43,7.03,0,86.2,297.94
HSR Layout,2060,4,3,1,15,20.85,7.53,0,85.1,199.13
Bellandur,3088,5,6,0,29,1.28,0.29,2,45.2,333.39
Bellandur,400,1,2,1,10,16.47,2.05,0,96.0,54.38
Hebbal,1266,3,3,0,6,12.64,,2,54.3,172.25
Indiranagar,1004,3,3,0,5,23.48,8.43,2,56.8,140.3
Whitefield,1120,2,2,0,11,22.6,7.38,0,63.2,100.73
Koramangala,771,1,2,1,25,24.71,7.56,0,78.1,75.82
Whitefield,1492,2,2,1,3,21.62,6.93,1,71.3,118.45
Koramangala,444,1,1,2,13,13.9,8.99,3,95.7,93.02
Sarjapur Road,1498,2,3,3,10,18.02,11.31,1,73.9,169.79
Jayanagar,785,2,2,3,25,24.13,8.15,3,91.4,72.44
Indiranagar,911,1,1,2,11,14.66,8.99,2,44.7,105.19
Sarjapur Road,1527,3,3,0,1,21.08,7.38,2,91.4,200.86
Whitefield,1253,2,1,3,10,23.58,9.61,1,51.9,109.8
Indiranagar,2143,4,4,2,12,14.48,11.33,1,61.8,292.12
Sarjapur Road,704,1,2,0,10,4.4,7.34,1,59.2,97.47
Electronic City,1148,2,3,2,8,4.31,2.34,1,60.2,118.68
Whitefield,1956,3,3,1,25,3.33,9.29,0,95.1,198.42
Sarjapur Road,1464,3,2,1,26,12.17,7.88,1,66.5,156.93
Electronic City,1516,3,3,0,20,12.26,11.22,1,56.1,102.56
Electronic City,2207,3,4,0,15,15.63,3.41,0,57.7,173.73
Bellandur,960,2,2,1,4,12.33,11.65,1,88.2,119.18
Hebbal,855,2,3,3,26,24.34,6.71,1,72.3,76.59
Whitefield,1647,3,2,3,11,7.64,11.58,1,67.0,195.11
Electronic City,1105,3,2,1,2,21.91,9.45,1,95.6,115.34
Bellandur,2225,4,5,3,28,2.96,10.42,1,95.8,245.59
Sarjapur Road,1471,2,1,1,15,15.25,,0,85.4,168.11
HSR Layout,852,3,4,2,18,16.38,2.79,2,71.1,112.49
Whitefield,1445,3,4,2,16,19.42,7.56,0,47.0,164.93
Indiranagar,730,2,3,2,27,12.82,,2,82.5,139.08
Koramangala,2020,4,4,3,10,5.33,11.83,1,88.9,320.62
Koramangala,556,1,1,2,20,9.54,6.05,1,91.1,93.03
Sarjapur Road,2350,5,5,0,18,7.17,1.5,0,74.9,256.44
JP Nagar,1432,3,3,0,26,10.77,6.09,1,77.0,166.9
JP Nagar,1096,2,1,2,17,13.48,6.51,1,82.6,111.02
Sarjapur Road,1826,4,4,0,26,15.81,0.26,1,92.4,179.49
Electronic City,1590,4,5,2,8,21.21,3.1,2,42.7,110.29
Hebbal,2494,4,4,2,12,22.8,0.22,3,73.8,229.52
Whitefield,2482,4,5,1,29,11.83,6.82,1,62.1,236.99
Koramangala,1457,2,1,2,25,2.67,3.65,4,90.0,208.01
Koramangala,743,1,1,0,5,20.03,2.24,2,48.0,57.37
Hebbal,891,1,1,3,2,12.19,10.1,2,94.6,141.67
Electronic City,1154,1,2,2,22,13.89,0.55,1,47.4,102.46
Koramangala,2176,4,4,1,11,15.1,8.36,0,45.4,267.26
Indiranagar,934,3,4,0,8,16.86,6.96,1,60.8,177.69
Whitefield,977,3,4,1,8,22.31,9.3,1,99.7,102.86
Yelahanka,3317,5,6,2,14,23.83,1.76,1,78.0,251.97
Koramangala,1133,2,1,2,0,23.53,10.48,1,41.6,86.0
Sarjapur Road,846,3,2,2,17,20.33,4.0,1,55.0,63.46
Indiranagar,1839,4,3,2,14,22.29,,4,48.9,248.62
Koramangala,1164,2,2,0,7,1.72,7.95,1,40.1,164.12
Jayanagar,559,1,2,3,10,21.3,10.34,1,70.9,105.2
Indiranagar,2127,5,4,2,16,2.27,4.37,3,62.9,320.87
Bellandur,796,1,2,1,26,18.78,6.43,3,76.8,104.9
Yelahanka,1229,3,2,0,27,4.65,,0,53.0,103.72
Marathahalli,1156,2,3,0,26,9.32,,1,89.9,109.58
Sarjapur Road,1362,3,2,0,13,5.01,9.09,2,63.0,167.65
Sarjapur Road,400,1,1,1,18,11.36,11.31,1,69.0,55.09
Whitefield,998,2,1,3,26,10.59,5.16,0,83.9,113.77
Hebbal,2228,4,3,1,22,1.68,1.9,4,50.0,255.06
Indiranagar,2407,4,5,1,23,20.85,6.16,2,55.7,325.12
Electronic City,696,1,1,1,4,21.43,10.88,1,49.3,45.23
Sarjapur Road,1991,4,3,2,29,19.79,7.35,2,86.1,196.8
Indiranagar,789,2,1,2,1,21.27,2.71,1,45.9,102.73
Indiranagar,977,1,2,1,14,18.9,6.73,1,69.3,111.55
Jayanagar,1005,1,1,1,18,23.47,4.06,2,85.0,106.86
HSR Layout,1274,2,3,2,24,14.62,0.48,2,70.5,158.44
HSR Layout,2081,4,4,2,15,14.77,10.98,0,70.5,245.9
Marathahalli,1388,3,4,3,12,21.57,9.57,2,43.8,98.93
Bellandur,1120,3,3,1,26,9.06,11.1,0,87.0,137.13
Marathahalli,2043,5,4,0,28,1.73,8.26,1,76.2,242.5
Koramangala,772,2,1,3,25,18.87,5.51,2,80.1,81.25
Electronic City,1150,2,3,0,6,6.74,6.02,3,85.9,110.66
Koramangala,2075,3,2,3,28,12.12,2.61,2,73.6,259.94
JP Nagar,1606,4,3,1,16,6.39,4.76,0,70.5,177.09
Koramangala,929,1,2,0,18,20.76,2.13,1,79.8,74.48
Whitefield,522,1,1,2,24,23.98,5.79,3,94.0,59.86
Koramangala,1424,3,3,3,6,1.85,7.82,1,78.3,224.82
Marathahalli,504,1,1,0,11,6.22,3.23,0,87.3,65.75
Sarjapur Road,1068,3,2,3,12,5.14,11.34,0,68.8,176.29
Sarjapur Road,2295,5,4,1,28,16.99,7.83,2,75.4,183.05
HSR Layout,1666,4,4,0,12,11.0,2.8,3,50.8,189.42
Hebbal,400,1,1,0,13,11.68,2.17,0,69.3,63.31
Electronic City,1340,2,2,0,14,4.35,2.21,1,48.9,84.58
Electronic City,1007,2,3,3,1,10.66,11.69,0,68.0,133.81
Whitefield,596,1,1,2,5,7.93,2.99,1,43.9,56.04
Marathahalli,1443,2,1,2,8,15.47,,3,74.6,119.05
HSR Layout,916,1,1,2,14,5.82,2.14,0,57.2,117.41
Jayanagar,919,2,2,1,19,15.56,4.26,1,90.5,143.16
JP Nagar,1285,1,1,0,15,9.75,7.46,0,62.6,112.88
Electronic City,851,1,1,2,25,8.98,,0,95.1,68.64
Sarjapur Road,1265,1,1,2,1,7.99,2.08,2,68.4,126.11
Koramangala,866,1,1,0,2,17.01,11.72,0,90.9,130.86
Koramangala,892,1,2,1,22,14.28,,3,57.8,90.42
Hebbal,2072,3,4,3,19,21.37,1.85,0,67.1,218.66
HSR Layout,2191,3,3,3,22,6.42,6.69,0,78.0,273.04
Marathahalli,469,1,1,3,20,1.48,3.04,3,55.5,46.25
Marathahalli,1810,3,4,0,29,4.96,,2,79.4,209.39
Bellandur,2590,4,5,1,7,8.91,4.79,0,57.3,255.24
Yelahanka,2826,6,6,0,7,4.9,1.88,2,69.1,222.95
Electronic City,1598,4,5,3,20,2.55,,1,41.4,160.89
Marathahalli,671,1,1,2,6,11.41,1.82,2,44.7,63.88
Hebbal,1697,4,3,2,10,17.08,6.31,0,53.6,183.36
Sarjapur Road,744,1,1,2,21,18.91,10.26,1,88.4,94.18
HSR Layout,994,1,2,3,12,10.27,4.28,0,79.6,141.96
JP Nagar,1481,2,3,1,7,12.21,5.83,1,93.6,159.8
Bellandur,771,1,2,3,8,19.01,1.48,0,94.3,135.35
Hebbal,639,3,3,0,15,9.14,7.83,3,62.5,105.12
Indiranagar,1550,2,3,1,4,19.73,1.52,2,62.1,215.05
Whitefield,3351,4,4,2,22,24.2,4.06,2,90.1,298.95
JP Nagar,2378,5,4,1,13,22.07,10.13,3,65.6,237.01
Indiranagar,1771,4,3,1,0,11.61,1.97,1,91.4,296.98
Jayanagar,2056,4,5,3,26,14.7,10.11,1,70.4,224.37
Koramangala,1704,4,4,1,23,18.05,7.64,1,65.5,203.54
Whitefield,1537,2,2,3,18,9.06,1.86,0,56.7,122.12
Electronic City,1967,3,4,0,16,20.08,2.19,1,47.6,157.62
Sarjapur Road,565,1,1,1,21,11.2,8.03,2,71.6,59.12
Whitefield,1339,4,5,1,13,21.25,8.8,0,59.5,134.95
Yelahanka,1148,3,4,1,12,6.74,,1,55.0,104.33
Indiranagar,1253,3,2,2,7,0.78,8.63,0,50.2,191.42
Electronic City,931,1,2,3,26,16.0,4.47,1,63.3,67.37
Yelahanka,1598,3,3,3,2,11.57,0.22,1,73.4,142.02
Koramangala,765,1,2,2,0,1.97,6.44,1,90.2,169.64
Yelahanka,895,3,2,3,18,12.45,7.22,1,89.2,99.44
Bellandur,838,1,1,0,14,4.63,8.31,2,91.3,95.83
Bellandur,1930,3,3,2,20,15.93,2.93,1,74.6,202.43
Jayanagar,1192,1,2,3,26,11.4,2.21,2,73.6,142.91
HSR Layout,931,2,2,0,7,4.69,10.0,1,94.3,171.66
JP Nagar,977,2,2,3,8,10.59,10.13,4,57.3,124.33
JP Nagar,1203,3,4,2,12,6.2,11.85,1,48.7,152.48
Electronic City,2929,6,5,3,11,16.5,4.21,2,45.0,214.58
Koramangala,608,1,1,0,8,7.73,0.9,2,92.9,120.62
Marathahalli,1740,4,4,0,19,20.64,5.82,0,62.3,163.52
Jayanagar,1556,2,1,0,23,0.85,,0,69.9,170.84
Bellandur,738,1,2,3,10,10.38,0.63,1,88.2,136.24
Electronic City,2689,5,6,2,4,15.62,6.99,0,62.4,254.94
Marathahalli,1614,2,3,3,18,1.05,3.28,1,92.1,184.76
JP Nagar,908,3,2,1,20,5.79,1.61,0,59.3,112.53
HSR Layout,432,3,3,2,17,8.52,7.34,2,83.9,155.12
Yelahanka,1361,2,1,1,10,1.04,3.53,0,80.0,81.66
Bellandur,1171,2,2,3,26,13.89,6.83,4,52.1,121.09
Electronic City,681,1,1,2,10,15.96,0.38,0,47.5,69.71
Whitefield,676,1,2,1,5,6.07,4.52,0,46.7,49.94
Marathahalli,1935,4,5,3,0,13.82,,0,79.1,195.45
Yelahanka,409,1,2,2,21,24.98,7.87,1,40.8,34.09
Bellandur,1426,3,2,0,28,22.23,10.44,2,79.6,131.61
JP Nagar,1082,3,4,0,20,1.94,8.94,0,86.9,164.03
Hebbal,1577,1,1,0,28,3.63,8.69,0,58.2,99.13
Koramangala,1021,1,2,1,8,12.61,10.47,3,84.7,131.84
Marathahalli,1410,2,3,1,28,6.51,0.43,0,49.9,109.13
JP Nagar,798,2,3,3,29,2.48,5.16,1,97.6,150.96
Bellandur,1168,3,2,0,6,6.74,11.53,0,53.9,150.81
Marathahalli,1570,4,4,1,5,2.0,2.29,1,69.3,172.83
Jayanagar,1304,1,1,0,26,13.48,7.91,4,98.8,142.97
Yelahanka,1479,2,1,3,27,12.51,9.52,1,94.4,130.97
Bellandur,720,1,1,2,22,0.65,11.22,1,79.6,105.38
Jayanagar,867,2,2,1,9,12.32,10.49,1,62.2,129.89
Indiranagar,875,2,1,1,4,13.24,8.18,0,82.0,144.43
Electronic City,1031,1,2,2,0,15.34,8.59,0,67.6,85.17
Hebbal,2533,4,4,1,14,24.27,4.25,0,46.5,216.57
Yelahanka,988,2,1,3,24,24.58,2.84,3,87.8,67.66
Marathahalli,640,1,1,1,4,13.41,11.51,0,92.3,75.88
Koramangala,1616,3,3,1,19,21.21,11.71,0,64.5,147.05
JP Nagar,2517,6,5,2,5,2.59,5.21,1,79.9,287.16
Whitefield,600,3,3,3,4,13.51,5.05,2,41.8,71.43
JP Nagar,3551,5,6,0,16,17.13,5.53,3,51.8,300.32
Marathahalli,1508,3,2,0,17,14.34,5.64,2,74.2,142.52
Hebbal,2119,6,5,2,3,6.15,,1,56.4,277.76
JP Nagar,2689,5,6,3,23,2.04,5.28,3,96.7,302.27
Electronic City,2049,4,3,2,20,9.97,10.61,1,90.2,188.2
Hebbal,1129,3,2,2,22,16.37,8.4,0,79.3,122.36
Bellandur,2344,4,4,0,1,24.8,11.59,1,99.9,250.54
Jayanagar,1380,3,2,3,7,6.3,8.16,1,54.6,183.08
Whitefield,2186,4,5,3,4,22.99,5.06,1,95.1,196.32
Sarjapur Road,2322,4,3,2,3,2.17,11.03,2,58.3,234.89
Marathahalli,659,2,2,0,24,23.31,2.91,3,75.8,65.84
HSR Layout,1857,4,5,3,21,20.89,11.59,2,66.1,213.3
Sarjapur Road,1086,2,3,2,13,1.01,0.71,1,66.6,122.38
JP Nagar,1295,2,3,1,3,7.81,7.76,0,85.8,155.66
Marathahalli,1287,1,2,0,7,1.75,0.42,1,60.9,143.27
Jayanagar,1259,2,2,3,2,24.89,,1,70.5,134.64
Indiranagar,2774,6,6,3,13,10.98,5.67,1,52.7,366.07
Jayanagar,566,1,1,3,28,16.72,2.07,1,85.8,102.25
HSR Layout,465,1,1,0,25,6.24,11.87,2,73.1,57.31
Whitefield,414,1,1,2,17,23.38,9.32,0,55.3,25.0
Jayanagar,2161,4,4,1,22,7.22,10.24,3,56.0,269.38
Koramangala,784,2,1,3,29,6.88,11.75,0,57.6,74.42
Indiranagar,1290,2,3,0,11,8.21,8.16,1,82.0,201.26
Sarjapur Road,1127,1,1,3,14,11.83,3.35,1,75.7,118.59
Bellandur,737,1,1,2,19,0.95,9.13,1,89.3,128.68
Electronic City,1917,4,3,1,19,15.15,7.09,2,74.3,175.12
Koramangala,1119,3,3,3,25,1.28,3.36,3,58.4,161.55
Indiranagar,1053,2,2,0,8,13.71,4.53,0,97.8,208.0
Bellandur,1364,3,4,2,1,11.72,7.37,0,93.2,181.73
Bellandur,1784,4,4,1,0,6.44,4.87,1,56.7,196.15
Marathahalli,708,1,1,0,14,8.58,2.97,0,94.8,109.17
Indiranagar,1939,5,5,3,22,17.79,5.27,0,83.2,265.2
Whitefield,2664,5,5,0,14,0.74,,0,64.9,277.61
JP Nagar,548,1,1,1,27,8.26,10.53,0,68.0,53.62
HSR Layout,1398,4,5,2,7,17.17,8.39,0,66.8,179.94
HSR Layout,1015,2,2,2,2,4.23,4.64,1,87.8,212.77
Sarjapur Road,1763,2,3,3,1,14.23,11.36,0,50.5,161.85
Sarjapur Road,615,1,1,3,3,4.64,4.79,2,43.5,41.06
HSR Layout,2939,5,5,3,17,4.29,6.98,0,69.9,300.74
Jayanagar,496,1,2,3,11,19.42,6.24,0,57.4,68.58
Whitefield,1049,2,3,1,17,7.03,1.64,1,73.8,101.47
Jayanagar,1524,3,2,3,20,9.71,5.2,2,98.7,203.07
Jayanagar,823,1,1,0,9,18.39,1.12,3,80.3,125.44
Electronic City,755,1,2,1,20,4.9,2.21,1,97.6,92.67
Yelahanka,1356,3,4,1,7,13.53,9.49,2,83.9,151.03
JP Nagar,1252,2,3,3,24,22.99,3.77,3,44.6,123.5
Electronic City,1204,3,4,1,17,14.07,1.25,1,93.4,144.42
Marathahalli,1924,3,4,0,16,1.7,8.68,1,51.9,165.65
Yelahanka,966,2,3,1,18,14.95,9.67,0,91.9,111.27
Yelahanka,1431,4,5,1,5,2.71,7.02,4,84.9,187.48
Indiranagar,908,2,3,0,13,7.41,11.0,0,90.3,172.71
Whitefield,752,2,3,0,4,21.32,10.22,1,55.2,66.78
Whitefield,1026,1,2,1,7,0.77,6.72,1,88.4,141.14
Yelahanka,912,1,1,2,7,2.39,8.9,1,76.6,100.83
Jayanagar,938,3,2,1,17,9.4,4.09,4,44.9,110.65
Indiranagar,2278,5,4,0,29,24.99,7.71,3,93.3,312.51
JP Nagar,1043,2,1,0,8,7.65,11.73,0,92.6,128.5
Yelahanka,833,1,2,0,13,4.35,9.64,2,74.3,88.57
Koramangala,1219,2,1,2,13,13.96,4.62,1,67.2,159.19
Sarjapur Road,1271,4,5,0,19,13.22,11.2,2,64.0,152.38
Sarjapur Road,625,1,1,3,13,11.52,,0,76.2,76.94
Electronic City,1018,2,1,3,16,23.69,0.64,1,90.5,73.84
Marathahalli,996,2,2,2,29,7.36,9.0,0,74.0,129.12
Hebbal,1092,1,1,0,1,7.69,11.72,0,47.8,136.4
Hebbal,1788,4,5,0,13,3.94,3.95,0,58.4,229.95
Sarjapur Road,1294,1,1,3,26,17.58,3.45,1,80.1,107.23
Bellandur,2358,3,3,3,21,8.37,7.75,3,78.8,249.29
Electronic City,1192,2,1,1,20,20.17,1.5,1,71.1,69.81
Hebbal,3187,6,6,2,11,24.31,8.16,0,54.4,301.56
Sarjapur Road,931,1,1,1,22,1.57,2.87,0,56.2,58.96
Marathahalli,786,2,3,2,24,24.83,5.53,1,69.1,60.84
Hebbal,1621,2,1,0,15,6.73,10.73,0,63.7,167.99
Jayanagar,2541,4,5,0,21,10.79,,2,59.0,299.08
Jayanagar,562,2,3,2,5,19.55,1.47,1,89.8,101.54
Whitefield,1077,2,3,1,17,16.8,9.18,2,70.2,100.06
Whitefield,858,1,2,3,6,19.57,5.06,2,70.2,102.45
JP Nagar,1298,3,4,2,1,11.93,11.93,0,65.7,127.28
Yelahanka,1207,1,1,2,12,22.94,3.74,1,80.9,112.88
Koramangala,2515,5,4,2,22,19.85,5.75,1,50.5,259.93
Whitefield,1131,3,2,0,7,8.08,4.23,1,96.6,154.57
Hebbal,2556,5,6,2,11,23.74,7.12,2,46.3,260.78
Indiranagar,1009,4,3,0,0,24.05,3.34,2,82.6,184.04
Sarjapur Road,1997,2,2,3,8,10.67,10.97,3,82.3,191.64
Indiranagar,1361,3,4,3,7,16.47,7.48,2,46.8,204.02
Marathahalli,3107,5,5,1,8,20.46,11.32,0,99.6,276.73
Whitefield,533,1,1,0,4,20.52,,2,42.1,51.32
Koramangala,633,1,2,3,12,0.85,2.39,1,61.9,121.45
Marathahalli,3286,6,6,3,13,15.91,0.38,1,65.5,274.64
Bellandur,802,1,2,1,3,24.36,5.01,1,88.2,119.29
Bellandur,830,1,1,1,16,6.17,11.92,2,41.8,75.77
Indiranagar,741,2,1,1,8,19.99,10.55,2,73.4,128.92
Yelahanka,2257,4,3,0,29,13.59,10.19,1,52.2,138.79
Electronic City,602,3,2,2,19,5.93,6.91,0,74.4,52.77
Yelahanka,1215,3,4,0,14,1.75,1.32,2,78.8,155.4
Hebbal,1037,3,3,1,19,19.12,,1,42.0,100.57
Jayanagar,2122,2,2,2,3,8.25,10.1,2,44.0,229.63
JP Nagar,880,3,2,3,1,9.7,2.29,2,45.1,120.48
Yelahanka,1508,2,1,0,27,12.39,1.11,1,91.1,153.68
JP Nagar,630,1,2,1,26,12.93,8.58,2,95.6,101.89
JP Nagar,4191,6,7,1,12,5.55,0.21,2,66.3,410.49
Koramangala,1052,1,1,2,3,16.93,8.94,2,92.5,146.84
Whitefield,1206,1,2,0,17,17.47,2.47,2,68.6,102.74
Koramangala,2982,6,7,3,23,3.99,3.99,3,64.1,393.84
JP Nagar,869,1,2,3,15,13.56,,2,71.9,111.37
Marathahalli,3002,5,4,2,22,15.43,9.37,0,87.4,259.72
Bellandur,957,3,2,2,26,5.06,5.92,1,53.4,107.53
JP Nagar,1736,4,4,3,9,22.41,2.16,1,58.1,188.42
Koramangala,876,2,3,2,1,12.33,0.65,0,90.9,196.51
Marathahalli,569,1,1,2,13,3.32,11.84,3,95.0,64.31
Koramangala,1507,1,2,0,1,8.69,8.63,3,47.4,196.51
Yelahanka,1706,4,4,2,17,12.19,8.22,0,82.3,149.93
Sarjapur Road,582,1,2,1,0,0.75,6.13,1,40.6,95.2
Indiranagar,1014,2,2,1,12,1.28,5.33,2,54.8,166.39
Electronic City,2323,4,4,1,5,1.86,9.59,0,44.1,191.36
Jayanagar,1669,4,3,2,21,13.68,9.95,0,70.9,204.45
Koramangala,966,3,4,3,16,8.73,,0,60.6,133.53
Electronic City,864,3,2,1,26,22.38,10.34,1,48.3,42.74
HSR Layout,3504,5,6,0,16,14.2,9.19,4,40.0,335.9
Koramangala,541,1,2,2,21,19.12,,2,63.3,71.77
Sarjapur Road,1162,1,1,3,10,17.33,,2,57.7,123.01
Electronic City,536,2,2,3,5,13.25,10.05,2,42.8,79.38
Jayanagar,2473,4,5,2,19,18.75,9.56,1,91.1,285.19
JP Nagar,1195,3,2,2,2,13.85,1.84,0,64.6,118.88
Koramangala,1324,2,2,0,13,9.94,6.68,2,86.5,190.85
Whitefield,5503,6,6,2,24,11.18,11.64,0,65.3,458.55
Indiranagar,866,1,2,2,5,21.04,8.88,0,44.1,87.14
Sarjapur Road,3139,4,5,3,16,14.3,11.68,2,63.7,270.68
Hebbal,968,1,1,1,2,9.74,9.36,0,93.2,153.49
Hebbal,1055,1,1,1,16,4.9,6.39,0,40.5,98.95
Electronic City,5121,6,6,3,18,12.64,7.34,1,93.7,390.0
Sarjapur Road,1098,1,2,2,17,6.68,8.57,1,79.4,120.13
Marathahalli,564,1,1,0,4,23.91,8.8,0,99.7,95.82
Jayanagar,1401,3,4,1,14,12.53,9.02,2,95.0,175.66
Indiranagar,1091,2,2,2,2,0.72,11.18,1,92.1,228.91
JP Nagar,1468,4,5,1,22,2.78,3.85,2,42.3,134.75
Koramangala,1115,2,3,3,7,7.47,9.99,2,56.8,162.67
Koramangala,4059,6,5,1,6,2.76,6.92,3,62.5,458.39
Hebbal,1630,5,6,3,17,22.4,10.65,2,82.0,214.04
Koramangala,664,2,2,3,9,21.43,7.65,2,78.9,79.04
Indiranagar,1285,2,3,3,25,24.29,11.23,2,50.3,108.44
Whitefield,773,1,1,0,22,17.81,5.2,1,84.2,74.65
HSR Layout,1047,2,1,2,9,16.31,1.37,0,49.3,106.98
Bellandur,727,1,1,3,18,23.13,,1,67.4,92.94
Yelahanka,3824,6,5,3,22,23.69,9.34,0,74.7,296.29
Electronic City,820,2,1,1,0,22.0,,0,92.2,64.88
Whitefield,1752,3,4,2,1,21.61,8.75,1,77.9,172.01
JP Nagar,1004,1,1,0,27,16.96,0.54,1,97.3,90.23
Hebbal,635,1,1,0,25,0.54,11.59,0,99.7,122.9
Electronic City,1338,3,2,1,0,11.02,,1,70.5,129.22
Koramangala,1496,1,1,0,8,16.07,5.08,1,43.1,107.12
Sarjapur Road,1632,3,4,1,28,13.9,5.14,1,41.7,149.31
JP Nagar,400,1,1,2,28,20.62,10.9,1,91.3,40.85
Electronic City,608,1,1,1,14,20.56,8.98,3,70.0,84.54
Jayanagar,2032,3,4,1,17,15.17,7.52,1,62.0,229.27
Koramangala,722,1,2,3,17,1.04,1.62,0,57.1,130.7
Electronic City,1342,1,1,0,21,9.55,4.02,0,56.9,103.96
Sarjapur Road,601,1,2,2,6,6.11,6.0,0,44.4,55.57
Jayanagar,1794,3,2,2,13,8.8,1.56,1,58.2,170.03
Koramangala,2003,3,4,3,28,15.62,6.94,1,78.7,267.55
HSR Layout,1795,4,4,1,17,2.13,,2,63.1,241.39
Whitefield,2117,2,2,2,29,1.04,9.93,1,96.9,189.88
Marathahalli,2836,5,6,2,19,11.2,9.98,0,80.1,220.19
Hebbal,629,2,1,1,18,19.94,7.27,2,91.8,116.46
Yelahanka,778,1,2,1,28,1.25,4.44,4,46.8,74.02
Indiranagar,1966,3,3,2,4,21.3,0.73,3,67.0,279.18
Hebbal,2234,4,5,1,8,9.91,7.62,1,42.5,238.32
Yelahanka,828,1,2,0,17,3.4,9.46,2,93.7,86.03
JP Nagar,797,1,1,2,12,14.4,9.53,2,48.8,64.19
Yelahanka,838,2,3,1,4,23.83,5.92,3,88.3,91.76
Koramangala,496,1,1,2,23,13.79,1.86,2,95.4,95.71
HSR Layout,596,2,3,2,21,17.32,0.96,1,66.5,66.06
Marathahalli,604,1,2,3,19,20.5,0.86,2,63.4,56.32
Whitefield,1021,1,1,0,14,20.08,3.14,0,76.0,102.04
Whitefield,1393,3,2,0,25,2.29,1.87,2,84.4,162.91
Sarjapur Road,1523,2,2,3,23,18.65,2.19,1,78.7,146.25
Indiranagar,907,2,1,3,18,23.76,8.45,2,40.1,96.2
Electronic City,920,1,2,2,19,17.67,,0,87.2,103.38
HSR Layout,1284,2,2,0,10,20.99,8.37,1,48.8,127.89
Electronic City,527,1,1,3,8,12.4,4.35,1,67.0,46.68
Marathahalli,2034,4,3,1,20,8.32,9.34,2,56.9,161.76
Yelahanka,2433,2,2,2,21,17.07,2.08,0,95.7,203.89
Whitefield,851,2,3,0,27,12.56,0.48,2,70.1,78.37
Marathahalli,964,2,3,2,15,22.43,1.25,0,71.3,87.88
Yelahanka,2378,5,5,2,10,24.37,11.6,1,44.6,172.46
Whitefield,1121,2,3,1,1,20.59,6.55,4,93.8,135.63
Yelahanka,1658,3,2,1,24,24.82,7.36,1,54.3,122.56
Indiranagar,1141,1,2,3,7,9.04,11.61,2,64.8,172.41
HSR Layout,2824,4,3,1,22,22.45,9.36,1,99.1,256.82
Hebbal,1571,3,4,0,24,8.58,1.53,0,46.8,160.13
Jayanagar,1622,3,2,3,20,3.39,5.18,1,83.1,215.32
JP Nagar,1639,2,2,0,4,15.72,9.89,1,55.6,158.41
Marathahalli,884,2,1,0,10,11.65,8.05,1,65.2,129.57
Marathahalli,930,1,2,3,10,23.08,,1,65.1,67.97
Jayanagar,1832,4,3,1,8,12.56,,1,95.9,229.64
Hebbal,1286,3,4,2,10,23.23,6.79,0,40.6,175.34
Bellandur,628,1,2,1,4,2.43,9.5,1,62.0,80.76
Koramangala,3362,6,5,0,8,20.85,7.59,1,91.1,441.81
Indiranagar,2055,3,4,0,0,19.1,5.66,0,94.6,326.76
Indiranagar,1225,3,3,3,25,18.14,,0,58.7,149.55
Jayanagar,1032,2,3,0,9,9.2,10.41,3,54.5,166.6
Electronic City,1339,2,2,3,26,19.7,5.69,1,67.7,79.35
Yelahanka,1595,2,2,3,7,12.34,0.55,0,84.8,146.93
Koramangala,400,1,2,1,18,18.02,,0,49.2,61.27
HSR Layout,3835,6,6,0,15,14.03,1.27,3,87.1,394.04
HSR Layout,777,2,2,1,12,4.36,4.03,1,70.8,149.77
Jayanagar,1199,3,2,2,23,2.08,6.69,1,48.4,171.63
Indiranagar,1223,3,3,1,4,9.47,4.27,2,80.3,252.74
HSR Layout,3599,6,6,0,17,23.35,3.51,1,77.7,367.54
Bellandur,1143,2,2,2,8,13.48,0.44,0,77.3,91.79
Marathahalli,2875,6,6,0,3,20.15,3.38,2,85.3,287.86
Sarjapur Road,1501,2,2,2,13,14.61,4.74,1,50.9,126.42
JP Nagar,707,1,2,0,29,23.97,3.62,1,81.8,80.06
Jayanagar,1292,1,1,1,6,9.55,,0,93.2,147.44
Electronic City,1124,2,3,0,11,1.9,8.06,1,71.8,166.96
Yelahanka,661,1,2,3,23,19.63,9.4,1,69.2,56.41
JP Nagar,1461,1,2,3,6,17.78,2.39,0,87.9,174.22
Yelahanka,1215,2,1,1,10,13.42,7.5,0,48.8,56.91
Whitefield,1630,4,3,1,21,8.5,5.27,0,60.5,162.31
JP Nagar,1335,3,4,2,14,5.11,4.01,0,91.2,212.59
Sarjapur Road,839,2,1,1,29,12.32,5.9,1,70.0,67.36
Indiranagar,1831,3,3,3,27,16.82,5.88,1,90.4,219.22
Bellandur,851,1,2,1,6,14.68,7.74,0,55.1,88.32
Marathahalli,400,1,2,3,19,11.22,6.8,2,63.4,77.74
Marathahalli,1288,3,4,1,25,13.72,7.65,3,89.4,141.33
Bellandur,885,1,1,3,16,3.14,11.77,1,49.8,95.06
Koramangala,1481,3,2,2,4,17.55,9.76,0,93.7,215.02
Whitefield,3603,6,5,0,7,18.49,3.65,3,58.6,319.48
Yelahanka,3660,6,6,0,9,0.78,6.5,0,98.4,318.61
Sarjapur Road,1096,2,1,3,5,7.13,2.91,0,89.7,116.65
HSR Layout,762,1,2,1,20,2.76,6.32,0,67.3,82.76
JP Nagar,1655,4,3,1,1,24.96,8.6,2,84.5,191.2
Whitefield,979,1,1,0,25,15.04,0.98,2,73.3,76.38
Jayanagar,1489,3,2,3,27,11.91,1.82,3,91.2,216.89
JP Nagar,834,1,1,1,4,11.84,0.29,3,71.1,97.79
Sarjapur Road,1377,2,3,0,9,24.14,4.67,0,99.3,149.0
Electronic City,768,1,1,3,27,16.67,9.25,1,48.0,56.86
Electronic City,2302,3,4,2,2,4.63,5.5,3,80.6,209.45
Whitefield,867,2,1,1,12,11.48,6.94,0,54.7,87.91
Indiranagar,1726,2,2,1,15,19.47,7.16,2,51.5,190.0
Sarjapur Road,599,1,1,3,14,10.87,1.26,2,64.5,57.3
Sarjapur Road,1844,3,4,0,1,8.08,2.26,0,62.0,208.97
Bellandur,705,2,3,3,29,24.78,11.0,1,42.8,43.71
Indiranagar,1385,2,2,0,2,23.42,5.61,2,65.7,159.51
Yelahanka,2107,5,5,3,19,23.57,5.14,3,97.1,190.17
Yelahanka,1075,2,1,2,17,3.73,9.06,2,68.0,126.8
HSR Layout,681,3,3,1,29,6.24,0.73,0,58.1,100.04
Marathahalli,1577,2,3,0,19,11.33,10.12,1,96.9,156.98
Electronic City,756,3,4,2,19,20.89,8.11,1,70.3,87.22
Jayanagar,961,2,2,3,14,18.55,1.91,0,57.2,105.73
Yelahanka,1389,3,4,0,21,21.32,0.97,2,87.0,105.57
Indiranagar,2536,4,3,0,27,23.06,0.23,1,53.4,267.62
Sarjapur Road,1218,1,1,2,4,19.63,3.67,2,54.9,98.38
Jayanagar,1215,2,2,3,22,6.91,,1,59.5,123.46
Hebbal,1800,3,4,2,10,7.49,2.29,2,63.7,203.07
Yelahanka,1234,2,2,3,22,9.14,3.59,1,75.0,102.35
Sarjapur Road,1702,4,5,2,2,7.93,6.83,2,70.9,203.84
Yelahanka,2172,4,5,2,8,6.6,1.53,2,84.6,181.22
Electronic City,1002,2,3,2,6,18.94,2.57,1,83.0,117.6
Hebbal,400,1,1,2,22,1.33,6.83,0,42.7,73.82
JP Nagar,765,1,2,3,1,18.35,8.51,1,48.0,78.63
Yelahanka,2333,3,2,1,14,20.68,11.19,4,52.9,152.23
Indiranagar,1178,1,2,2,11,2.12,6.22,2,75.9,197.56
Yelahanka,996,2,2,3,15,2.02,1.54,1,93.7,123.58
Marathahalli,2280,3,2,1,25,7.49,7.18,0,59.5,172.63
Jayanagar,1135,2,1,0,15,5.6,11.95,0,97.8,179.15
Jayanagar,400,1,1,0,15,14.74,,0,50.4,32.43
Electronic City,524,1,1,2,18,17.05,9.41,1,95.5,43.61
Indiranagar,1511,3,2,0,2,16.04,8.87,2,88.1,230.69
Hebbal,1157,2,2,2,27,9.26,9.12,0,63.3,121.31
Bellandur,2671,3,4,2,28,12.71,1.27,1,52.4,222.3
Indiranagar,802,1,2,1,21,16.18,6.34,2,63.5,116.61
Jayanagar,1012,2,2,0,19,3.43,8.34,0,52.8,125.88
Marathahalli,738,2,1,2,3,6.12,1.06,1,73.7,131.06
JP Nagar,901,3,2,0,0,22.32,10.99,0,74.5,127.58
Electronic City,424,2,2,1,21,8.89,1.71,1,86.1,43.47
Bellandur,971,2,3,0,7,20.13,1.24,1,71.7,104.42
Marathahalli,1166,2,2,1,23,6.65,1.66,1,60.7,97.23
Hebbal,1113,1,1,1,14,1.52,5.19,2,94.7,161.74
Hebbal,3914,6,5,1,23,12.76,6.61,2,44.7,366.89
Marathahalli,3290,6,5,2,20,22.37,1.32,4,88.5,310.48
Whitefield,794,2,1,3,25,20.57,9.47,0,64.6,44.04
Electronic City,400,1,2,2,21,6.7,2.56,1,50.9,42.7
Indiranagar,1136,1,2,0,4,22.79,6.81,0,47.2,134.08
Sarjapur Road,1476,2,3,2,19,12.25,6.0,1,53.2,137.98
JP Nagar,748,1,1,2,11,1.7,10.89,1,47.3,45.34
Sarjapur Road,768,2,1,3,19,1.18,10.74,2,67.5,140.34
Indiranagar,2865,5,4,0,19,12.39,3.01,0,61.0,348.53
Indiranagar,1042,2,2,1,3,13.88,6.55,0,61.4,161.62
Electronic City,1727,4,3,1,29,2.46,11.83,2,49.4,149.32
Indiranagar,719,1,2,0,21,23.09,4.12,1,79.6,80.86
Jayanagar,1163,1,2,2,14,18.1,1.07,1,76.5,100.86
Whitefield,997,3,4,3,5,20.13,8.67,0,98.9,136.23
Bellandur,828,1,1,3,4,14.81,6.14,2,50.1,97.41
Indiranagar,2265,4,5,0,27,16.76,11.29,1,90.0,295.42
Sarjapur Road,559,2,2,0,10,10.0,6.99,2,42.0,77.71
Indiranagar,1415,3,3,2,13,17.14,6.24,0,44.4,164.93
Hebbal,987,2,2,3,10,24.47,11.0,2,78.9,110.73
Whitefield,1508,3,2,0,8,16.37,4.69,1,64.4,155.54
Jayanagar,994,4,3,2,23,8.87,7.25,0,53.8,139.36
Jayanagar,1933,5,6,2,9,7.49,10.18,2,40.2,249.08
Yelahanka,716,1,2,0,5,24.1,7.25,4,79.8,81.93
Jayanagar,2268,5,5,3,10,5.03,3.71,1,66.5,299.29
Yelahanka,1181,3,2,1,8,20.25,6.79,0,50.2,74.34
Marathahalli,578,1,2,2,4,11.9,,0,98.3,94.79
JP Nagar,1744,2,3,1,9,11.37,11.82,1,61.1,161.07
HSR Layout,1076,2,1,2,19,18.81,,2,58.2,90.22
Jayanagar,469,1,1,3,13,4.13,9.26,1,70.6,132.36
Bellandur,1441,2,3,1,5,11.92,0.48,0,56.6,136.36
Hebbal,2087,3,4,0,3,1.38,7.33,2,56.4,240.43
Koramangala,2429,5,4,2,23,16.92,5.29,1,98.0,309.01
Marathahalli,975,1,1,0,22,1.93,10.94,1,55.7,112.06
Jayanagar,1300,2,2,0,20,2.64,6.56,1,76.3,195.42
JP Nagar,1234,3,3,3,9,21.2,9.96,0,42.2,124.23
Yelahanka,2723,5,6,0,21,11.35,8.13,0,49.3,215.94
Sarjapur Road,768,1,1,2,10,5.42,5.48,0,41.3,46.57
Koramangala,929,3,4,0,15,15.02,4.18,1,72.1,173.88
JP Nagar,758,2,3,0,6,13.22,1.58,0,69.5,115.35
JP Nagar,541,1,1,2,17,10.57,0.36,0,59.9,49.38
Jayanagar,1375,2,3,0,24,22.68,0.22,2,82.0,139.26
Marathahalli,2895,4,3,3,6,18.86,2.87,3,77.5,254.42
Koramangala,1076,2,3,2,23,4.21,6.82,1,76.0,205.34
Electronic City,739,1,2,3,29,14.48,11.71,1,60.2,52.03
HSR Layout,1330,2,3,0,20,2.67,8.52,3,59.6,151.47
Electronic City,1659,2,2,1,14,6.49,1.03,3,92.4,146.75
Hebbal,1101,1,1,3,18,22.79,7.81,0,72.6,59.73
Koramangala,2597,5,4,3,17,11.82,5.93,1,56.3,324.73
Electronic City,768,3,4,0,14,22.36,7.71,4,72.6,106.13
Jayanagar,1025,1,1,1,17,4.57,7.55,1,56.0,67.67
Whitefield,1412,2,1,2,2,5.53,1.9,3,51.1,176.72
Yelahanka,1490,3,4,1,0,9.14,11.05,0,56.9,133.68
Whitefield,1232,2,2,2,0,9.47,6.74,1,77.7,139.01
Indiranagar,594,1,1,0,6,18.76,8.47,2,71.0,67.9
Electronic City,4342,6,5,1,9,15.19,,0,49.9,291.48
Hebbal,1054,2,2,0,11,14.05,,3,94.5,152.42
Indiranagar,1275,2,3,3,26,15.26,8.35,0,69.9,179.75
Sarjapur Road,1685,3,4,1,7,18.44,11.32,1,87.6,160.33
Bellandur,846,2,2,2,21,22.37,,2,59.8,47.51
Sarjapur Road,1238,2,2,3,22,10.66,,0,97.5,134.56
Koramangala,827,2,1,2,16,20.17,7.55,0,85.1,97.05
JP Nagar,1508,2,2,3,13,12.63,5.26,1,67.3,151.21
Yelahanka,1031,1,1,2,16,18.19,4.91,0,94.1,102.33
Electronic City,1391,4,5,2,24,21.93,,2,83.0,117.8
Hebbal,675,1,2,0,20,1.29,8.9,0,65.8,100.14
Hebbal,761,1,2,3,22,13.89,6.2,3,98.4,133.6
Marathahalli,566,2,2,0,5,24.74,5.13,0,57.9,59.7
Bellandur,812,2,2,0,19,12.66,,0,55.4,92.44
HSR Layout,400,1,1,0,16,21.68,4.25,1,93.7,50.94
HSR Layout,1014,2,1,0,19,5.05,6.58,2,82.4,164.6
HSR Layout,894,3,2,2,25,15.31,0.77,2,60.7,119.5
Electronic City,1304,2,1,0,25,21.82,4.42,2,53.9,62.63
HSR Layout,1230,2,3,0,7,11.07,,2,50.7,177.28
Jayanagar,2396,6,5,0,12,12.42,,0,58.8,250.02
Whitefield,4999,6,6,2,15,2.51,8.97,2,47.5,452.09
Hebbal,2243,4,4,3,11,1.53,0.36,0,48.7,220.59
Bellandur,935,3,4,2,26,11.98,3.68,0,86.6,131.4
Whitefield,915,2,2,2,28,21.17,3.28,2,43.8,88.99
JP Nagar,1935,5,5,2,16,23.32,6.35,2,66.4,175.43
Bellandur,475,1,1,3,17,16.64,5.7,1,64.3,63.23
Whitefield,1009,2,1,0,7,20.75,1.14,1,97.6,82.05
Bellandur,1053,4,3,0,17,18.5,9.18,1,67.9,122.38
JP Nagar,1655,3,3,3,10,17.69,8.31,2,49.7,184.7
Indiranagar,1682,5,5,3,12,19.34,9.89,0,45.3,230.1
Jayanagar,797,3,3,1,11,12.88,1.51,1,83.9,163.61
Electronic City,955,3,3,0,14,11.72,6.17,3,48.9,112.15
Electronic City,1533,3,2,2,25,4.4,7.32,1,96.3,129.81
Hebbal,773,2,3,2,24,21.17,,1,73.6,62.05
HSR Layout,2330,3,3,0,2,1.59,11.52,1,64.1,277.81
Jayanagar,1678,3,2,3,2,7.05,9.57,3,81.1,247.65
Sarjapur Road,1319,3,3,1,5,13.24,,1,51.9,120.9
HSR Layout,1488,2,3,2,2,24.3,7.62,2,62.9,153.5
Hebbal,928,1,1,1,8,19.76,1.89,0,42.0,75.25
Koramangala,850,3,2,2,10,9.53,10.5,1,92.7,159.69
Jayanagar,950,2,3,2,7,17.99,1.36,0,65.5,144.21
Whitefield,1580,4,5,0,3,23.32,,0,85.5,179.26
Bellandur,1340,3,2,2,21,13.7,9.97,1,95.0,156.16
Sarjapur Road,951,1,2,1,23,11.82,5.84,0,79.2,87.0
Jayanagar,1812,3,3,1,19,14.05,7.9,0,62.5,204.98
JP Nagar,1091,2,3,0,14,8.13,3.1,1,77.2,132.01
Koramangala,820,1,2,2,28,22.73,4.74,2,61.6,44.43
JP Nagar,1380,3,2,1,4,20.03,2.77,1,74.0,180.3
Electronic City,687,1,2,3,6,17.78,6.43,1,65.9,30.93
Electronic City,474,2,1,0,7,14.93,3.96,1,49.0,76.3
HSR Layout,1197,2,2,3,6,24.25,,1,86.8,129.43
Whitefield,836,1,2,1,7,7.79,5.42,3,69.8,100.31
Sarjapur Road,1043,2,3,3,3,7.44,10.5,3,51.4,163.93
Yelahanka,705,1,1,0,0,6.43,6.67,2,93.5,52.72
Koramangala,2333,5,4,3,21,18.67,9.72,1,91.2,298.72
Koramangala,834,2,3,1,4,20.03,10.21,0,73.5,153.1
Jayanagar,946,2,1,3,10,15.13,3.1,2,98.2,142.02
HSR Layout,1477,2,3,3,3,16.47,9.38,2,95.6,204.02
Electronic City,563,1,1,3,1,9.05,7.85,2,93.8,113.79
HSR Layout,540,2,3,2,16,1.47,,1,48.0,97.59
Bellandur,1480,3,3,1,24,6.71,1.25,3,57.7,185.59
Jayanagar,940,1,1,3,11,14.82,,3,64.6,117.58
Jayanagar,731,1,1,1,1,20.42,2.03,0,89.9,97.94
Sarjapur Road,1672,2,1,3,8,19.54,9.83,0,92.3,166.43
Whitefield,768,2,1,0,5,4.9,11.23,1,85.1,140.25
Hebbal,1032,3,2,0,28,1.76,5.84,1,68.3,119.46
Indiranagar,733,1,2,0,5,21.34,5.4,2,49.7,86.63
Hebbal,1418,3,3,3,17,2.35,5.97,2,42.1,142.94
Marathahalli,2497,5,6,1,21,10.14,0.99,0,82.0,238.21
Marathahalli,431,1,1,0,2,2.81,3.0,2,99.6,92.38
Jayanagar,1277,2,2,2,14,14.32,11.3,2,60.7,154.79
HSR Layout,1922,5,5,0,6,9.4,4.27,1,74.1,222.8
Bellandur,952,2,3,0,12,5.46,7.18,2,88.6,141.11
Sarjapur Road,644,1,1,2,9,15.08,7.86,1,51.2,76.97
Yelahanka,1513,3,4,0,3,9.4,,1,89.8,162.67
Marathahalli,2082,4,4,3,15,4.59,3.01,1,77.5,233.17
Sarjapur Road,1958,4,5,3,8,17.65,10.7,1,74.2,217.74
Jayanagar,1468,2,2,0,20,21.0,4.82,0,85.7,169.37
Whitefield,1266,2,1,1,27,7.21,11.08,2,54.5,95.26
JP Nagar,732,2,1,1,9,5.07,,2,76.9,100.59
Hebbal,1931,3,4,0,18,2.34,1.43,0,54.4,216.64
Bellandur,1873,3,2,2,16,13.43,0.82,2,50.8,136.84
Electronic City,642,1,1,3,0,20.87,11.61,4,77.4,45.62
Sarjapur Road,1466,3,3,3,12,6.64,1.63,3,56.2,157.23
Whitefield,1718,3,2,3,3,11.79,6.59,1,82.9,189.04
Yelahanka,1949,4,3,0,14,4.44,6.42,2,70.9,161.27
Indiranagar,1152,2,1,3,25,10.4,4.94,2,81.7,135.95
Hebbal,749,1,2,0,9,0.88,5.13,1,93.5,151.45
Electronic City,910,2,3,0,19,22.81,5.81,1,48.3,51.64
Hebbal,690,1,1,1,8,17.08,1.37,0,44.0,33.93
Jayanagar,1167,3,4,2,7,8.65,9.53,1,64.0,131.04
Indiranagar,1048,3,4,2,19,22.09,4.65,1,83.0,183.21
Hebbal,3904,6,6,2,5,4.98,3.09,2,93.2,422.16
Yelahanka,1963,4,4,3,22,2.43,3.96,1,42.1,143.28
Whitefield,2045,3,2,1,9,23.59,7.42,1,87.6,203.05
Marathahalli,1555,3,2,1,23,8.07,9.35,2,44.5,145.51
Indiranagar,980,2,3,0,19,23.43,2.01,0,74.8,128.1
Jayanagar,1031,1,1,1,16,16.12,7.19,1,60.6,103.8
Electronic City,1085,1,2,0,4,24.51,5.18,2,41.1,61.76
HSR Layout,1331,3,4,1,13,18.96,10.37,0,45.8,149.26
Koramangala,1486,4,4,0,16,3.08,11.4,2,61.2,193.62
Sarjapur Road,1200,3,3,3,10,21.38,8.21,3,97.2,144.7
Hebbal,1023,1,1,1,26,4.12,7.16,2,49.3,70.86
Marathahalli,866,1,1,2,3,17.46,9.41,2,56.3,87.71
Indiranagar,558,1,2,0,22,12.76,6.05,4,99.6,141.13
Hebbal,2431,4,5,1,22,17.84,0.85,0,68.8,234.43
JP Nagar,4036,6,7,1,16,19.24,,2,55.7,352.29
Sarjapur Road,2321,5,5,0,24,20.19,,0,77.0,186.48
HSR Layout,600,1,1,1,1,20.96,1.99,0,66.2,79.82
Yelahanka,1850,4,5,2,20,21.26,2.71,0,91.5,172.65
Koramangala,2107,4,3,0,21,10.61,2.92,0,40.5,226.05
Whitefield,961,2,1,0,0,22.29,8.84,0,99.8,106.1
Hebbal,1570,2,1,0,29,18.13,6.32,1,44.0,94.76
HSR Layout,934,2,2,0,27,21.05,,0,72.2,111.44
HSR Layout,2782,4,4,0,17,24.74,10.09,1,81.8,306.21
Yelahanka,1467,3,4,2,6,3.35,,1,73.0,149.88
Bellandur,725,2,3,0,21,9.58,8.85,0,58.0,86.14
Yelahanka,1734,4,4,2,5,20.26,11.26,2,91.3,167.96
Hebbal,2148,4,4,2,5,2.61,3.27,0,65.8,265.26
Bellandur,1338,1,1,2,13,13.75,,4,58.0,142.25
Bellandur,1562,3,3,0,29,21.53,9.17,1,86.1,174.27
Marathahalli,1155,3,3,2,22,0.97,6.25,0,48.8,127.83
Marathahalli,643,1,1,0,25,23.52,5.94,2,52.3,75.86
Electronic City,1104,2,2,2,11,24.46,11.16,1,55.2,93.11
Indiranagar,1600,3,2,0,13,8.4,3.07,1,66.1,220.42
Indiranagar,1118,3,4,1,13,19.29,7.9,1,41.2,170.09
Jayanagar,1864,5,4,1,11,3.62,11.65,3,99.5,339.21
Whitefield,967,2,2,2,8,19.44,2.8,2,76.0,101.25
Indiranagar,1003,1,1,3,8,12.3,,0,98.2,162.48
Marathahalli,1895,3,4,3,1,21.58,11.71,0,88.4,193.72
Electronic City,1356,3,4,1,17,5.71,0.62,1,48.1,112.49
Electronic City,957,1,2,2,4,16.98,7.63,0,52.5,94.71
Bellandur,2119,4,3,2,25,19.76,4.97,0,42.1,167.64
Jayanagar,822,1,2,2,22,5.46,9.3,0,90.0,119.63
Yelahanka,805,1,1,3,11,20.55,4.01,0,75.6,75.16
Whitefield,400,1,1,1,13,23.97,4.6,0,52.9,59.28
Hebbal,885,2,2,2,27,15.59,6.28,2,98.2,98.46
Bellandur,2465,3,2,1,12,19.73,4.28,1,84.2,205.35
Yelahanka,400,1,2,1,2,13.55,3.26,0,82.3,64.88
Indiranagar,711,2,3,0,14,15.15,,1,56.0,85.06
Jayanagar,1528,3,4,3,14,0.83,10.91,1,58.8,202.01
Bellandur,400,1,2,1,2,13.35,4.24,1,80.1,79.83
Sarjapur Road,906,3,3,0,19,14.6,10.81,3,75.6,133.8
Indiranagar,2247,4,3,3,18,16.92,2.62,2,78.8,272.46
Yelahanka,3691,6,7,2,14,4.65,8.13,1,92.7,302.52
Whitefield,1408,2,2,2,18,6.41,8.99,0,49.6,116.73
Hebbal,721,1,1,0,7,19.02,1.51,1,47.0,46.98
Yelahanka,708,1,1,2,22,4.61,6.62,1,73.9,75.37
Bellandur,1300,3,4,0,12,10.69,0.35,1,70.0,167.01
Bellandur,1401,2,1,0,22,6.64,11.15,2,64.2,136.48
Hebbal,3334,6,7,2,29,13.86,6.39,0,94.3,352.9
HSR Layout,2047,3,2,3,9,24.68,0.63,2,73.5,188.49
Whitefield,1257,2,3,0,1,21.37,8.26,2,74.0,143.14
JP Nagar,998,1,2,3,10,7.1,10.65,0,62.0,122.46
Indiranagar,6000,6,5,3,24,9.53,8.9,1,60.6,669.71
Electronic City,1694,3,4,0,28,23.01,1.78,0,99.3,101.4
Hebbal,831,1,1,3,21,22.51,6.57,1,77.4,91.78
Whitefield,1061,2,1,0,29,4.43,,2,89.5,132.61
Electronic City,741,3,4,2,18,20.82,9.65,1,66.8,103.86
Whitefield,400,1,2,2,8,7.79,0.39,1,51.5,44.28
Whitefield,1425,3,2,2,8,13.82,3.55,2,59.5,154.9
Yelahanka,3198,5,5,2,5,0.62,10.64,3,60.8,257.92
Whitefield,489,1,1,2,28,24.97,3.25,1,73.9,25.0
HSR Layout,1237,2,2,3,9,19.15,5.78,1,49.3,127.63
JP Nagar,813,2,2,3,21,6.42,8.42,2,63.2,72.44
Bellandur,1599,2,1,3,23,17.25,11.83,0,46.0,116.45
Koramangala,1091,2,1,1,7,7.69,5.23,4,69.8,168.65
Electronic City,568,1,1,1,14,2.69,6.14,0,96.8,74.46
Bellandur,700,1,1,0,5,10.92,6.79,1,60.3,88.61
Koramangala,760,2,1,1,6,15.54,2.96,0,43.0,67.47
JP Nagar,2514,4,3,2,19,2.7,4.55,0,76.5,235.86
JP Nagar,2444,5,6,2,16,13.2,5.33,2,78.1,292.52
Electronic City,1011,1,2,2,3,13.11,0.43,2,68.8,89.67
Electronic City,2358,4,5,0,7,15.9,0.29,2,63.8,188.56
JP Nagar,1091,2,1,0,27,6.49,2.85,0,93.6,108.95
Koramangala,1003,1,1,0,12,1.01,6.24,0,96.3,184.97
Hebbal,1238,3,2,0,23,8.46,11.48,2,80.4,159.54
Whitefield,1404,2,2,3,13,10.27,11.68,1,70.1,126.6
Indiranagar,884,3,3,0,17,16.08,7.84,0,44.1,123.46
Jayanagar,1215,1,2,0,22,23.29,9.96,0,58.1,115.94
Sarjapur Road,1850,4,4,1,28,5.48,10.83,0,57.1,188.85
Jayanagar,1289,2,2,3,16,17.34,,0,43.5,140.66
Bellandur,1229,2,2,2,17,2.89,6.62,0,90.6,187.85
Yelahanka,1575,2,3,1,13,5.17,8.51,1,92.0,124.86
Bellandur,1732,3,4,0,23,12.97,0.24,1,94.7,200.56
Yelahanka,1159,3,3,2,10,17.86,7.85,2,84.5,104.33
Koramangala,925,1,1,2,9,21.53,5.23,1,82.6,104.65
Yelahanka,1332,2,3,2,12,18.73,7.81,1,68.7,109.79
Electronic City,499,1,1,1,28,0.88,8.39,1,91.4,54.18
Hebbal,1069,1,1,3,19,17.26,1.36,1,70.6,98.43
Indiranagar,400,1,1,3,15,20.7,10.52,3,41.8,71.57
Indiranagar,477,1,2,2,13,13.38,2.27,2,75.1,117.25
Electronic City,440,2,1,0,2,24.16,0.32,2,63.4,27.46
Hebbal,2135,4,5,3,29,0.61,5.27,1,71.3,214.73
HSR Layout,1209,3,3,3,17,20.56,1.26,1,66.4,136.94
Jayanagar,599,1,2,0,26,8.7,11.48,0,69.8,69.15
Koramangala,1572,4,3,1,5,16.44,3.55,1,46.5,210.55
Jayanagar,2067,4,5,1,19,17.49,,1,40.9,198.68
HSR Layout,1587,4,5,0,2,8.0,3.29,1,60.4,220.74
HSR Layout,1082,1,1,1,18,24.89,3.54,1,55.3,88.07
Bellandur,1364,2,1,2,25,3.03,0.94,1,55.0,131.75
JP Nagar,1970,4,5,3,2,4.35,6.57,1,96.2,255.46
Bellandur,927,2,2,1,11,22.36,0.41,0,89.1,143.69
JP Nagar,1220,2,2,2,7,3.42,9.01,0,40.8,125.12
Sarjapur Road,1042,3,3,2,24,9.84,9.26,0,40.5,115.33
Yelahanka,494,1,1,2,24,18.46,4.92,1,86.6,28.4
Hebbal,1987,4,4,2,4,19.89,11.66,1,99.1,226.26
JP Nagar,3720,6,7,2,16,23.89,9.43,1,67.9,320.03
Jayanagar,742,3,4,0,9,19.84,1.65,1,66.0,137.97
Electronic City,2038,3,2,3,20,21.19,11.76,1,56.5,150.29
Bellandur,755,1,2,3,16,23.76,10.17,2,80.0,98.14
Hebbal,1291,2,1,0,8,14.07,8.51,0,68.3,131.02
Koramangala,2750,5,4,0,12,8.91,,2,50.1,298.97
Hebbal,901,2,1,2,9,19.16,7.34,2,68.9,114.46
Yelahanka,1190,3,4,1,28,4.51,11.88,2,62.6,119.88
Sarjapur Road,446,1,1,3,7,2.17,,2,93.4,123.39
JP Nagar,833,1,1,1,6,19.74,2.16,4,86.3,114.02
Sarjapur Road,421,1,1,3,1,23.79,3.67,2,82.1,69.98
Koramangala,1519,3,2,2,1,11.34,4.63,1,59.6,214.51
HSR Layout,1896,4,5,1,29,4.45,3.93,2,48.4,231.01
Indiranagar,1062,3,2,3,3,12.68,0.56,0,91.9,218.1
Koramangala,1404,4,5,3,8,10.14,,1,60.6,214.72
Marathahalli,1003,2,2,2,29,9.63,0.26,0,75.6,75.22
Koramangala,1803,3,4,1,24,15.89,8.21,2,75.4,234.69
Sarjapur Road,1289,3,3,2,13,4.78,8.04,2,95.7,174.74
Hebbal,403,2,3,1,23,9.82,1.0,3,50.3,66.06
Electronic City,2012,4,3,1,10,21.78,,0,86.3,189.8
Bellandur,969,3,2,3,20,18.38,3.54,0,67.8,103.47
Electronic City,597,2,3,0,29,1.86,5.55,0,50.5,72.49
Sarjapur Road,943,2,2,1,6,13.09,4.43,1,90.1,149.17
Bellandur,422,1,1,1,27,2.74,9.88,1,89.2,88.18
Marathahalli,603,1,1,2,24,23.96,10.62,0,42.4,25.0
Indiranagar,1298,3,4,1,18,6.49,2.63,1,82.6,216.11
Yelahanka,1359,2,3,1,3,23.35,1.63,0,49.2,96.09
Jayanagar,1420,3,4,1,1,20.93,10.1,1,76.6,203.09
Sarjapur Road,1202,3,4,1,24,14.01,6.12,1,78.6,143.58
Hebbal,820,2,2,1,22,8.74,4.03,2,79.9,104.27
JP Nagar,1165,3,3,0,21,21.52,0.81,1,47.2,109.97
Sarjapur Road,944,2,3,3,20,4.24,,0,75.9,182.83
Sarjapur Road,491,1,2,1,27,4.91,2.65,1,46.0,58.06
Bellandur,785,1,1,2,22,6.01,0.64,0,84.7,90.09
Whitefield,1957,3,3,2,18,15.14,5.45,2,43.8,189.97
Koramangala,2875,5,4,1,20,8.2,,3,85.5,353.13
Hebbal,1717,2,3,1,17,24.73,2.22,3,93.0,199.15
Whitefield,2805,4,3,1,20,5.28,7.89,3,57.9,252.86
Marathahalli,1258,3,3,0,6,20.24,2.43,1,86.7,150.38
JP Nagar,3129,6,6,3,10,2.85,0.44,1,65.1,318.46
Indiranagar,3715,6,7,2,9,9.16,1.96,2,87.9,517.57
HSR Layout,463,1,1,0,10,6.47,7.13,0,81.2,95.59
Marathahalli,1355,2,2,0,22,24.43,7.7,0,57.3,110.8
HSR Layout,1258,2,1,1,8,1.13,10.4,1,51.6,146.87
Hebbal,950,3,2,3,2,18.18,0.94,0,94.9,168.99
Hebbal,1573,2,1,1,23,6.57,11.44,3,90.3,184.99
HSR Layout,1227,2,1,2,4,20.38,6.36,0,79.6,102.95
Hebbal,801,1,1,3,22,8.12,3.1,0,61.0,90.69
Indiranagar,1183,2,3,1,0,5.09,4.51,1,70.6,163.69
Electronic City,2328,5,6,2,0,17.48,0.86,1,73.5,193.18
Whitefield,1327,1,1,0,19,6.81,1.5,1,45.2,100.61
Sarjapur Road,1694,3,4,2,4,12.4,10.61,1,98.3,168.46
Yelahanka,1030,2,2,2,28,3.72,1.45,2,45.5,69.96
HSR Layout,1539,4,3,2,25,18.25,,4,83.3,190.16
JP Nagar,617,1,2,3,18,10.47,7.26,4,69.6,87.99
Marathahalli,912,1,2,0,5,3.94,4.72,0,85.6,101.1
Electronic City,1134,1,1,3,2,18.67,4.99,0,55.7,87.92
HSR Layout,595,2,2,0,20,3.03,1.62,4,63.7,133.93
Electronic City,760,1,1,1,26,14.58,0.72,0,71.5,55.93
Electronic City,1426,1,1,1,12,15.38,10.42,1,47.2,84.05
HSR Layout,1289,2,1,2,16,23.29,4.8,1,91.1,146.91
Bellandur,1870,5,6,2,2,4.2,1.5,0,99.5,247.42
Koramangala,862,2,3,3,22,16.51,2.56,1,65.1,138.41
JP Nagar,1239,2,2,0,2,9.83,1.41,3,62.6,164.83
Sarjapur Road,829,2,3,0,20,10.32,5.84,1,75.6,137.54
Sarjapur Road,1769,4,5,0,22,12.79,9.68,0,81.3,194.15
JP Nagar,2310,3,4,2,12,6.23,,0,92.1,225.8
Bellandur,1565,3,3,2,1,11.8,7.51,4,62.4,205.73
Hebbal,2151,4,5,0,2,17.33,8.17,2,85.9,221.33
Sarjapur Road,1222,2,3,2,19,11.7,8.6,0,54.4,135.55
Electronic City,1869,4,5,0,15,1.54,7.35,0,80.8,191.17
Indiranagar,1251,2,1,3,20,6.82,6.74,1,68.0,167.03
Marathahalli,683,1,1,1,11,9.11,5.84,0,79.7,77.45
Whitefield,1374,1,2,0,24,9.19,,1,62.8,114.04
Sarjapur Road,694,2,3,2,8,2.48,4.13,0,57.7,125.64
JP Nagar,4344,6,7,3,15,11.51,6.15,1,69.2,366.65
Indiranagar,999,2,3,2,3,17.45,5.85,2,93.7,195.35
HSR Layout,1711,4,5,2,29,1.69,3.97,1,80.5,243.07
Koramangala,1192,2,3,2,24,18.9,3.75,0,76.7,124.47
JP Nagar,609,1,1,0,19,23.9,5.46,0,83.2,87.18
Hebbal,422,1,1,3,17,0.73,9.68,0,83.7,113.15
Electronic City,1812,3,4,0,25,5.25,3.12,1,57.7,138.08
Koramangala,2814,5,6,1,0,13.82,10.18,0,54.0,350.41
Marathahalli,801,2,3,0,6,5.84,8.74,1,70.5,96.0
Marathahalli,482,1,1,1,19,19.23,3.29,0,48.9,25.0
Bellandur,1003,3,4,3,11,8.15,0.36,2,68.5,122.17
Yelahanka,717,1,2,3,7,7.69,,0,81.6,87.47
Bellandur,839,1,1,0,7,0.52,10.62,1,40.4,72.49
Hebbal,1679,4,5,0,27,7.12,9.72,0,46.7,158.23
Indiranagar,1167,2,2,2,23,5.83,4.68,0,97.7,201.5
Koramangala,760,3,3,1,21,8.91,0.93,0,95.7,161.46
Yelahanka,1659,3,4,2,8,4.12,9.77,0,65.1,136.2
HSR Layout,1732,3,2,2,13,15.07,3.21,0,75.4,164.22
Electronic City,997,1,1,3,19,6.35,11.45,1,49.3,90.39
Koramangala,1295,3,4,0,4,20.88,6.37,1,59.9,185.69
Bellandur,1598,3,3,3,19,7.47,8.64,0,87.6,206.23
Whitefield,1517,2,2,0,20,5.67,5.65,2,91.4,184.56
Jayanagar,1227,2,2,3,1,1.89,0.53,0,64.3,187.55
Yelahanka,2639,4,5,3,20,18.63,0.95,1,58.7,186.45
Yelahanka,1653,3,2,3,9,12.95,11.72,1,80.9,135.2
Hebbal,937,1,1,1,23,3.29,5.06,1,83.1,127.68
Electronic City,940,3,3,3,8,5.92,2.36,1,99.0,119.92
Sarjapur Road,883,1,2,1,6,24.97,8.7,3,81.8,102.24
Marathahalli,1699,3,2,3,22,20.25,10.61,1,54.4,103.8
Marathahalli,852,1,1,0,29,9.07,3.35,1,43.6,69.8
Whitefield,950,2,3,1,21,13.79,,3,55.5,104.41
Indiranagar,2147,4,3,0,17,10.69,3.1,0,53.6,248.95
Hebbal,1333,3,4,0,25,1.39,9.91,3,45.6,155.41
Indiranagar,2320,3,3,0,11,19.58,1.22,2,66.7,273.98
HSR Layout,1861,3,4,1,10,18.07,4.6,2,57.3,229.52
Koramangala,628,2,2,2,9,10.52,4.68,1,95.5,138.92
Jayanagar,1134,3,4,1,12,21.22,7.72,3,64.2,158.73
JP Nagar,2068,2,2,2,8,13.6,2.3,1,92.6,214.88
Sarjapur Road,613,1,1,1,15,2.1,5.81,3,58.4,79.26
Bellandur,1512,2,3,3,29,6.86,6.71,0,89.9,193.36
JP Nagar,1174,2,2,2,20,11.81,,1,67.3,122.9
JP Nagar,457,1,1,3,21,3.03,6.41,1,41.9,25.0
Hebbal,1282,4,5,2,16,14.49,1.76,2,69.2,172.11
Yelahanka,757,1,1,1,4,3.45,,2,53.6,118.8
Whitefield,631,1,1,1,5,5.41,11.1,1,58.4,76.1
Marathahalli,1206,3,3,2,9,22.4,11.76,3,81.1,143.02
HSR Layout,415,1,1,3,10,25.0,2.17,0,71.8,39.98
Indiranagar,828,2,3,0,1,13.98,9.07,3,93.3,178.36
Jayanagar,4882,6,6,2,6,15.68,3.16,1,96.2,550.58
Hebbal,1716,4,3,2,13,20.04,10.03,2,81.5,209.03
Whitefield,739,1,1,3,3,17.56,1.34,0,91.8,103.73
Yelahanka,2598,5,6,0,4,4.97,5.36,2,51.7,223.32
Bellandur,695,3,2,2,18,10.59,7.23,2,44.8,88.8
HSR Layout,885,1,2,0,20,13.61,10.26,2,60.0,98.47
Hebbal,638,2,3,0,27,9.31,,1,59.5,102.95
Yelahanka,1381,2,2,1,19,4.81,,1,79.9,123.35
Jayanagar,2547,5,4,3,27,18.53,11.61,2,90.4,302.6
Marathahalli,693,1,1,2,29,5.37,7.73,2,57.8,48.47
Marathahalli,400,1,1,2,9,6.88,7.97,0,65.5,49.43
Hebbal,2187,3,3,0,5,7.52,10.69,1,46.3,241.06
Marathahalli,2820,6,7,2,1,4.46,3.98,1,64.8,311.78
Whitefield,401,2,1,0,2,21.31,5.1,2,52.9,63.35
Whitefield,1546,3,2,2,27,15.46,11.82,1,62.9,157.1
Indiranagar,1359,2,1,3,14,20.95,0.4,3,56.0,165.7
Hebbal,778,1,1,2,9,12.6,10.43,0,88.5,111.5
Indiranagar,557,1,1,0,16,13.23,10.14,1,40.2,54.8
Hebbal,2070,3,4,0,6,15.6,3.3,1,60.3,212.57
Bellandur,1324,2,1,2,24,9.59,,1,98.2,131.6
Hebbal,1380,4,3,2,1,12.67,4.1,0,80.7,172.09
Jayanagar,852,1,2,0,6,13.9,7.62,1,86.3,113.85
HSR Layout,772,2,2,1,14,23.86,5.47,2,91.6,138.31
Electronic City,400,1,1,1,2,22.13,1.4,0,61.7,39.7
Electronic City,1059,1,1,2,4,3.67,,1,44.0,100.55
Yelahanka,2648,3,3,3,21,1.51,6.63,1,64.6,188.49
Marathahalli,735,2,1,2,7,17.17,5.89,0,79.2,86.38
HSR Layout,519,2,3,3,3,1.71,10.58,4,62.2,123.76
JP Nagar,1525,3,4,2,17,1.98,,0,66.9,154.87
Whitefield,1688,4,5,0,18,4.4,6.93,1,89.5,193.42
Koramangala,869,1,1,2,7,9.12,10.61,1,42.2,78.25
Sarjapur Road,991,3,3,3,22,11.16,4.25,1,60.1,117.36
Bellandur,1387,3,4,3,5,13.22,9.56,0,69.3,186.27
Marathahalli,1102,1,1,2,4,24.81,6.27,2,58.0,80.69
Marathahalli,2080,4,4,2,26,9.94,2.06,3,66.7,207.0
Jayanagar,4585,6,5,1,4,6.45,0.68,3,64.1,494.42
Marathahalli,469,1,2,2,16,14.59,8.78,0,95.4,90.19
Whitefield,2360,4,4,2,29,5.77,3.29,1,69.6,223.53
Whitefield,1272,1,1,0,5,23.54,9.83,2,68.6,133.7
Sarjapur Road,2575,5,5,3,12,6.85,2.43,2,55.3,249.86
Hebbal,1787,2,3,1,8,24.75,6.9,2,42.8,178.98
JP Nagar,1241,3,4,0,23,10.76,1.3,2,58.0,110.59
HSR Layout,1823,2,3,2,11,20.41,8.88,1,41.6,165.32
Marathahalli,966,1,1,3,9,16.38,9.24,4,89.6,103.26
Electronic City,784,1,1,2,0,23.37,11.02,1,52.3,68.57
Indiranagar,1874,3,3,2,10,15.82,6.82,0,94.7,245.02
Jayanagar,754,3,3,2,28,14.74,,1,93.2,113.84
Jayanagar,1709,2,3,2,5,16.49,9.97,2,79.9,198.07
Electronic City,1220,3,2,3,2,19.77,3.9,0,91.8,114.58
Yelahanka,400,1,2,0,5,22.52,,1,92.7,51.14
Electronic City,875,2,3,2,8,7.04,11.74,0,86.6,81.93
Yelahanka,1443,4,3,2,21,5.42,1.76,2,70.5,148.68
Koramangala,960,2,3,1,7,1.34,1.18,0,97.0,205.17
Indiranagar,400,1,2,1,29,9.57,,0,89.1,50.79
Jayanagar,2481,3,3,3,14,21.23,,0,47.6,250.48
Electronic City,1317,1,1,2,21,2.21,7.11,0,65.2,88.93
Koramangala,1532,4,3,2,5,13.69,,1,72.4,217.07
Hebbal,925,1,1,2,22,17.52,11.18,0,71.8,83.81
Bellandur,1607,2,1,3,10,21.0,6.75,0,62.8,132.33
HSR Layout,3292,5,5,3,28,14.79,8.3,2,71.9,315.31
Koramangala,801,2,3,2,9,5.06,7.44,2,45.6,123.8
HSR Layout,3002,5,4,2,10,24.13,2.26,2,79.3,310.14
Electronic City,1494,1,1,3,3,2.82,5.35,3,69.9,135.4
JP Nagar,744,2,3,2,28,19.34,8.24,3,87.3,86.19
Hebbal,4052,6,7,0,12,2.62,7.4,2,81.6,416.51
Koramangala,1488,4,3,0,7,4.01,2.74,0,46.8,219.55
Indiranagar,1741,4,3,3,19,22.51,10.94,2,61.0,221.2
Electronic City,1035,1,1,0,14,18.95,9.45,3,84.2,61.68
Marathahalli,774,3,3,1,6,9.45,1.01,3,60.2,116.3
Whitefield,1316,3,2,2,0,16.15,4.26,1,74.0,169.75
Koramangala,2864,5,4,1,27,11.7,11.95,2,97.7,360.58
Indiranagar,1012,1,2,1,24,2.13,4.8,3,44.8,161.24
Bellandur,1182,2,3,1,25,18.17,8.03,0,51.4,68.87
Marathahalli,2673,4,4,0,8,19.2,1.39,0,68.8,219.38
Bellandur,1017,2,3,2,22,22.12,3.87,0,84.3,142.51
Electronic City,1589,4,3,2,7,13.75,10.61,1,59.8,157.05
Whitefield,1944,4,3,3,1,16.99,6.22,2,47.0,166.3
Koramangala,1077,1,1,1,25,11.23,9.94,0,58.9,117.81
Koramangala,1423,3,4,0,13,8.31,0.29,0,78.7,206.78
JP Nagar,1726,3,4,1,29,10.59,8.06,1,87.6,196.29
Jayanagar,963,2,3,1,11,22.84,3.74,1,98.6,138.32
JP Nagar,1879,3,3,2,25,4.52,10.36,2,85.7,220.27
Electronic City,888,2,3,3,22,6.59,11.34,0,69.5,92.63
Electronic City,828,1,2,0,16,15.35,8.31,0,57.6,67.79
Whitefield,518,1,2,2,18,3.35,1.92,2,95.7,127.37
JP Nagar,910,1,1,1,5,22.35,5.72,0,72.1,88.58
Indiranagar,766,1,1,2,20,1.66,5.68,0,81.3,116.05
Indiranagar,963,2,1,1,4,19.01,10.0,2,68.3,125.47
Whitefield,1680,4,4,0,24,9.66,5.64,3,54.5,194.33
Hebbal,464,1,2,2,5,1.75,,0,72.8,59.82
Jayanagar,405,1,1,2,2,21.15,7.41,3,90.4,78.69
Indiranagar,795,2,3,2,15,16.19,7.84,0,63.0,174.65
Yelahanka,1547,2,3,2,17,0.72,9.76,1,80.1,137.45
HSR Layout,1407,3,3,2,13,7.05,,2,42.5,172.86
Whitefield,788,1,2,0,24,9.13,10.7,0,96.2,83.94
Whitefield,2283,4,3,3,14,8.4,7.6,1,98.2,254.37
Sarjapur Road,835,2,2,0,25,12.71,6.39,1,63.2,96.61
Marathahalli,1548,3,3,2,29,13.41,9.65,0,69.9,132.01
Marathahalli,983,2,1,1,3,10.22,3.82,1,49.6,102.43
Yelahanka,744,1,2,1,10,8.63,,1,51.8,47.59
JP Nagar,860,1,2,2,4,12.86,6.17,0,76.1,96.93
Hebbal,1797,1,2,3,8,1.32,1.66,2,77.6,202.64
Electronic City,1464,2,3,2,4,16.31,9.08,0,60.5,157.8
Electronic City,2044,5,6,0,6,15.35,7.85,2,62.4,166.85
Bellandur,1464,3,3,3,17,7.34,1.17,0,70.4,178.16
Yelahanka,495,1,1,3,17,4.9,5.51,1,96.4,94.9
Whitefield,3839,6,5,0,19,2.29,5.94,1,49.0,337.4
Yelahanka,1475,3,4,3,23,14.89,7.91,1,73.1,138.18
Yelahanka,1593,2,3,2,1,14.44,8.21,1,43.5,139.97
Yelahanka,975,4,5,2,25,13.57,,1,67.5,141.4
Marathahalli,2213,4,3,1,22,24.65,0.6,1,63.8,207.97
Yelahanka,658,2,3,0,12,13.52,,2,49.9,28.06
Jayanagar,1678,3,3,3,12,18.18,11.78,1,49.8,173.67
HSR Layout,400,1,2,3,16,3.27,,0,67.0,91.97
Electronic City,1742,3,2,3,24,7.82,6.11,0,47.6,134.86
Bellandur,663,3,3,2,25,7.25,,3,57.7,118.55
HSR Layout,1397,2,2,0,21,14.61,11.18,2,44.3,132.77
Bellandur,2532,5,5,2,26,8.6,6.62,1,57.8,257.27
Sarjapur Road,1887,3,4,3,16,16.21,3.48,1,72.0,183.81
Bellandur,2353,4,3,2,25,17.41,8.2,1,84.6,233.68
Electronic City,2223,6,5,3,5,1.33,5.83,2,89.8,256.56
Electronic City,899,2,3,3,13,16.17,,0,60.3,94.53
Yelahanka,1668,3,2,2,20,3.36,9.44,1,96.3,112.29
Koramangala,465,1,1,3,13,11.9,11.24,3,54.4,59.31
Sarjapur Road,822,4,4,2,11,18.3,1.83,1,44.8,104.71
Jayanagar,2581,6,5,1,4,17.73,,1,95.5,348.41
Whitefield,971,3,2,2,4,7.85,9.47,1,72.4,146.43
Indiranagar,430,3,4,1,3,7.17,5.33,2,61.1,112.72
Bellandur,3632,6,7,1,22,11.29,7.6,3,93.9,359.9
Koramangala,1635,3,4,2,28,5.12,9.84,0,86.5,234.05
Yelahanka,1827,3,4,0,24,24.38,5.79,0,89.9,147.39
Marathahalli,700,1,2,0,12,8.95,5.02,2,57.5,84.27
Whitefield,1403,3,4,2,3,23.11,2.33,3,92.4,172.34
Hebbal,1383,2,2,2,17,22.75,9.93,2,79.0,144.74
JP Nagar,764,3,2,3,15,9.44,9.59,0,84.3,133.01
Koramangala,1093,2,3,3,17,6.73,8.97,1,58.7,124.12
Marathahalli,526,1,1,2,1,19.39,4.84,0,54.7,44.07
Sarjapur Road,992,3,2,0,22,6.12,,1,64.5,123.52
Hebbal,2050,4,3,3,3,13.27,1.66,2,74.5,231.74
Yelahanka,796,2,1,3,19,3.21,3.97,0,80.0,91.53
Whitefield,3426,6,7,0,16,9.96,5.34,1,69.9,319.01
Whitefield,545,1,2,2,19,2.41,0.71,0,81.9,81.73
Whitefield,1040,2,3,0,5,7.44,1.42,2,82.5,146.78
Sarjapur Road,836,2,1,1,17,16.8,9.99,0,80.0,67.72
Hebbal,1087,2,1,3,19,24.79,11.66,2,55.1,95.77
Bellandur,2551,4,4,3,26,6.74,4.0,2,66.8,240.79
JP Nagar,698,1,1,3,6,12.1,1.46,1,85.9,68.09
Jayanagar,936,3,3,0,12,11.48,11.24,0,93.2,177.61
Sarjapur Road,1720,4,4,0,8,5.01,10.99,0,70.1,223.34
Indiranagar,1263,3,2,2,1,15.45,7.92,0,99.2,225.63
JP Nagar,1321,2,3,3,7,18.26,4.2,3,50.5,136.89
Electronic City,706,1,2,1,13,4.11,1.53,2,53.5,68.34
Yelahanka,1154,1,2,2,21,19.05,11.29,3,67.6,109.22
Sarjapur Road,2236,4,5,0,23,17.65,,1,70.5,232.23
Marathahalli,495,1,1,1,17,5.33,8.97,0,65.5,68.41
JP Nagar,818,1,1,2,29,16.4,11.22,1,65.8,90.4
Indiranagar,442,1,2,0,26,10.14,1.85,1,69.2,78.89
Electronic City,1612,3,2,1,0,17.19,1.49,0,59.2,134.05
Bellandur,2355,5,5,2,22,12.65,2.47,0,47.9,229.8
Hebbal,1085,2,2,1,28,1.68,2.74,1,97.4,142.92
Marathahalli,690,2,3,0,8,19.78,9.96,0,87.7,124.77
JP Nagar,701,1,2,2,8,14.11,,1,88.9,121.62
Yelahanka,1019,3,3,0,1,18.26,2.74,0,61.9,81.44
Hebbal,1017,3,3,3,15,3.59,5.66,1,64.2,154.03
Marathahalli,1981,3,2,3,3,18.17,5.56,1,96.2,199.94
Electronic City,831,3,3,1,12,10.63,2.3,0,98.4,126.9
Marathahalli,1524,2,1,3,16,20.08,10.27,1,96.6,140.09
Hebbal,1014,2,2,0,10,15.18,6.37,2,78.6,113.15
HSR Layout,797,2,1,1,22,9.2,6.88,0,54.6,71.87
Jayanagar,1001,2,2,2,1,5.45,3.25,2,76.3,163.75
Koramangala,1444,3,3,0,3,20.49,6.8,0,75.3,200.94
Bellandur,1985,3,2,2,11,14.22,9.55,2,94.5,226.26
Electronic City,1045,2,1,2,1,24.69,3.8,2,58.7,116.0
Hebbal,619,2,3,2,0,9.65,1.54,2,52.0,59.22
Jayanagar,2080,4,5,2,22,17.3,7.09,2,55.9,263.32
Jayanagar,732,1,1,0,5,15.76,7.7,2,54.6,51.46
Marathahalli,1385,2,2,3,15,16.12,2.58,1,78.9,143.96
Koramangala,1184,3,2,0,1,18.56,3.13,3,88.7,198.39
Jayanagar,1100,1,1,3,13,3.91,,1,62.1,122.58
Koramangala,918,2,3,2,19,13.97,11.07,1,50.6,122.26
Marathahalli,1688,3,2,3,11,12.97,2.71,1,60.6,146.24
Hebbal,400,1,1,2,26,8.89,0.33,2,72.8,87.48
Yelahanka,2242,3,2,1,18,11.19,10.11,0,79.9,145.85
HSR Layout,726,2,3,2,27,13.21,9.68,0,73.0,107.11
Jayanagar,1502,2,3,3,2,8.36,5.59,2,55.4,210.34
Sarjapur Road,1459,2,3,1,18,7.68,9.61,1,95.1,133.8
HSR Layout,2419,4,4,1,10,18.59,5.51,2,66.3,236.81
Marathahalli,1338,2,2,2,3,2.14,2.85,0,67.5,135.53
Bellandur,761,3,3,0,16,8.17,5.23,1,98.0,107.31
Sarjapur Road,496,1,1,3,16,16.52,5.95,2,92.1,93.63
Electronic City,991,3,3,1,6,5.61,0.31,1,88.4,140.35
HSR Layout,409,1,1,0,4,14.52,1.54,0,51.0,65.99
Marathahalli,849,1,2,2,18,7.9,10.52,3,90.3,125.51
HSR Layout,1022,2,3,2,24,21.16,4.83,2,67.3,115.05
Jayanagar,821,2,2,2,20,9.07,,1,52.6,78.55
Hebbal,1228,2,3,2,25,6.12,10.68,2,99.5,159.62
Sarjapur Road,1054,2,1,3,18,13.49,2.02,1,50.3,112.08
Indiranagar,1002,2,2,1,8,3.82,2.76,2,95.3,198.24
JP Nagar,400,1,1,3,16,20.04,9.97,1,40.0,31.43
HSR Layout,589,2,2,1,29,17.16,3.5,2,66.3,90.59
Electronic City,1709,2,2,0,8,19.38,7.67,1,41.8,135.49
Electronic City,1868,3,4,0,13,10.27,8.93,2,94.7,213.49
Whitefield,436,1,1,1,4,20.96,2.83,1,47.6,42.48
HSR Layout,767,1,2,2,21,12.59,3.19,4,80.4,104.81
JP Nagar,2164,4,4,0,1,2.82,6.29,0,77.9,245.18
Yelahanka,808,2,1,3,23,5.99,9.55,2,86.7,83.24
Jayanagar,1129,1,1,1,14,17.92,6.74,0,84.8,125.41
Koramangala,2652,4,5,0,15,22.46,0.99,1,41.9,262.63
Hebbal,984,2,2,1,18,2.83,4.34,2,63.3,147.23
JP Nagar,909,1,1,2,0,21.67,4.1,0,59.4,70.68
Koramangala,1101,1,2,1,22,20.08,9.73,0,98.4,167.01
Koramangala,3326,6,6,0,11,9.24,3.62,0,86.5,368.15
Indiranagar,1534,2,1,1,18,17.39,10.83,0,82.5,185.69
Whitefield,1213,2,3,0,19,5.08,4.15,2,66.5,152.28
JP Nagar,899,1,1,0,14,20.43,2.49,0,93.5,72.6
JP Nagar,1614,3,4,0,4,16.6,6.57,2,41.0,140.63
Indiranagar,1725,3,3,3,0,11.25,,0,53.7,250.78
HSR Layout,665,1,2,2,10,21.68,7.84,1,81.7,102.5
HSR Layout,1751,3,4,2,26,3.91,11.01,2,70.5,196.0
HSR Layout,1104,2,1,1,8,21.22,11.3,3,72.0,126.04
Bellandur,1216,3,4,1,6,1.09,2.88,1,65.0,197.64
Koramangala,738,1,1,0,1,18.95,2.11,1,50.0,89.56
Bellandur,963,2,3,2,28,14.55,11.29,0,50.0,67.53
Whitefield,681,2,3,1,16,17.57,9.79,1,57.7,50.17
Hebbal,663,1,1,1,15,10.6,3.29,0,68.1,86.59
Indiranagar,1477,3,3,2,15,21.68,9.7,3,89.4,235.9
JP Nagar,987,2,2,0,13,8.17,8.94,0,66.8,133.35
Jayanagar,587,1,2,1,26,7.24,,0,93.9,128.44
Koramangala,3974,6,7,0,1,7.89,10.89,1,47.2,471.06
Bellandur,646,2,1,2,18,19.47,4.0,1,56.3,65.23
Bellandur,2188,5,4,2,27,12.63,5.87,1,44.2,212.7
Marathahalli,533,1,1,1,2,13.66,7.39,0,70.6,81.07
Bellandur,1542,3,3,1,7,20.88,2.46,1,45.4,133.22
Hebbal,1046,2,2,2,20,20.92,7.41,1,87.7,121.97
Yelahanka,849,1,1,0,24,4.46,8.53,1,42.4,41.41
JP Nagar,1337,3,4,0,18,13.97,1.4,1,68.5,80.58
Yelahanka,1242,1,1,3,15,3.59,4.68,2,65.2,101.29
JP Nagar,768,2,2,2,21,21.78,7.42,2,52.1,82.09
Indiranagar,749,2,1,1,3,21.01,11.13,1,75.2,92.46
JP Nagar,505,1,1,2,7,21.31,10.71,1,63.2,69.6
Yelahanka,1420,3,2,1,27,17.77,2.2,4,51.9,112.19
JP Nagar,602,1,1,0,0,11.94,7.4,1,89.6,83.98
Indiranagar,1203,1,2,1,3,10.42,1.36,0,79.6,211.91
Indiranagar,1662,4,5,3,6,10.18,3.67,1,40.7,236.45
Whitefield,1345,3,3,0,24,2.12,7.25,3,70.1,131.39
JP Nagar,806,3,2,3,28,23.75,1.16,3,56.3,87.46
Jayanagar,1978,4,4,2,0,11.53,10.69,0,94.9,296.09
Marathahalli,959,2,1,1,23,23.29,9.98,1,83.5,113.78
HSR Layout,576,1,1,0,17,22.04,5.79,2,76.7,67.56
Electronic City,1027,2,3,1,3,20.8,6.0,3,45.3,106.53
Indiranagar,1657,3,4,3,19,14.91,10.6,0,95.8,238.51
Sarjapur Road,828,3,3,0,13,2.99,0.8,4,48.7,129.77
HSR Layout,1945,5,5,3,7,8.44,1.9,1,67.0,289.26
Hebbal,786,2,2,0,26,15.29,,1,80.9,137.62
Koramangala,847,3,4,2,17,0.83,4.5,0,69.7,158.03
JP Nagar,675,1,2,2,6,1.54,11.85,0,92.9,147.68
Yelahanka,1748,4,3,1,2,17.1,1.94,2,90.1,148.63
Electronic City,1165,3,3,3,24,22.26,3.78,0,48.1,73.45
Sarjapur Road,700,2,2,3,20,21.45,9.97,1,77.1,71.39
HSR Layout,965,1,2,0,13,4.62,9.46,1,43.1,123.05
JP Nagar,400,2,2,2,11,22.83,7.93,2,83.2,75.03
Whitefield,1841,4,3,1,14,17.56,4.08,1,84.2,164.6
Koramangala,1092,2,2,2,7,18.05,1.59,2,60.7,153.13
Electronic City,400,1,2,3,4,7.95,11.81,2,87.2,107.31
Marathahalli,539,3,3,1,16,18.04,3.17,2,79.2,91.09
Whitefield,952,2,3,2,24,17.89,10.17,4,70.2,121.63
Sarjapur Road,582,1,1,2,9,15.07,10.76,1,67.3,55.94
Hebbal,1856,3,2,0,10,9.25,5.4,3,46.5,203.7
Electronic City,1511,3,3,0,27,20.37,10.24,4,71.9,110.5
Whitefield,1462,3,3,3,22,23.47,3.49,0,49.4,120.37
Koramangala,400,1,2,2,15,21.81,10.7,1,79.4,55.27
Marathahalli,899,1,1,0,15,6.45,7.7,2,75.7,78.98
Whitefield,818,3,2,2,3,11.42,2.49,0,57.4,91.53
Bellandur,710,1,1,1,22,8.89,9.48,0,54.8,60.17
Marathahalli,955,3,2,2,4,17.83,10.98,2,68.6,118.51
Sarjapur Road,646,1,1,2,9,20.87,6.93,3,70.7,58.27
Hebbal,1351,1,1,3,13,5.79,9.17,0,87.9,203.18
Koramangala,1829,2,3,1,8,23.71,,0,58.2,183.52
Jayanagar,1745,2,1,1,17,17.09,9.49,0,64.2,144.88
JP Nagar,1112,2,2,0,19,5.85,5.56,4,60.6,87.94
Yelahanka,3603,6,6,1,5,9.59,8.93,3,63.6,319.99
Yelahanka,2246,5,4,3,10,3.06,,3,74.0,219.77
Yelahanka,1135,3,3,0,20,15.13,5.09,2,73.4,85.97
Electronic City,920,1,2,2,16,4.65,2.16,0,61.7,81.41
Sarjapur Road,2505,6,7,1,8,17.48,10.93,2,76.1,254.68
Koramangala,2089,4,3,2,24,18.56,5.1,2,77.0,264.69
Marathahalli,552,1,2,0,2,12.24,,0,71.6,113.9
Electronic City,2180,3,3,1,15,2.8,3.06,0,67.1,167.12
Sarjapur Road,1102,2,3,0,19,15.47,3.06,3,44.7,112.18
JP Nagar,747,2,2,0,3,9.62,0.23,0,72.5,108.63
Bellandur,404,1,1,1,25,23.77,5.37,0,82.8,30.31
Koramangala,1035,1,1,1,23,13.07,10.71,0,52.9,93.25
Yelahanka,1192,2,2,0,21,2.27,0.5,0,86.7,95.01
Whitefield,2873,5,5,3,14,16.08,11.49,0,75.2,278.63
Jayanagar,2032,3,4,1,1,19.59,2.31,4,54.3,241.18
Koramangala,871,2,2,0,19,4.43,,0,49.8,129.74
Indiranagar,1487,2,1,2,16,11.5,9.47,1,54.7,181.57
Hebbal,1890,3,3,2,18,18.71,8.87,1,85.5,177.57
Sarjapur Road,1258,2,3,1,19,1.0,4.2,0,55.0,143.05
HSR Layout,869,2,3,1,15,1.21,8.5,0,81.0,130.48
JP Nagar,895,2,2,2,23,17.08,,2,72.7,96.26
Bellandur,1483,3,4,0,18,18.27,2.0,1,72.8,138.02
JP Nagar,1506,2,3,0,20,21.22,2.57,0,91.2,160.15
Koramangala,1021,3,2,0,16,10.29,0.51,1,92.5,161.05
HSR Layout,400,1,1,3,28,10.05,4.12,1,72.2,100.19
Indiranagar,590,1,1,1,3,14.03,8.79,3,43.9,81.82
Marathahalli,1687,3,2,3,17,19.05,11.63,3,49.7,151.51
Whitefield,400,1,2,3,3,16.2,1.78,0,96.9,96.28
HSR Layout,2302,4,3,3,20,8.52,4.37,0,48.1,211.02
Sarjapur Road,2122,4,4,3,2,8.99,2.34,0,90.1,201.98
Yelahanka,1227,2,2,0,29,19.19,,1,72.4,65.98
Indiranagar,1667,3,3,1,21,13.6,11.05,2,46.8,205.59
Whitefield,1605,3,2,1,27,2.9,1.55,1,95.2,162.88
Jayanagar,1125,2,2,3,17,4.25,10.86,0,95.7,162.01
Bellandur,564,2,2,1,20,21.35,3.4,0,76.9,98.07
Yelahanka,2043,3,2,2,19,24.97,2.83,2,63.3,125.51
Koramangala,2602,4,3,0,4,8.72,0.87,2,76.4,345.98
HSR Layout,617,2,1,1,28,9.97,1.15,3,77.7,89.59
Whitefield,552,1,1,0,8,4.28,1.02,0,77.3,83.06
Hebbal,1113,2,3,2,21,6.27,5.47,1,84.0,139.3
Electronic City,850,3,2,0,22,10.9,7.97,2,44.0,74.23
Hebbal,1300,2,1,2,29,7.47,2.38,2,46.2,92.77
Marathahalli,2332,3,3,3,26,17.68,2.77,0,57.0,161.43
Hebbal,400,1,1,1,23,13.68,2.24,0,61.0,29.71
Jayanagar,2863,6,5,3,14,20.65,9.72,0,78.3,343.23
Marathahalli,959,1,1,1,8,18.25,1.82,1,50.3,102.78
Indiranagar,1590,2,1,3,13,3.64,,0,72.5,244.96
Bellandur,1686,3,3,2,20,3.52,0.63,1,51.1,169.71
Indiranagar,1798,4,4,1,23,22.44,0.67,0,61.3,198.08
Electronic City,1242,2,1,3,1,20.58,6.65,3,96.1,125.67
Sarjapur Road,1412,3,3,0,25,11.96,1.31,0,93.7,158.32
Bellandur,1407,2,2,0,24,3.69,2.82,4,97.2,174.55
Hebbal,848,2,1,3,17,22.52,10.03,4,75.5,114.7
JP Nagar,456,1,1,2,12,6.15,11.62,0,70.1,54.12
Sarjapur Road,614,1,1,3,27,1.37,10.36,2,90.9,96.1
Bellandur,1133,2,3,0,20,23.14,11.52,2,44.8,89.91
Bellandur,778,1,2,1,15,20.32,8.11,2,98.7,97.34
Electronic City,779,1,2,1,5,17.49,11.85,2,67.7,65.17
Koramangala,3228,6,6,3,15,1.33,6.06,1,80.5,403.16
Hebbal,1925,2,3,1,3,13.45,9.58,1,83.7,182.58
Electronic City,1045,2,2,0,23,16.51,11.67,1,77.7,121.9
Bellandur,1737,3,2,1,9,19.1,8.57,0,93.5,160.16
Whitefield,952,3,4,3,18,12.04,11.49,1,57.3,107.48
Sarjapur Road,1275,2,2,3,10,23.86,3.19,0,71.9,103.01
Electronic City,1530,3,4,3,28,6.5,3.74,1,65.8,130.49
Koramangala,954,1,1,0,4,2.21,,1,82.2,199.2
HSR Layout,823,1,1,2,17,8.65,5.68,1,63.7,107.31
Indiranagar,2353,3,2,1,2,16.71,10.79,2,93.6,306.74
Bellandur,1682,4,4,3,7,18.56,10.68,2,69.4,192.66
Hebbal,400,1,1,2,10,18.59,7.96,1,72.2,73.63
JP Nagar,831,3,4,3,20,3.21,2.94,2,69.6,156.5
HSR Layout,781,1,1,3,29,22.18,3.04,1,77.4,80.29
Marathahalli,853,3,3,0,18,7.38,7.65,0,70.6,142.9
Yelahanka,1928,3,4,0,20,5.64,6.14,1,96.2,158.44
Koramangala,1213,2,1,2,24,15.55,3.25,0,47.9,111.8
JP Nagar,559,1,1,3,2,5.69,2.19,2,40.8,81.66
Yelahanka,972,2,3,1,11,12.95,8.73,3,71.3,106.38
Koramangala,1617,3,2,1,14,10.47,9.8,3,85.9,217.31
Hebbal,1063,1,1,1,25,6.18,3.28,0,78.9,132.37
Whitefield,842,1,1,2,22,7.66,5.21,0,97.8,115.94
Hebbal,1440,2,1,0,23,10.97,8.62,1,50.9,115.09
Indiranagar,2922,6,6,2,15,8.98,5.74,1,81.6,408.95
HSR Layout,1547,2,2,0,4,9.85,11.54,1,89.0,212.94
Sarjapur Road,2454,3,2,1,18,18.52,1.73,1,94.7,205.31
Koramangala,873,2,1,1,26,4.63,10.28,2,71.7,115.67
Hebbal,1194,1,1,0,5,15.88,3.81,0,61.8,90.11
Sarjapur Road,1181,3,4,1,28,17.11,8.31,0,97.3,99.46
Indiranagar,1281,4,3,2,11,20.15,3.19,1,87.5,205.13
Bellandur,1529,2,2,0,18,21.26,11.6,0,68.3,83.31
Marathahalli,724,2,2,1,8,4.39,0.79,0,79.1,95.93
HSR Layout,1713,3,4,3,17,3.89,6.26,2,56.7,250.6
Indiranagar,490,1,1,1,28,15.56,10.94,0,76.9,53.09
Indiranagar,576,1,1,3,2,19.04,5.74,1,72.4,116.44
Hebbal,3884,6,6,1,22,7.17,10.12,2,42.4,368.75
Whitefield,906,2,1,3,29,13.38,11.41,2,91.9,132.54
Yelahanka,1792,1,1,1,13,19.42,1.0,0,69.4,99.37
Marathahalli,3054,6,5,3,25,19.3,,1,68.8,265.93
HSR Layout,400,1,1,0,23,16.52,,1,57.0,34.17
Bellandur,2229,4,4,0,20,2.43,10.02,2,51.8,229.57
Bellandur,1715,3,2,3,4,1.74,2.13,0,57.5,173.23
Electronic City,2958,5,5,1,4,10.02,6.89,3,79.0,251.16
Indiranagar,627,2,2,2,3,1.15,2.12,2,45.9,114.9
Koramangala,2666,5,5,2,24,22.65,9.11,0,60.0,270.48
Whitefield,799,2,1,2,21,0.99,,1,98.7,128.11
Marathahalli,2144,3,3,2,28,1.23,,1,56.3,223.17
Hebbal,1176,2,3,3,27,4.55,9.28,1,98.0,179.84
Bellandur,1834,3,2,0,15,15.86,10.14,1,46.3,163.35
HSR Layout,1233,3,4,0,12,13.77,4.25,1,87.6,165.23
Electronic City,436,1,2,2,7,16.66,6.11,1,66.4,28.82
HSR Layout,400,1,2,0,23,22.39,8.38,1,51.7,25.0
Whitefield,1347,2,3,3,20,11.65,8.99,0,87.2,146.13
Koramangala,1038,2,2,2,15,1.57,9.29,3,40.4,184.77
Electronic City,1494,3,4,3,27,19.21,4.81,1,60.8,130.49
Electronic City,1045,1,1,3,24,20.39,6.53,0,76.3,77.31
Yelahanka,3641,6,7,1,1,1.72,1.49,4,53.9,342.36
Marathahalli,1362,2,3,3,29,6.45,11.39,3,60.0,133.81
Electronic City,938,3,4,1,7,19.38,8.48,1,45.5,99.81
Jayanagar,1445,2,2,2,2,9.72,4.63,0,91.2,241.2
Yelahanka,948,2,3,3,22,12.08,4.8,2,65.3,106.66
Yelahanka,1263,1,2,0,28,20.67,1.27,0,48.7,71.31
Whitefield,614,1,2,2,8,2.82,5.59,0,51.9,41.18
Jayanagar,1194,2,1,3,29,17.09,,0,56.5,135.6
Sarjapur Road,923,1,1,3,10,5.77,11.44,0,53.8,71.51
HSR Layout,647,3,3,0,20,2.03,7.84,0,70.2,91.57
Koramangala,3557,6,6,1,26,16.73,7.88,0,94.3,424.18
JP Nagar,661,1,1,3,23,3.47,9.48,2,51.0,87.25
HSR Layout,1205,3,4,3,19,18.8,6.22,1,67.2,128.69
Electronic City,772,1,1,0,29,5.47,0.58,2,79.8,48.95
Koramangala,1413,3,3,2,0,1.69,10.7,2,51.0,179.93
Bellandur,595,1,1,3,0,2.93,4.95,0,49.2,79.85
Sarjapur Road,1905,4,4,1,21,21.11,11.82,1,49.3,155.84
Bellandur,3677,6,5,1,7,9.59,5.0,4,92.9,362.03
Jayanagar,756,1,1,0,15,7.91,8.09,0,82.7,146.9
Bellandur,2344,5,6,1,9,12.53,5.63,3,60.2,245.82
Hebbal,973,2,1,3,1,16.01,2.94,2,94.2,132.44
Marathahalli,2747,6,7,1,15,1.41,11.18,0,97.2,318.63
HSR Layout,3999,6,6,3,26,22.51,7.6,1,63.9,364.46
JP Nagar,1055,3,3,0,3,23.98,5.52,0,70.6,154.53
Hebbal,520,1,1,1,18,10.72,1.9,2,61.5,85.2
Whitefield,2021,4,5,3,28,10.61,,0,53.7,183.8
JP Nagar,1358,4,3,2,8,22.02,10.76,1,86.8,189.32
Bellandur,1581,2,3,3,2,11.02,5.19,2,78.9,213.25
Electronic City,995,3,3,3,10,21.48,2.22,0,62.0,86.55
Sarjapur Road,738,1,1,0,7,1.19,0.55,0,40.9,61.85
Indiranagar,2272,3,2,3,29,12.5,1.99,1,85.8,271.26
JP Nagar,1431,1,2,0,6,23.83,6.51,1,68.6,129.58
Bellandur,542,1,1,3,0,6.69,9.83,0,44.4,66.82
Sarjapur Road,1751,4,4,3,7,7.02,4.49,0,47.5,178.67
Koramangala,1568,1,2,3,24,15.94,5.32,1,77.7,161.74
HSR Layout,1003,2,3,0,23,23.19,5.78,3,72.8,98.72
Yelahanka,2925,6,7,3,25,5.37,0.41,2,54.4,244.92
Marathahalli,854,1,2,0,25,23.08,2.29,1,48.4,39.31
Sarjapur Road,1093,1,2,2,16,16.74,6.11,0,93.1,139.61
Electronic City,1831,4,4,0,26,24.83,3.5,3,48.1,130.98
Jayanagar,1252,3,3,2,28,18.54,6.38,2,45.1,109.92
Electronic City,560,2,1,0,10,16.86,1.48,1,77.2,68.44
Sarjapur Road,1328,2,2,0,6,20.47,9.67,0,55.2,124.19
Electronic City,955,1,2,3,28,4.79,9.45,3,79.4,96.53
HSR Layout,1923,5,5,1,8,23.68,8.1,2,69.3,215.84
Electronic City,1304,2,2,1,13,4.56,6.47,1,52.7,96.63
JP Nagar,1264,3,3,3,4,1.13,4.8,2,44.2,165.68
Yelahanka,674,3,2,2,17,17.6,8.26,2,44.2,68.94
Electronic City,1057,3,2,3,29,5.02,,3,75.2,135.07
Yelahanka,2046,4,5,1,23,19.09,9.74,2,85.5,150.19
Bellandur,783,2,3,0,24,19.98,4.3,0,81.4,89.72
Whitefield,1179,3,2,3,22,6.3,2.49,0,75.6,123.53
HSR Layout,717,2,2,2,27,2.62,4.23,0,52.7,98.33
Whitefield,626,1,1,3,12,12.77,0.29,1,91.7,66.84
Bellandur,1145,3,2,1,4,22.31,5.19,4,77.7,165.28
HSR Layout,1320,3,4,0,7,21.26,3.43,1,81.7,132.16
Sarjapur Road,3593,5,5,1,14,3.37,9.52,0,53.4,298.58
Sarjapur Road,934,2,3,1,21,24.14,8.16,2,55.7,82.25
Yelahanka,1167,1,1,1,27,6.97,0.51,0,94.5,81.28
Bellandur,603,2,3,1,3,9.06,1.9,1,68.6,92.26
Yelahanka,1680,3,3,0,0,4.15,6.6,0,73.2,169.38
Marathahalli,1494,4,5,1,5,9.76,7.49,4,46.6,120.19
Electronic City,2721,5,6,2,23,16.07,9.27,4,63.7,191.91
Indiranagar,2212,5,6,2,18,12.9,11.63,0,93.2,313.88
Marathahalli,1456,2,1,1,11,20.77,8.48,3,94.0,120.56
Electronic City,927,2,3,2,6,16.21,6.63,0,83.8,118.15
HSR Layout,1343,2,1,1,12,6.96,,0,72.7,165.92
Yelahanka,1129,3,2,0,27,14.16,8.91,0,95.8,106.44
HSR Layout,2027,3,4,0,6,2.07,11.23,0,92.3,283.87
Hebbal,1890,4,3,2,8,14.73,5.19,0,90.8,165.69
Hebbal,1019,1,1,2,0,10.05,7.1,3,92.9,148.93
Hebbal,537,1,1,1,20,2.91,2.64,2,67.2,115.59
HSR Layout,2498,6,6,3,23,8.03,10.32,0,71.5,305.37
Electronic City,1653,4,5,1,12,22.5,8.62,2,65.4,129.39
Hebbal,1007,2,1,1,28,14.86,4.39,0,84.4,116.9
Bellandur,1618,1,2,0,18,22.63,10.51,1,75.5,132.21
Jayanagar,1250,2,1,3,20,10.56,11.66,4,44.2,140.39
Electronic City,2478,5,6,3,29,24.48,3.6,0,48.2,163.1
Hebbal,415,1,1,1,0,9.32,,1,51.5,96.29
Koramangala,965,3,3,0,24,19.04,10.02,1,80.2,164.38
Sarjapur Road,2892,5,5,2,19,7.98,7.07,1,46.6,256.73
Sarjapur Road,1636,4,4,0,20,3.1,10.64,3,72.4,182.95
Marathahalli,3181,6,5,2,18,20.91,4.3,1,90.5,304.39
Sarjapur Road,613,1,2,0,29,19.18,,0,96.9,45.08
Electronic City,2164,4,3,3,17,20.61,7.01,0,65.7,151.48
JP Nagar,2094,3,3,0,27,7.84,2.42,1,72.0,207.93
Yelahanka,476,2,1,1,29,17.74,11.9,0,89.9,49.28
Electronic City,1020,2,3,2,22,5.89,8.04,1,96.1,143.67
Jayanagar,1132,2,2,0,26,0.78,8.04,3,63.4,136.48
Electronic City,492,1,1,0,4,21.73,3.7,1,61.2,25.79
Indiranagar,1032,1,2,2,26,13.33,7.87,0,67.1,134.37
Yelahanka,1940,4,4,0,25,24.6,10.03,4,55.2,111.01
Koramangala,968,1,2,2,29,9.93,9.8,0,91.6,145.8
Sarjapur Road,1371,2,3,3,2,23.94,11.05,0,59.1,125.1
Yelahanka,1376,2,2,2,1,15.57,1.95,1,67.0,100.12
Sarjapur Road,1192,2,1,2,25,13.05,,0,59.2,78.33
Marathahalli,814,1,1,3,21,7.92,8.58,1,47.1,61.22
Yelahanka,1724,3,2,0,9,20.72,9.73,2,76.4,108.59
Hebbal,501,2,1,0,5,20.81,8.16,1,75.3,113.6
Sarjapur Road,1206,2,3,3,18,10.71,1.89,0,57.7,117.92
Koramangala,2571,6,5,1,28,18.32,7.22,1,41.9,289.14
Hebbal,938,2,1,2,24,11.46,9.03,1,96.2,98.82
Whitefield,804,1,2,0,16,18.62,1.82,1,61.3,54.73
HSR Layout,1788,3,4,0,18,24.86,0.86,0,72.3,191.35
HSR Layout,1313,2,2,2,12,6.93,3.21,0,48.6,123.84
Koramangala,1808,3,4,2,16,16.03,,0,55.1,198.59
Indiranagar,1226,2,2,2,22,9.81,1.95,2,66.1,176.07
Whitefield,400,1,1,1,17,13.94,,1,73.7,48.21
Marathahalli,2296,4,3,3,10,21.92,6.46,1,91.2,203.05
Koramangala,3747,5,4,1,26,9.02,2.04,4,57.4,387.08
Hebbal,2432,5,4,1,27,2.27,,2,92.3,297.0
HSR Layout,400,1,2,2,19,20.07,3.63,1,67.5,77.32
HSR Layout,1538,3,4,3,19,14.1,,1,66.0,216.37
HSR Layout,928,1,1,0,29,11.51,11.62,1,63.8,81.46
Hebbal,661,1,1,2,12,4.99,,1,93.2,120.36
Bellandur,1284,2,3,3,23,2.77,5.2,1,55.1,160.24
Koramangala,1106,2,2,0,10,7.33,5.48,2,91.4,186.66
Electronic City,1587,4,4,1,19,18.11,1.55,1,45.3,145.42
Marathahalli,1238,3,2,3,18,10.59,10.17,3,97.3,163.55
HSR Layout,648,1,1,1,9,14.47,0.25,1,70.2,99.18
Sarjapur Road,874,2,1,1,27,2.51,1.9,2,99.9,107.32
Koramangala,800,3,3,3,2,3.52,6.5,1,76.5,149.59
Jayanagar,467,1,1,0,20,0.78,2.42,2,47.1,86.89
Hebbal,564,1,1,3,5,17.0,7.67,0,43.7,56.6
Bellandur,1068,3,4,0,6,6.98,0.24,0,51.6,137.98
Koramangala,2626,5,6,2,28,24.19,1.36,3,65.3,268.25
Marathahalli,894,1,2,2,20,8.06,9.22,2,84.8,130.48
Bellandur,791,1,1,2,22,9.41,7.0,1,40.0,59.57
Marathahalli,627,1,2,1,19,12.0,0.43,2,55.4,25.0
Koramangala,1220,1,1,2,4,8.32,,1,75.3,205.19
Electronic City,2295,3,3,1,21,20.53,3.02,2,57.9,158.33
Jayanagar,3610,6,6,0,8,21.97,10.22,1,61.4,393.46
Marathahalli,1404,3,2,3,21,0.77,7.07,1,58.0,199.75
Bellandur,1296,1,1,3,9,16.54,6.59,1,97.2,133.74
Bellandur,890,1,1,1,13,17.31,1.22,4,43.9,79.61
Marathahalli,976,3,3,1,10,24.05,7.95,1,94.5,107.2
JP Nagar,1696,3,3,1,16,9.57,2.04,1,59.4,191.22
Koramangala,1009,3,3,0,27,5.28,6.36,3,54.8,127.22
JP Nagar,1098,3,4,0,10,13.25,7.19,0,93.0,175.71
Indiranagar,1183,3,3,2,6,11.47,10.13,2,57.2,209.28
Koramangala,867,2,1,2,29,19.9,9.72,3,99.2,111.64
Marathahalli,1152,2,1,3,10,22.65,2.44,2,72.9,103.74
Whitefield,400,1,1,2,12,2.62,11.01,2,68.6,110.79
Marathahalli,1623,3,2,0,26,21.24,0.23,1,98.6,110.55
JP Nagar,4375,6,5,0,18,22.77,4.1,1,53.6,357.88
Electronic City,886,1,1,0,5,23.14,0.98,1,94.5,75.87
Marathahalli,1474,3,3,0,1,19.23,8.71,0,75.5,139.65
Marathahalli,1917,4,5,3,13,18.68,6.1,1,85.3,153.82
Electronic City,2426,5,6,3,27,0.86,2.26,2,74.9,227.78
Marathahalli,1038,2,3,0,15,23.04,1.2,1,77.1,64.77
HSR Layout,445,1,1,1,6,9.11,2.87,3,49.3,79.24
Whitefield,1390,3,4,2,0,1.51,11.06,4,49.1,186.19
Sarjapur Road,1288,2,2,3,28,10.62,8.2,0,63.8,142.77
Whitefield,992,2,1,1,1,18.45,,0,60.8,125.12
Hebbal,1115,1,1,2,8,11.33,10.75,1,82.7,130.99
Jayanagar,1299,4,4,1,24,19.07,1.81,0,83.4,191.03
Marathahalli,1464,3,2,0,22,12.98,8.32,0,73.8,155.09
HSR Layout,1431,3,2,2,17,7.84,5.21,1,64.1,173.76
Koramangala,1065,1,1,1,20,5.47,3.37,1,80.6,139.08
Marathahalli,1482,3,4,3,19,10.82,3.3,1,81.2,189.91
JP Nagar,1026,2,3,3,17,1.38,6.11,2,88.5,156.19
HSR Layout,1708,4,5,3,17,10.85,11.19,2,88.7,200.79
Electronic City,850,3,2,2,9,2.18,8.96,2,44.2,108.34
HSR Layout,1249,1,2,0,7,21.99,8.01,1,62.4,104.57
Hebbal,491,1,1,0,20,14.6,,2,65.2,100.59
Electronic City,979,2,1,2,7,16.33,6.93,1,90.8,88.81
Indiranagar,1640,3,2,2,1,7.58,2.46,1,70.1,242.38
Sarjapur Road,680,2,3,0,17,6.03,11.73,2,69.3,118.63
Yelahanka,1006,2,3,3,10,17.84,6.51,0,73.2,146.69
HSR Layout,400,1,1,0,10,16.95,3.92,4,47.6,50.83
Bellandur,565,1,2,0,18,3.51,9.38,2,73.9,74.42
JP Nagar,653,2,2,1,10,6.35,5.68,0,73.1,85.53
Marathahalli,1269,3,4,3,9,23.69,0.35,1,85.3,110.36
JP Nagar,1442,3,2,2,7,7.95,3.98,2,78.0,178.62
Whitefield,1164,2,1,0,14,1.13,5.59,1,97.3,158.21
Yelahanka,972,1,1,3,7,2.06,4.6,3,44.8,65.66
Whitefield,974,2,2,2,18,19.5,,0,86.3,99.56
Indiranagar,1779,2,1,1,0,19.05,2.36,1,85.1,226.48
Yelahanka,1349,1,1,1,22,9.85,6.95,1,56.2,76.7
Yelahanka,999,1,2,3,19,4.25,,2,81.9,113.27
Whitefield,2444,3,3,0,2,12.7,9.09,0,79.6,221.86
Electronic City,3507,6,7,2,20,8.63,8.28,1,57.9,310.28
Hebbal,605,1,1,3,11,9.66,2.57,1,83.4,67.34
Whitefield,1600,2,1,1,15,6.89,7.06,4,95.8,177.02
JP Nagar,6000,6,6,2,21,2.04,,2,58.3,474.58
Electronic City,1400,2,1,2,15,19.88,3.04,1,98.8,132.79
JP Nagar,1279,3,3,0,29,15.65,1.22,1,53.5,109.97
Hebbal,1164,3,4,1,16,20.95,8.01,1,48.1,114.59
Indiranagar,1571,3,3,1,27,12.83,8.15,3,44.6,179.55
Marathahalli,1818,4,5,1,27,24.63,9.69,0,52.8,164.61
Hebbal,605,2,1,2,15,24.08,7.63,1,60.6,81.09
Jayanagar,1183,2,3,1,8,7.16,,0,84.0,184.37
Koramangala,400,2,3,3,21,9.98,3.34,0,44.3,65.57
Electronic City,1070,1,2,1,18,18.94,0.62,0,70.4,82.33
Indiranagar,730,1,1,2,0,19.53,8.85,1,71.1,120.03
Jayanagar,1446,1,2,1,28,22.81,4.75,3,53.7,114.18
Bellandur,483,1,1,1,24,16.49,2.67,1,42.7,76.02
Indiranagar,905,2,2,2,17,12.14,0.81,2,53.5,119.03
Whitefield,2042,3,3,1,29,9.75,9.11,1,53.8,173.53
Whitefield,827,1,1,0,25,10.77,9.95,0,81.3,74.84
Hebbal,421,1,1,2,5,21.33,4.79,1,54.0,81.15
Koramangala,1383,2,1,1,5,24.51,10.64,4,60.4,145.29
Indiranagar,869,3,3,0,11,1.77,5.1,0,42.8,170.72
Sarjapur Road,1083,2,1,3,2,14.72,11.43,0,77.4,107.2
Marathahalli,803,1,2,2,10,13.24,11.8,0,68.4,87.9
Hebbal,3555,6,6,1,5,9.72,9.85,0,60.7,397.81
Whitefield,509,1,1,2,13,21.36,3.22,1,82.2,36.21
Koramangala,5702,6,6,0,17,14.61,4.52,1,80.9,586.82
Marathahalli,968,3,2,2,15,8.17,,0,59.7,154.4
Indiranagar,1327,2,3,3,23,11.38,4.08,4,82.6,226.01
Indiranagar,875,2,2,1,12,9.24,9.86,1,60.9,107.41
Yelahanka,855,2,1,3,0,11.04,11.15,1,53.3,75.41
Koramangala,779,1,1,0,5,2.25,11.83,3,83.2,146.14
Jayanagar,1670,2,3,2,13,3.24,4.17,0,83.7,232.8
Whitefield,552,1,2,1,16,15.78,3.39,1,91.9,92.58
Sarjapur Road,1466,4,3,1,24,17.26,2.1,1,70.1,150.47
Indiranagar,400,1,1,0,12,16.1,0.76,3,53.9,42.24
Sarjapur Road,1395,4,4,0,12,19.2,2.29,1,90.2,189.5
Indiranagar,1914,3,3,2,8,23.62,3.56,1,50.5,234.91
Whitefield,595,2,1,1,5,21.59,4.81,3,96.3,88.99
Marathahalli,1743,2,3,0,5,10.75,1.49,3,58.4,210.16
HSR Layout,1234,2,2,1,24,5.83,9.88,0,41.1,116.1
Marathahalli,2891,6,5,2,29,8.14,7.5,1,51.2,270.24
Indiranagar,750,2,3,3,4,14.9,6.84,0,64.9,181.37
JP Nagar,5647,6,7,0,24,21.48,6.63,2,43.3,444.24
HSR Layout,400,1,1,2,20,17.69,3.62,1,64.6,38.92
Jayanagar,1001,1,1,3,13,13.8,11.26,1,52.2,120.23
HSR Layout,471,1,1,2,13,15.25,2.93,1,41.1,50.49
Sarjapur Road,3321,5,4,0,3,13.44,8.09,0,57.9,314.22
Koramangala,1039,2,2,2,1,24.3,3.19,4,53.6,150.01
Sarjapur Road,1092,1,2,1,1,20.49,11.88,2,65.2,123.65
Hebbal,1531,2,2,0,28,19.64,10.96,1,85.5,125.98
Sarjapur Road,1197,3,2,1,16,13.17,3.32,1,70.6,145.71
Jayanagar,866,2,2,2,9,8.63,11.85,1,86.1,128.89
JP Nagar,601,1,2,0,13,0.98,7.59,1,60.2,100.11
Marathahalli,1317,2,3,1,18,1.56,,2,40.8,139.34
Marathahalli,1478,3,2,1,16,1.24,3.54,1,95.3,134.7
Bellandur,1759,4,4,1,28,24.52,2.75,4,58.9,186.25
Indiranagar,3436,6,5,3,21,3.3,10.33,1,71.6,452.17
JP Nagar,400,1,1,1,29,3.98,3.45,3,68.2,53.57
Bellandur,1156,1,2,1,10,12.36,11.03,0,75.0,121.01
Hebbal,2311,3,3,2,28,12.29,4.53,1,93.1,206.59
Whitefield,1121,2,1,2,6,23.04,0.31,2,92.0,154.63
Indiranagar,400,1,2,2,8,2.3,7.19,1,98.9,156.96
Indiranagar,590,1,1,2,13,23.95,4.37,2,71.7,119.47
Yelahanka,1438,3,3,3,22,5.8,11.72,1,95.3,141.49
Yelahanka,1409,2,1,2,3,24.27,4.76,2,68.9,99.67
Electronic City,1737,3,3,2,13,13.76,3.91,2,42.7,154.5
Electronic City,781,1,2,2,19,16.47,,1,48.8,75.93
Sarjapur Road,1384,2,3,1,23,8.24,8.81,2,60.0,156.7
Whitefield,713,1,1,3,19,15.49,,2,83.5,105.31
HSR Layout,1384,2,3,2,16,17.92,1.02,2,44.9,167.93
HSR Layout,1236,3,2,1,24,0.75,5.15,1,61.7,173.22
Yelahanka,764,1,1,0,18,1.34,8.03,1,98.9,103.42
Yelahanka,2827,5,5,3,29,24.67,0.26,0,87.1,234.95
Yelahanka,470,2,1,2,16,11.71,,0,74.3,39.58
JP Nagar,1110,2,2,1,24,23.43,9.72,0,43.7,89.07
Koramangala,755,1,1,0,26,18.38,0.8,0,40.9,34.89
Electronic City,3291,6,6,0,26,9.64,4.22,3,46.3,262.68
JP Nagar,1668,3,4,1,13,4.2,4.93,0,59.6,188.75
Marathahalli,840,3,2,1,12,24.46,8.65,0,76.4,70.12
HSR Layout,1029,2,2,3,25,14.82,3.69,3,51.8,109.59
Hebbal,3340,5,4,1,13,5.21,,2,43.1,323.48
Jayanagar,713,3,3,2,25,17.2,1.56,0,45.5,90.09
Indiranagar,455,1,1,0,15,2.76,11.95,0,65.6,108.7
Electronic City,1408,2,1,2,20,21.77,5.77,1,86.4,117.78
Bellandur,1426,4,3,2,27,2.71,0.77,1,89.3,192.32
Marathahalli,1731,3,4,2,14,6.29,1.1,0,57.5,169.72
Hebbal,1737,5,6,0,29,2.74,1.71,0,79.8,217.49
Electronic City,3178,6,7,0,24,3.04,2.7,0,63.6,272.93
Jayanagar,466,2,1,0,18,13.33,8.94,1,98.4,79.83
JP Nagar,619,4,5,1,21,17.33,6.79,0,64.3,92.5
Whitefield,1727,3,3,2,10,19.82,9.36,1,63.8,162.53
Indiranagar,653,1,1,3,11,17.53,0.43,0,70.1,68.85
Electronic City,539,1,1,1,10,9.41,3.33,0,41.5,60.05
Koramangala,3349,6,6,1,27,14.15,4.99,0,65.1,376.5
Yelahanka,492,1,1,3,22,23.23,5.26,1,89.7,45.07
Yelahanka,989,2,1,2,4,10.0,0.83,2,76.7,107.68
Indiranagar,1161,4,3,3,27,6.68,6.24,1,98.2,202.52
Jayanagar,2465,5,6,0,7,13.22,3.58,4,59.5,309.97
Hebbal,429,1,2,2,25,7.78,2.46,0,49.7,42.5
JP Nagar,1508,3,4,1,5,6.91,8.12,0,85.0,205.05
Yelahanka,735,1,2,0,15,19.58,1.19,2,42.6,59.19
Electronic City,1695,4,4,0,11,22.33,10.43,1,49.6,119.64
Bellandur,729,1,1,1,5,12.81,10.82,0,70.4,87.59
HSR Layout,2849,6,7,3,12,19.6,4.04,3,85.2,319.8
HSR Layout,731,1,1,0,6,5.08,11.85,1,76.1,101.1
Marathahalli,400,1,1,0,7,13.92,,0,99.7,77.31
Hebbal,778,1,1,2,11,16.09,11.56,0,79.3,106.59
Sarjapur Road,1039,2,1,2,28,12.52,11.85,1,83.5,101.27
Whitefield,2176,3,3,1,1,3.36,9.96,0,99.6,237.86
Indiranagar,601,1,2,1,22,18.49,1.67,2,75.5,103.89
Marathahalli,607,2,1,1,8,21.06,7.1,0,82.9,83.22
Sarjapur Road,2035,2,2,3,12,16.06,8.84,3,57.9,147.8
JP Nagar,563,1,1,0,16,4.64,1.11,0,72.2,74.61
Koramangala,1087,2,2,1,12,2.33,10.74,4,94.7,197.16
Koramangala,1100,3,4,2,15,7.89,10.25,0,91.2,188.68
Whitefield,1353,1,2,0,27,1.41,11.22,1,58.4,112.84
Hebbal,794,2,1,1,0,21.06,6.27,3,61.4,109.22
Yelahanka,721,2,3,0,6,17.72,4.03,1,90.8,66.21
Electronic City,1443,3,4,0,12,14.31,6.17,0,57.1,145.03
Marathahalli,733,2,2,0,13,22.3,8.81,1,93.3,88.42
Marathahalli,568,1,1,1,20,3.2,5.11,2,86.4,87.98
Indiranagar,2358,2,1,0,16,18.0,4.35,2,49.1,268.09
Indiranagar,1570,3,3,0,29,4.09,1.11,1,83.2,246.51
Koramangala,3172,6,7,0,15,1.99,5.48,3,90.1,429.06
Koramangala,1847,3,3,2,14,3.76,4.84,2,48.7,238.83
Hebbal,597,1,2,1,28,23.8,8.03,4,67.4,46.89
Jayanagar,1265,2,1,3,16,11.29,5.38,1,91.8,172.33
Bellandur,686,2,3,2,1,1.7,0.25,0,51.9,97.14
Bellandur,484,1,1,0,26,14.8,5.92,1,66.9,44.45
Jayanagar,938,1,1,0,25,5.39,9.33,1,76.8,124.09
Yelahanka,2059,3,3,3,24,0.67,11.35,1,45.8,152.37
Bellandur,1396,3,3,3,27,19.08,2.48,3,52.7,121.51
Hebbal,558,2,1,2,11,4.29,,1,68.0,132.24
Electronic City,920,3,4,0,2,23.59,10.2,0,62.4,90.05
Electronic City,1109,3,3,3,8,15.02,0.71,2,59.5,99.11
Marathahalli,474,1,2,2,5,2.63,4.33,1,41.6,67.22
HSR Layout,1776,3,2,3,28,5.84,7.17,1,95.7,215.8
Jayanagar,1058,3,4,0,25,15.47,4.24,1,92.3,168.94
Electronic City,558,2,2,0,5,8.78,,1,63.6,81.19
Sarjapur Road,541,1,2,0,6,13.54,11.28,2,50.9,64.22
Koramangala,2198,5,5,0,25,20.09,0.48,0,44.1,242.61
Indiranagar,973,2,2,1,26,19.92,1.12,2,47.4,142.57
Hebbal,2309,5,4,1,7,17.6,2.52,0,76.1,235.18
Bellandur,2849,6,5,1,26,22.21,4.74,0,84.0,259.72
Jayanagar,2106,3,4,2,2,5.38,5.76,3,49.4,284.08
Marathahalli,895,2,3,2,23,4.84,0.63,2,46.8,84.27
Whitefield,400,2,2,3,14,20.08,10.61,2,81.5,64.91
Indiranagar,1425,2,2,3,21,8.36,9.15,0,71.0,201.3
Sarjapur Road,3791,6,6,2,5,13.05,3.36,0,62.3,333.27
Bellandur,1177,3,3,3,10,18.73,,2,83.5,170.03
Sarjapur Road,402,1,1,2,29,10.2,0.5,0,67.3,35.21
Koramangala,828,1,1,1,2,3.69,4.91,1,67.9,129.54
Koramangala,1085,2,1,2,15,17.15,3.2,0,40.9,135.28
Hebbal,656,1,2,2,5,20.52,,0,59.0,68.18
Yelahanka,400,1,2,3,10,0.81,6.67,0,40.3,31.73
Marathahalli,1137,3,2,3,28,14.28,11.49,1,95.4,171.91
Indiranagar,779,1,1,2,7,12.0,9.58,0,57.6,111.67
JP Nagar,3181,5,6,0,28,6.86,1.15,2,50.8,283.38
JP Nagar,1269,2,1,3,22,4.45,,0,45.5,104.59
Indiranagar,1554,5,6,2,9,5.11,1.46,0,42.8,262.53
Whitefield,1124,3,3,3,9,18.26,4.01,3,93.2,156.95
Hebbal,1263,2,1,0,22,13.64,6.75,2,50.1,146.03
Marathahalli,484,1,2,3,2,24.54,6.05,2,77.0,64.16
Sarjapur Road,677,2,2,2,25,6.46,8.38,2,79.1,115.51
Whitefield,2184,3,2,2,13,23.94,9.76,2,59.1,231.94
HSR Layout,1347,3,2,0,18,13.12,9.99,1,90.0,179.23
Indiranagar,964,1,1,2,20,4.08,0.89,0,52.8,128.75
Sarjapur Road,1568,4,3,0,27,4.13,7.77,2,44.3,159.35
JP Nagar,1585,3,4,2,20,15.41,11.54,4,44.1,159.38
Electronic City,3587,6,5,2,8,20.87,9.11,1,58.0,268.21
Jayanagar,1313,2,1,3,12,18.82,6.33,2,67.8,125.85
Yelahanka,669,2,1,3,8,16.56,11.98,0,77.8,87.61
JP Nagar,1126,2,1,0,25,4.72,0.72,0,83.7,119.53
Marathahalli,1676,5,4,3,20,3.15,1.24,2,50.7,180.25
Koramangala,2075,5,5,1,11,0.51,9.26,2,81.0,334.02
Jayanagar,494,1,2,0,13,2.99,6.69,1,51.0,79.22
Jayanagar,1380,3,3,1,4,19.28,1.67,1,99.8,225.36
Electronic City,733,2,3,0,5,22.43,4.63,2,97.5,72.86
Yelahanka,879,1,1,1,12,6.39,,1,46.1,71.5
Yelahanka,1911,4,5,3,12,19.97,6.41,2,79.3,149.64
HSR Layout,1809,4,3,3,23,5.37,1.43,1,94.2,220.08
HSR Layout,826,1,1,2,5,6.61,0.28,1,44.8,92.74
Bellandur,1100,3,3,1,13,5.99,4.0,0,47.4,140.0
JP Nagar,894,1,1,2,10,1.77,2.96,2,60.8,120.88
JP Nagar,5887,6,6,0,28,5.25,4.47,2,45.7,498.02
JP Nagar,1399,3,4,1,12,9.65,4.34,0,93.1,153.48
Bellandur,756,1,2,2,11,10.43,7.63,1,92.5,104.75
Hebbal,2483,5,5,0,29,8.08,,1,96.9,275.33
Whitefield,2532,3,3,1,15,13.11,1.7,1,52.3,244.82
Yelahanka,3215,5,4,2,5,9.76,5.97,1,42.7,205.07
Electronic City,3784,6,7,1,8,24.27,10.69,1,66.7,295.55
Marathahalli,1771,3,2,1,16,20.28,1.95,0,92.8,160.07
Yelahanka,990,2,3,2,29,23.31,11.61,2,78.3,40.98
HSR Layout,1073,2,2,3,19,14.16,0.43,2,99.9,170.2
Jayanagar,1022,2,3,3,15,17.12,1.38,0,94.3,135.86
Sarjapur Road,961,3,4,2,25,4.58,2.3,1,63.6,146.54
Koramangala,2373,4,3,0,28,18.94,5.74,0,42.4,213.1
Bellandur,1200,3,3,2,25,6.28,3.73,2,40.3,119.5
Indiranagar,2047,3,3,2,11,4.07,5.13,1,78.7,317.63
Sarjapur Road,1741,4,4,1,17,1.53,11.3,0,94.9,198.71
Marathahalli,656,1,1,3,8,12.07,4.23,1,66.7,89.1
JP Nagar,467,1,1,3,2,7.53,10.21,3,92.5,73.91
HSR Layout,608,1,1,3,9,24.67,1.06,0,74.0,73.74
HSR Layout,949,2,3,3,10,6.62,9.78,2,45.9,139.77
HSR Layout,1292,2,3,2,1,21.73,10.84,1,87.9,184.96
JP Nagar,840,2,1,1,7,8.25,3.56,0,69.6,111.34
Indiranagar,1767,4,3,3,19,18.85,6.66,2,43.1,196.61
Bellandur,898,1,1,3,10,16.67,2.41,1,88.9,98.43
Sarjapur Road,1382,2,3,1,17,14.26,,0,85.5,110.36
JP Nagar,1280,2,3,2,19,10.71,,1,67.4,124.26
Marathahalli,3115,5,5,2,6,16.94,7.63,1,41.2,259.57
Bellandur,702,1,1,2,13,10.48,9.08,1,60.8,87.31
Marathahalli,4043,6,6,3,6,13.93,5.39,3,66.1,336.86
Bellandur,865,1,1,3,0,14.95,3.15,3,49.9,113.32
Indiranagar,574,1,1,3,28,7.05,5.24,0,49.7,70.63
Koramangala,1065,1,1,2,11,8.82,0.96,0,50.0,138.72
Marathahalli,6000,6,5,3,27,0.94,,0,62.2,500.44
JP Nagar,1963,3,2,0,0,21.38,3.71,0,89.1,182.87
Bellandur,1672,3,4,1,2,19.02,8.63,2,85.6,197.27
HSR Layout,1858,3,4,0,1,5.0,0.83,1,40.6,197.2
Hebbal,786,1,2,0,2,9.37,3.09,1,40.6,79.12
Yelahanka,1436,2,2,3,3,10.82,3.46,0,44.7,103.58
HSR Layout,1202,2,3,1,13,8.69,6.71,0,68.0,144.59
Whitefield,3246,6,6,0,22,20.06,,1,93.3,305.83
Koramangala,1130,3,4,2,17,18.27,1.76,2,50.9,169.96
Koramangala,975,1,1,2,22,19.3,,2,68.6,86.43
HSR Layout,632,1,2,2,4,22.65,5.18,0,42.4,57.96
Sarjapur Road,1296,2,1,2,14,15.08,6.4,2,41.2,118.15
Indiranagar,1410,4,3,1,15,15.56,0.63,1,40.4,206.57
Marathahalli,620,2,3,2,7,18.19,3.86,1,84.2,71.1
JP Nagar,1540,3,4,1,23,17.19,9.22,0,41.4,142.19
Koramangala,1364,2,1,1,20,21.81,7.25,4,56.4,127.89
HSR Layout,2095,5,5,1,25,19.37,5.58,1,78.7,243.47
HSR Layout,2338,4,4,1,7,3.45,5.55,0,77.1,280.87
Indiranagar,1264,4,5,3,27,23.24,4.55,3,43.3,170.99
Indiranagar,679,1,1,0,29,17.24,4.24,2,55.4,74.56
Electronic City,760,2,2,3,24,3.62,4.93,2,78.4,81.38
Electronic City,3163,5,6,0,6,19.41,10.46,0,63.5,252.95
Sarjapur Road,1314,3,4,3,5,9.28,5.73,1,67.9,174.17
Hebbal,3135,6,5,2,6,20.25,8.1,1,52.4,299.07
Hebbal,1579,3,3,1,22,23.91,9.73,2,42.3,112.81
Sarjapur Road,1816,4,5,2,18,6.75,5.3,1,60.7,159.45
Whitefield,2011,5,5,2,21,21.51,10.1,0,81.0,199.32
Sarjapur Road,612,3,4,2,21,19.45,11.91,3,86.0,123.62
Bellandur,1421,3,4,3,26,16.94,6.15,0,75.6,143.01
Indiranagar,608,1,1,2,24,9.93,4.95,0,63.6,87.92
Hebbal,1026,1,1,1,0,3.19,9.71,0,75.0,141.04
JP Nagar,1706,3,2,1,12,12.36,7.86,2,82.3,208.73
Bellandur,683,2,1,0,6,3.09,7.44,3,85.3,89.62
Marathahalli,1632,2,1,3,0,12.75,10.66,2,45.7,160.84
HSR Layout,526,2,1,1,9,20.6,7.86,2,88.2,94.08
Sarjapur Road,2250,4,4,1,12,24.94,7.77,0,43.8,196.27
HSR Layout,833,1,1,3,3,5.35,,2,92.2,159.55
Koramangala,682,1,1,2,28,5.59,8.32,0,63.5,79.39
Whitefield,545,1,2,1,6,20.37,10.97,0,72.8,92.94
Koramangala,873,1,1,2,5,11.99,7.0,3,57.4,155.2
Whitefield,420,1,1,1,5,22.94,10.86,1,65.6,70.21
Electronic City,888,2,2,0,20,19.34,4.21,0,90.7,120.52
HSR Layout,2197,5,5,2,10,18.54,0.7,1,57.7,244.03
Whitefield,1082,1,1,1,22,3.0,5.45,2,73.9,100.8
Jayanagar,628,1,1,3,8,1.38,0.25,0,78.8,135.84
Hebbal,1359,2,2,3,29,8.26,2.03,0,48.8,128.94
Jayanagar,1295,2,1,3,21,5.82,2.45,0,86.7,180.88
Jayanagar,3520,5,5,1,25,17.95,6.5,1,99.9,372.64
Yelahanka,1854,2,1,2,6,11.54,11.41,3,49.3,168.5
Hebbal,1420,3,4,0,8,13.32,0.43,2,86.1,188.34
Bellandur,1974,2,2,0,22,20.44,2.99,0,48.8,123.62
Whitefield,1115,3,4,1,5,12.22,11.64,1,97.0,165.9
Whitefield,1151,2,1,1,18,13.85,10.6,0,64.7,115.6
Bellandur,2988,4,4,1,13,21.14,10.05,0,98.8,269.11
HSR Layout,488,1,2,2,0,11.07,,0,44.1,84.03
HSR Layout,2044,5,4,3,25,2.54,7.8,1,87.5,270.7
Jayanagar,1129,1,2,2,15,13.28,,2,68.4,115.57
Bellandur,1022,2,2,2,8,14.69,7.88,0,57.4,98.23
Hebbal,885,2,2,1,22,13.04,5.24,0,84.9,113.21
Jayanagar,1306,1,1,0,14,6.82,7.7,1,78.1,157.9
Koramangala,1172,2,1,2,18,5.98,5.26,1,94.2,149.17
Yelahanka,955,2,3,0,9,9.56,10.91,2,54.9,100.75
JP Nagar,815,2,1,1,15,4.57,0.5,1,96.4,129.61
Marathahalli,421,1,2,2,24,16.82,2.46,2,78.5,70.29
Yelahanka,806,2,1,3,2,15.56,10.03,1,67.0,92.15
HSR Layout,905,2,2,3,18,15.99,8.89,1,43.2,87.83
JP Nagar,1304,2,3,2,12,6.01,2.4,1,85.9,163.71
Electronic City,3533,6,7,3,13,6.54,1.63,1,91.5,357.46
Sarjapur Road,855,2,3,2,6,19.79,3.87,3,88.6,105.19
Jayanagar,683,1,1,3,1,17.41,5.89,0,84.1,103.08
Whitefield,810,2,2,1,25,21.94,,2,98.2,82.11
Bellandur,1306,2,3,3,13,10.39,10.18,0,90.9,140.47
Bellandur,1659,3,2,3,22,13.91,6.35,0,95.7,172.69
Whitefield,1791,3,4,1,22,18.6,11.05,2,83.8,173.14
Jayanagar,1892,3,3,1,16,24.37,4.04,3,89.2,203.65
Sarjapur Road,2045,5,6,3,12,24.75,0.78,1,57.3,244.52
Marathahalli,1029,1,1,0,25,24.98,10.48,1,80.1,71.22
Sarjapur Road,3712,6,5,0,26,22.32,1.97,1,52.3,276.96
JP Nagar,987,2,1,2,1,16.17,4.16,0,44.2,111.42
Sarjapur Road,1274,2,2,3,4,0.67,5.68,2,74.8,145.77
JP Nagar,2447,4,4,2,29,17.64,6.0,2,87.0,228.95
Sarjapur Road,1639,3,2,1,3,6.35,,1,45.0,132.22
Marathahalli,400,1,1,3,29,1.9,6.42,2,50.9,64.78
Marathahalli,1204,2,2,1,2,17.58,1.11,0,45.6,115.43
HSR Layout,1928,4,5,3,25,19.02,4.06,0,78.1,225.46
Whitefield,573,1,1,3,13,16.66,11.71,0,44.8,61.72
Marathahalli,1813,5,4,1,10,9.45,3.51,2,45.6,181.15
JP Nagar,1487,3,3,3,7,13.02,9.79,0,55.9,169.84
Marathahalli,2301,2,2,3,22,23.41,6.22,1,56.2,199.07
HSR Layout,820,2,2,2,8,18.38,2.59,1,73.5,120.31
Bellandur,2075,4,3,1,15,12.86,8.72,0,41.9,190.2
JP Nagar,1310,1,2,0,2,15.04,6.75,0,76.9,106.72
HSR Layout,3170,6,5,0,9,23.23,6.49,0,64.7,326.65
Koramangala,5555,6,7,3,0,10.15,0.55,1,50.7,588.48
Koramangala,2797,5,5,2,8,3.0,4.14,0,79.2,374.94
Electronic City,1563,3,2,3,15,8.48,,2,59.8,123.15
Sarjapur Road,4301,6,7,2,8,10.67,9.59,0,89.6,381.2
Whitefield,1672,3,2,3,27,7.19,9.81,0,99.4,179.53
Indiranagar,728,1,2,0,11,13.46,0.64,3,86.7,171.07
Yelahanka,1174,2,3,1,0,7.97,2.12,0,84.6,114.11
HSR Layout,1824,4,3,2,15,3.03,11.83,2,61.3,209.21
Bellandur,1890,4,4,3,29,5.11,,1,72.1,249.8
Yelahanka,646,1,1,3,7,22.99,2.71,2,43.2,33.99
Bellandur,658,1,1,2,13,15.93,9.67,1,83.6,82.65
Hebbal,995,3,4,2,13,8.2,4.84,0,80.5,150.35
Hebbal,1610,3,4,0,9,9.49,1.57,1,56.2,189.08
Hebbal,1728,4,3,2,0,12.59,1.68,1,72.0,192.58
Yelahanka,1297,2,1,3,5,16.99,1.19,0,80.8,106.59
HSR Layout,758,2,2,0,8,14.76,,1,62.1,109.94
Indiranagar,3119,6,6,0,18,23.35,6.06,0,83.5,393.75
Yelahanka,665,1,1,1,21,15.83,0.38,2,87.8,49.9
HSR Layout,2456,4,4,1,15,22.81,1.58,0,53.4,211.34
Marathahalli,1802,2,2,1,18,0.63,10.9,1,58.1,172.78
Indiranagar,2427,4,3,2,10,22.32,10.54,2,64.1,288.51
Hebbal,940,1,1,0,29,18.18,10.03,1,54.1,88.14
JP Nagar,1109,4,5,2,20,4.72,8.53,1,86.5,169.95
Bellandur,1237,1,2,0,10,6.94,8.01,0,74.3,142.77
Hebbal,923,4,3,3,13,13.8,3.45,2,62.8,149.32
Koramangala,1358,3,4,2,6,3.56,,0,41.0,202.91
Sarjapur Road,2860,5,5,0,26,19.74,,2,59.6,227.58
Koramangala,588,2,1,1,25,19.88,11.77,0,90.2,103.68
Hebbal,836,1,2,1,11,7.87,7.68,2,84.6,136.14
Indiranagar,788,1,1,3,19,2.21,11.6,2,44.0,104.14
JP Nagar,1139,2,3,2,19,24.73,3.41,1,88.1,109.26
Bellandur,1114,3,2,0,22,6.64,7.53,3,50.7,130.39
JP Nagar,1835,4,4,1,4,2.16,9.16,0,99.2,248.9
Yelahanka,1222,3,4,0,0,8.58,1.32,2,92.1,138.11
Bellandur,1418,2,1,2,10,24.24,8.07,0,94.8,145.81
Hebbal,1494,4,4,1,14,19.93,2.2,2,86.2,172.97
Yelahanka,1373,3,4,3,9,12.27,4.07,1,82.6,136.72
HSR Layout,1767,3,4,3,28,7.98,8.65,3,54.7,193.97
Indiranagar,1122,3,2,2,14,10.87,5.39,1,75.2,223.82
Jayanagar,2968,6,6,2,27,0.93,11.07,0,81.8,384.93
HSR Layout,4856,6,5,0,12,18.1,3.05,4,57.3,459.03
Electronic City,1770,2,3,3,14,2.94,2.01,1,63.9,158.27
JP Nagar,1360,2,1,2,1,13.22,4.18,2,96.8,157.26
Jayanagar,1692,2,1,2,21,14.36,10.25,3,64.5,171.96
Yelahanka,655,2,2,3,12,0.54,10.2,2,58.9,89.29
Marathahalli,1325,1,1,0,11,24.51,4.56,1,46.4,73.65
HSR Layout,803,2,3,0,24,7.9,9.76,3,60.5,119.59
Electronic City,1589,2,2,3,22,2.39,1.12,4,76.7,158.78
Whitefield,805,3,2,3,3,21.43,0.29,0,48.9,132.76
Jayanagar,993,1,2,3,27,4.22,10.4,3,76.3,98.76
Koramangala,429,1,1,3,11,1.11,10.51,0,84.5,110.45
Bellandur,629,1,1,3,14,12.62,1.89,0,86.1,75.19
Electronic City,1459,4,3,2,12,3.68,3.71,1,99.1,126.31
Indiranagar,744,3,4,1,1,24.57,,3,66.1,153.76
Jayanagar,2154,2,3,3,19,0.76,1.19,1,41.9,225.46
HSR Layout,710,2,2,1,15,1.75,10.38,1,91.3,151.58
Indiranagar,1540,4,4,0,13,20.92,6.98,3,45.0,217.09
Koramangala,789,2,2,2,20,6.37,7.96,2,91.7,136.93
Marathahalli,1483,3,3,1,1,22.83,7.22,2,99.0,158.61
JP Nagar,516,1,2,0,16,8.12,7.07,3,94.4,120.97
JP Nagar,935,2,1,0,15,2.21,2.38,2,97.8,105.59
Hebbal,753,1,1,0,3,0.76,2.99,0,41.4,84.83
Indiranagar,1951,5,5,3,10,7.42,7.04,2,40.7,288.83
Yelahanka,1547,3,4,2,12,12.11,4.94,2,52.6,119.87
Marathahalli,609,1,1,0,5,0.52,6.59,1,87.9,98.25
JP Nagar,1073,2,2,3,16,14.74,3.19,1,45.4,123.86
Marathahalli,785,1,2,1,0,8.67,5.67,0,84.8,126.96
Electronic City,2024,2,1,2,8,10.06,1.89,1,40.8,119.8
Marathahalli,2415,4,3,1,20,6.9,0.65,2,83.9,246.65
Sarjapur Road,543,2,2,1,17,13.46,11.42,2,55.0,71.64
Koramangala,1891,2,3,3,10,6.14,8.73,0,66.4,250.68
JP Nagar,763,2,1,1,13,3.8,6.08,3,98.6,154.57
Marathahalli,1044,1,1,2,1,22.32,6.7,1,73.1,103.39
Indiranagar,1221,2,3,1,19,10.07,6.23,2,44.5,189.14
Whitefield,3259,6,7,3,10,2.38,10.81,0,92.4,377.6
Sarjapur Road,691,2,1,0,1,6.14,9.33,1,59.4,124.47
Sarjapur Road,1899,3,3,3,3,8.09,4.04,1,75.1,200.14
Yelahanka,630,2,2,0,26,19.36,2.77,1,82.7,63.57
Marathahalli,607,1,1,1,12,1.05,0.99,2,86.7,99.21
Hebbal,1219,2,2,0,5,12.22,1.94,0,65.9,123.84
Yelahanka,1214,2,2,3,6,10.49,5.98,2,86.4,144.08
Yelahanka,400,2,3,3,21,24.23,2.59,0,47.0,42.06
Whitefield,2271,5,6,2,19,4.91,3.89,0,71.5,236.2
Electronic City,400,1,2,2,25,15.88,,2,41.3,35.43
Marathahalli,1107,2,2,0,2,5.45,11.09,2,64.4,107.1
HSR Layout,2491,5,6,0,3,13.94,0.6,4,61.9,249.47
JP Nagar,4045,6,7,2,27,14.1,,1,98.7,388.13
Yelahanka,983,2,1,1,20,2.35,3.25,2,63.9,125.08
Koramangala,546,3,4,2,19,11.68,0.3,1,94.4,133.31
Bellandur,2440,4,3,1,2,11.8,11.16,0,66.1,241.41
Koramangala,1931,2,2,0,0,8.32,3.9,0,72.0,224.56
Whitefield,917,2,3,0,18,7.29,6.13,1,61.0,106.51
Whitefield,855,1,1,3,26,6.0,7.07,1,78.4,90.1
Indiranagar,809,1,1,3,20,0.65,7.4,1,84.3,151.05
Electronic City,993,1,1,1,12,0.54,5.63,0,87.5,90.89
Hebbal,1428,2,2,1,13,14.95,7.21,1,81.6,150.66
JP Nagar,879,3,4,2,21,7.64,9.07,0,59.8,101.33
Jayanagar,942,1,1,1,27,4.61,11.43,0,59.8,64.33
Yelahanka,1707,3,2,0,15,17.28,7.95,1,60.9,136.61
Koramangala,531,3,3,0,29,13.46,5.65,2,42.3,83.36
Bellandur,976,2,2,0,28,22.92,5.45,4,96.6,111.19
Whitefield,477,1,1,3,3,20.86,8.58,0,51.7,56.13
Whitefield,1274,3,4,1,16,18.3,,1,49.6,94.91
Electronic City,413,1,2,1,9,3.6,5.16,0,73.1,94.94
Bellandur,1958,5,5,3,28,16.82,4.16,0,42.8,183.66
Bellandur,582,1,2,3,6,17.5,11.92,1,90.3,114.16
Electronic City,453,1,1,3,12,19.2,9.25,1,92.6,36.61
Whitefield,982,2,3,0,24,6.95,2.64,1,63.9,102.52
JP Nagar,3075,5,5,1,12,16.19,3.65,2,98.3,342.58
Marathahalli,1774,3,2,2,21,15.65,10.75,1,59.5,161.55
Marathahalli,417,1,1,2,13,9.94,8.0,2,55.6,31.88
Electronic City,573,1,1,1,5,16.76,,1,99.4,88.43
Bellandur,965,1,1,1,15,2.62,4.5,4,55.0,102.08
Yelahanka,4110,6,6,3,8,16.27,4.67,3,66.7,286.45
Electronic City,716,2,3,3,19,15.35,2.4,2,76.7,73.94
JP Nagar,719,1,1,0,15,5.66,6.23,0,59.4,82.0
Electronic City,2780,5,4,3,20,20.55,9.23,2,63.1,216.2
Sarjapur Road,1336,3,3,1,20,21.92,6.86,4,83.2,125.74
Koramangala,2141,4,4,0,29,5.66,7.94,0,83.4,270.54
Bellandur,804,2,3,2,11,2.36,7.23,4,88.2,131.26
Hebbal,1135,2,1,1,15,15.29,0.89,1,75.6,120.52
Indiranagar,2474,5,6,2,4,12.26,2.42,1,54.0,351.97
Indiranagar,1108,2,3,1,23,10.98,4.33,0,60.0,118.0
Bellandur,2226,3,4,1,10,19.14,10.69,4,94.0,215.26
Hebbal,1485,3,2,0,0,24.26,4.31,3,84.0,159.56
Jayanagar,677,1,2,0,9,12.2,4.06,0,45.3,88.02
JP Nagar,1189,1,1,3,10,0.65,1.15,2,85.2,130.33
Sarjapur Road,2059,3,4,1,14,15.11,11.67,1,59.8,198.5
Sarjapur Road,1734,4,5,1,25,16.52,9.39,1,41.4,131.82
Whitefield,1174,1,1,0,26,20.79,9.24,2,69.0,69.16
Koramangala,424,1,1,2,2,5.39,4.73,1,93.0,117.58
Marathahalli,447,1,2,3,23,13.35,,1,66.7,44.97
HSR Layout,502,2,2,1,14,11.45,3.31,1,99.3,98.51
JP Nagar,906,2,3,0,10,16.78,10.26,1,50.7,69.44
HSR Layout,975,3,3,1,8,2.07,2.33,1,61.1,128.62
HSR Layout,533,1,1,0,1,22.16,10.75,2,41.0,66.37
Bellandur,2106,4,4,3,11,13.02,6.52,2,43.0,209.99
Indiranagar,599,2,2,2,19,21.99,8.63,0,61.3,110.36
Indiranagar,565,1,1,1,29,8.84,5.55,1,71.7,85.25
Marathahalli,1260,2,1,1,15,16.51,11.2,0,54.2,106.33
Bellandur,2050,3,3,3,23,23.94,3.03,1,50.0,190.69
HSR Layout,3715,6,5,2,15,23.61,,0,65.2,370.17
Hebbal,1653,2,3,1,20,23.63,1.02,2,50.2,129.04
Jayanagar,2861,6,5,3,0,1.55,5.87,3,77.9,381.21
Yelahanka,616,1,1,1,15,10.37,11.68,1,97.3,82.59
Indiranagar,3936,6,5,1,5,1.99,1.24,2,88.4,544.15
JP Nagar,431,1,1,3,13,8.08,6.18,2,52.9,71.66
Hebbal,910,1,1,3,24,4.78,,3,97.1,127.85
JP Nagar,1633,3,4,0,24,15.69,11.19,2,85.1,163.47
Whitefield,496,1,1,0,10,19.63,,1,49.3,50.76
Electronic City,721,1,1,1,0,13.08,6.13,1,74.8,79.26
Yelahanka,660,1,1,3,19,19.99,11.85,2,98.0,44.54
Indiranagar,1012,1,1,2,16,0.81,9.27,4,45.8,135.9
Sarjapur Road,2623,4,3,2,22,20.6,9.76,2,56.3,193.09
Indiranagar,1211,3,2,1,18,4.87,9.41,0,62.4,190.38
Hebbal,930,2,1,0,1,11.79,6.28,2,46.9,95.07
Whitefield,400,1,1,3,13,11.34,5.33,0,58.0,93.39
JP Nagar,1551,4,5,3,7,21.89,3.21,1,81.5,194.31
HSR Layout,1853,4,3,0,24,24.17,5.7,0,68.6,207.95
Sarjapur Road,471,1,1,3,22,6.75,0.44,0,65.3,90.79
Bellandur,1157,1,2,1,21,2.15,1.35,1,65.9,119.35
Koramangala,1334,2,3,3,25,16.44,3.59,1,85.6,192.74
HSR Layout,2040,4,3,3,28,12.82,4.14,1,99.5,242.67
Koramangala,805,1,1,0,26,14.36,8.55,1,75.3,115.45
Yelahanka,741,3,3,0,5,1.63,2.22,2,85.1,92.0
Jayanagar,934,2,2,2,8,19.5,9.59,1,62.4,124.07
Electronic City,2432,3,3,1,4,6.19,9.65,1,91.6,224.32
Jayanagar,2131,3,3,0,4,8.71,7.13,2,65.2,279.29
Sarjapur Road,1186,4,5,0,17,6.09,6.0,2,96.1,156.72
Marathahalli,2103,3,4,0,21,23.68,5.72,2,84.6,175.93
Sarjapur Road,400,1,2,3,13,4.63,5.16,3,82.4,95.61
Jayanagar,1855,3,3,1,11,18.44,,2,57.4,210.46
Indiranagar,649,1,2,1,27,6.52,7.93,1,87.8,155.3
Hebbal,3171,6,7,3,11,10.91,7.01,2,46.3,335.06
JP Nagar,668,1,1,3,21,24.9,0.39,0,72.3,62.8
Indiranagar,751,1,2,0,5,2.96,2.59,2,84.1,179.1
Indiranagar,1635,3,2,2,3,22.09,5.35,2,93.0,244.45
Hebbal,1724,4,4,2,26,23.68,10.84,1,74.2,161.95
Hebbal,939,2,2,1,14,17.61,11.89,2,55.5,85.73
Yelahanka,1472,2,2,2,22,0.74,9.07,1,90.9,152.56
HSR Layout,1576,3,3,0,14,20.61,9.04,1,86.1,177.88
Marathahalli,1490,2,3,3,24,22.12,5.1,0,49.2,87.0
Marathahalli,961,3,2,1,16,24.53,6.94,1,92.3,88.89
Indiranagar,1584,4,4,1,2,21.06,2.95,1,97.6,263.02
Koramangala,2601,4,4,3,9,11.42,8.91,2,72.3,337.51
Yelahanka,612,2,1,2,24,17.37,0.91,2,42.3,56.94
Indiranagar,756,2,1,1,29,12.39,5.12,4,94.9,144.18
Electronic City,1218,3,2,3,20,9.15,10.01,1,47.4,81.26
JP Nagar,671,2,1,3,21,15.85,11.76,1,78.0,72.34
Hebbal,445,1,1,2,7,19.36,8.42,2,64.1,27.62
HSR Layout,2189,5,6,2,8,16.08,2.53,1,99.5,316.63
Bellandur,400,1,1,0,23,20.75,,2,95.0,25.0
Hebbal,962,1,2,2,2,4.82,6.81,1,87.1,151.21
Electronic City,1822,3,2,2,25,9.66,,4,52.0,159.6
Koramangala,1390,2,1,3,0,8.16,10.11,1,82.0,220.82
Sarjapur Road,970,2,2,1,10,5.26,0.78,1,74.3,159.76
Sarjapur Road,656,1,1,3,12,11.36,2.8,1,48.1,51.49
Jayanagar,1450,3,3,0,11,23.72,10.13,0,87.7,167.99
Electronic City,697,1,1,3,28,13.68,11.68,1,45.2,25.0
Jayanagar,1389,3,3,0,20,7.52,3.68,2,68.9,186.19
Indiranagar,1297,1,1,2,6,9.17,8.35,3,65.6,167.33
Bellandur,1304,3,2,1,1,15.52,,1,88.4,180.26
Whitefield,844,2,1,1,0,9.14,0.68,0,65.7,95.55
Hebbal,3675,6,6,3,19,13.69,9.99,1,81.7,376.76
Whitefield,1461,3,3,1,2,7.22,8.92,1,68.7,203.41
Koramangala,1029,2,2,0,3,8.98,0.83,1,74.9,151.68
Indiranagar,1388,2,1,0,16,17.79,1.92,1,54.5,175.43
Marathahalli,784,1,1,2,17,14.82,11.99,2,52.1,34.81
Hebbal,970,3,3,3,16,2.79,7.88,3,82.6,171.65
Jayanagar,4472,6,5,2,18,24.34,9.65,0,47.3,428.9
Marathahalli,787,1,1,1,3,1.71,4.79,2,50.6,89.96
HSR Layout,1150,1,2,2,28,2.53,6.32,3,96.5,172.53
Bellandur,934,1,1,1,16,17.68,7.51,2,55.2,86.01
Bellandur,677,1,1,0,21,17.85,9.71,2,59.4,65.6
Sarjapur Road,1513,4,5,3,1,0.96,4.2,1,78.0,199.05
Yelahanka,1224,1,1,3,9,16.25,,1,66.4,85.39
Hebbal,1981,5,6,2,11,1.31,9.35,0,73.5,275.98
Jayanagar,1874,4,5,1,12,24.04,9.7,2,48.7,189.71
Koramangala,1969,4,4,0,10,17.56,6.09,1,80.3,247.85
Whitefield,724,2,2,1,20,5.07,5.79,0,49.4,57.08
Koramangala,1707,4,5,2,7,4.37,1.43,0,84.9,274.0
Marathahalli,1730,3,3,1,27,14.46,6.07,1,71.4,188.96
Marathahalli,684,1,1,0,28,16.02,8.48,3,89.0,81.3
Electronic City,1007,1,1,2,19,20.87,11.06,1,50.4,38.24
HSR Layout,539,1,2,0,4,22.63,1.68,0,62.7,89.38
Hebbal,1734,3,4,2,24,10.12,11.63,1,90.8,182.66
Bellandur,1730,3,2,3,1,21.18,2.96,1,87.9,206.19
JP Nagar,2635,5,4,1,11,13.79,2.28,1,97.9,277.37
Jayanagar,1058,3,4,0,27,12.03,1.55,1,53.3,140.04
Koramangala,1538,2,1,0,1,17.62,11.88,0,72.3,202.54
Jayanagar,2066,2,1,1,5,3.03,6.82,1,41.1,189.96
Marathahalli,793,2,3,0,21,7.0,3.39,1,97.9,109.78
Yelahanka,729,2,2,0,18,20.51,3.95,1,50.5,66.93
Sarjapur Road,806,2,1,0,11,12.85,11.41,2,94.3,107.83
Whitefield,990,2,2,3,24,22.75,10.82,2,80.7,88.74
HSR Layout,743,2,2,0,12,2.67,4.33,0,96.2,138.77
Yelahanka,826,3,2,3,16,8.18,0.95,1,54.9,77.67
HSR Layout,1948,3,3,1,11,9.21,10.04,3,60.7,213.54
Electronic City,1138,2,3,3,2,10.86,10.99,0,49.9,133.52
JP Nagar,1420,3,2,0,23,24.68,10.08,0,65.3,108.88
Marathahalli,886,2,1,0,7,8.11,10.97,2,96.8,149.87
Sarjapur Road,855,1,1,0,15,13.21,,0,74.3,102.85
Hebbal,1404,2,1,3,3,13.63,10.11,0,65.0,157.81
Yelahanka,1286,2,1,2,23,19.38,,1,59.5,73.4
HSR Layout,1841,4,4,2,26,13.19,10.7,1,75.1,216.69
Bellandur,2455,5,5,1,25,15.34,,0,83.4,251.52
Electronic City,820,3,2,1,12,18.96,,1,64.4,73.31
Bellandur,1927,2,1,1,7,2.98,8.71,1,53.9,188.6
Sarjapur Road,663,3,4,0,0,24.11,9.67,2,75.1,95.16
Hebbal,3754,6,7,2,2,21.23,2.9,0,61.9,399.26
Hebbal,779,1,1,2,0,10.02,0.23,0,99.7,106.77
Yelahanka,1754,4,3,1,14,18.35,6.22,1,66.5,153.18
Jayanagar,660,2,3,2,17,19.18,9.23,1,66.1,96.04
Electronic City,1104,3,3,1,19,21.33,1.68,1,90.4,123.19
Hebbal,2808,6,5,0,2,5.11,6.49,0,55.1,322.94
Hebbal,765,1,2,2,28,17.74,3.91,2,44.0,78.48
Yelahanka,4033,6,7,0,14,1.32,10.09,0,91.2,316.87
Marathahalli,1197,2,1,0,26,3.33,1.38,3,75.3,98.26
Indiranagar,2052,3,2,2,21,19.51,10.21,1,55.6,272.39
Electronic City,1498,3,4,3,27,20.42,7.41,1,60.6,111.48
Bellandur,1543,2,1,1,27,15.01,11.05,0,65.5,100.65
Sarjapur Road,548,1,1,2,4,14.75,11.24,2,80.8,89.49
Hebbal,925,2,1,0,20,18.86,9.74,2,68.1,90.77
Hebbal,2317,5,6,1,9,22.7,6.46,1,63.7,257.82
JP Nagar,993,1,2,0,6,10.82,1.88,0,86.8,119.77
Marathahalli,1295,2,1,1,22,3.31,2.86,3,44.3,140.2
Hebbal,512,1,2,2,24,21.06,,1,79.2,55.77
Indiranagar,893,2,2,0,7,8.87,8.8,2,66.9,134.48
JP Nagar,2226,3,2,1,2,3.78,6.63,1,60.1,233.91
Whitefield,593,1,1,1,17,15.56,5.37,3,95.7,65.67
Marathahalli,1780,3,4,2,16,14.66,5.83,3,86.7,187.27
Sarjapur Road,1323,3,3,1,15,12.12,,1,53.2,152.07
HSR Layout,1054,2,1,1,25,21.57,0.61,4,79.1,103.62
Electronic City,1029,3,4,0,21,7.17,5.42,2,89.3,137.98
Yelahanka,916,2,1,2,28,0.82,6.96,2,99.4,112.54
Sarjapur Road,962,1,1,2,12,8.42,7.15,0,81.9,98.62
Electronic City,2001,3,4,0,3,0.74,7.5,0,81.4,221.28
JP Nagar,946,1,1,3,2,13.82,0.83,2,76.8,127.03
Jayanagar,3243,6,7,0,10,9.77,6.78,1,42.4,389.17
Yelahanka,1415,3,4,0,26,20.44,6.7,1,75.1,97.57
Koramangala,874,2,2,3,1,20.04,10.29,1,88.3,153.27
Bellandur,2050,3,3,1,17,11.15,9.17,2,63.7,220.37
Whitefield,1691,3,2,2,26,5.8,0.57,0,75.2,170.07
Marathahalli,483,1,2,2,3,10.85,6.76,4,95.6,134.35
Hebbal,679,1,2,3,16,16.21,8.35,1,50.3,59.16
Jayanagar,1126,1,2,2,5,5.16,7.05,0,56.8,145.84
Jayanagar,502,1,1,3,9,19.44,8.18,2,46.6,76.09
Sarjapur Road,3789,6,6,1,10,8.6,1.58,0,70.0,357.03
Whitefield,1886,3,3,3,4,23.34,2.2,0,90.4,195.53
HSR Layout,1191,2,3,2,25,13.04,,2,66.1,143.38
Electronic City,994,2,1,2,24,21.25,9.65,0,44.2,25.0
Electronic City,863,3,4,3,17,15.59,0.51,1,55.8,89.12
Sarjapur Road,407,1,1,2,24,14.09,5.35,1,93.4,69.27
Indiranagar,463,1,2,3,24,17.21,11.91,1,73.5,84.82
Indiranagar,3414,6,7,2,9,20.38,9.24,1,94.8,445.67
Hebbal,2851,5,6,0,8,16.29,5.51,2,90.1,318.03
Koramangala,874,1,1,1,15,20.03,1.36,0,64.9,99.33
Bellandur,1977,4,3,2,9,5.17,4.44,2,78.0,238.32
Yelahanka,1585,3,4,2,9,7.3,2.02,1,79.9,154.33
HSR Layout,1692,3,3,2,3,6.13,11.07,1,84.8,213.23
Hebbal,548,1,2,3,20,20.06,8.29,1,60.0,43.58
Whitefield,444,1,1,2,23,2.61,10.3,1,57.3,68.08
Indiranagar,2300,5,6,3,13,20.0,10.79,1,81.1,291.67
Koramangala,404,1,1,2,7,10.03,7.36,0,89.1,122.75
Koramangala,1106,3,3,0,0,2.45,0.28,1,64.9,189.5
Sarjapur Road,980,2,1,0,15,10.9,6.76,0,59.3,101.41
HSR Layout,932,1,1,1,25,7.86,9.67,2,89.5,142.85
JP Nagar,1427,3,3,3,16,15.0,,0,81.2,136.39
Yelahanka,827,2,1,1,9,12.08,11.15,0,60.6,82.82
Bellandur,1492,4,3,2,5,7.77,11.96,2,71.8,190.94
Marathahalli,1297,4,4,2,6,21.63,6.68,4,97.7,140.0
Sarjapur Road,3806,6,5,0,17,10.47,,0,85.0,372.46
Yelahanka,560,2,1,1,1,12.03,7.93,1,53.3,47.8
Marathahalli,1219,3,4,2,20,21.24,6.88,1,57.7,135.47
Marathahalli,1521,2,1,2,8,2.68,2.09,2,55.9,129.53
HSR Layout,1042,2,1,3,4,10.05,3.4,3,90.9,138.39
HSR Layout,575,1,1,2,7,10.37,2.58,0,78.5,74.01
Hebbal,2396,3,3,1,23,12.65,1.05,0,96.4,220.37
Whitefield,1444,1,1,0,4,3.1,1.86,3,45.5,121.87
Koramangala,598,1,1,0,23,3.02,11.67,1,43.1,89.19
Yelahanka,1527,3,3,2,14,10.7,6.75,0,80.6,175.78
Sarjapur Road,3059,5,4,2,7,1.31,1.69,0,56.0,315.88
Hebbal,1176,4,3,2,4,6.75,8.61,4,80.8,193.56
Electronic City,1199,3,2,3,4,5.43,5.83,0,83.4,135.8
Sarjapur Road,2843,4,3,2,19,12.49,2.85,0,58.3,232.66
Whitefield,704,1,1,2,16,0.77,11.33,2,97.2,77.64
Bellandur,3103,5,4,3,8,17.06,2.85,2,86.5,317.86
Jayanagar,2049,4,3,1,1,21.46,1.35,2,62.0,246.96
Jayanagar,722,1,1,3,0,17.82,2.63,2,64.7,87.41
Koramangala,831,1,2,0,21,20.54,10.96,1,83.0,75.73
Jayanagar,899,3,3,3,20,16.26,10.32,0,58.2,119.26
Jayanagar,438,1,1,3,10,12.93,10.75,0,57.7,83.97
Electronic City,1385,2,3,1,14,5.87,11.01,0,77.5,115.5
Indiranagar,740,1,2,1,0,7.35,1.11,0,48.1,101.56
Bellandur,1413,4,3,2,6,8.28,8.59,1,99.6,193.09
HSR Layout,590,2,1,3,22,1.43,8.04,1,57.2,104.56
Marathahalli,1994,3,3,1,18,22.87,11.92,1,63.0,145.28
Indiranagar,1800,2,3,0,23,22.56,8.63,3,53.5,216.1
Sarjapur Road,814,1,2,2,14,3.14,9.55,2,78.6,104.63
Sarjapur Road,1462,2,1,3,5,14.14,8.64,2,43.6,119.24
Jayanagar,1256,3,2,0,19,11.96,7.52,4,95.7,189.68
HSR Layout,2712,6,7,1,25,17.24,,1,58.2,309.76
Whitefield,680,1,2,2,25,15.27,11.64,1,95.6,96.9
Yelahanka,1104,3,2,0,9,3.55,11.25,3,55.2,80.72
Indiranagar,844,1,1,3,11,16.67,5.37,2,70.8,132.8
Indiranagar,1230,2,1,0,12,15.42,3.55,1,81.7,189.33
JP Nagar,1609,2,2,2,14,13.51,,1,76.8,178.81
Bellandur,838,1,1,3,18,10.36,,0,70.7,119.28
Koramangala,982,1,1,3,16,23.9,4.93,1,87.3,158.16
Bellandur,2041,4,4,0,12,21.31,6.54,3,68.2,208.17
Yelahanka,2532,4,5,2,1,14.83,3.72,0,60.0,193.21
Sarjapur Road,1574,4,5,3,17,0.66,5.25,2,83.1,192.0
Sarjapur Road,1112,1,1,2,28,11.09,11.5,1,96.2,90.92
Sarjapur Road,1056,2,3,1,10,17.66,2.74,2,76.1,111.42
JP Nagar,1622,4,5,0,4,3.37,,3,56.8,195.6
Sarjapur Road,1360,3,4,2,3,10.46,2.74,0,85.8,152.72
Yelahanka,485,1,2,1,1,5.2,3.97,2,85.7,89.46
Hebbal,1644,3,4,1,26,8.78,1.23,0,56.0,165.07
HSR Layout,748,1,1,2,15,1.15,,2,63.1,112.78
Koramangala,550,1,1,2,24,3.6,0.41,0,48.5,56.35
Yelahanka,479,1,1,0,6,11.64,9.5,2,44.8,54.23
Jayanagar,1066,1,2,0,7,22.51,7.01,1,88.4,117.91
Hebbal,686,2,2,3,7,12.52,9.04,1,62.4,128.55
Koramangala,400,1,1,0,1,11.6,9.44,1,56.9,38.29
Yelahanka,985,2,2,2,14,19.8,1.67,0,55.4,62.19
Hebbal,916,2,3,3,4,7.06,0.45,0,44.5,128.13
Sarjapur Road,1105,2,2,1,18,2.83,2.19,0,99.1,119.9
HSR Layout,849,2,1,1,9,5.63,4.73,0,62.0,141.87
Indiranagar,3282,6,5,2,8,19.89,1.07,2,49.9,421.25
Bellandur,1595,3,4,3,24,17.09,5.59,2,91.8,211.26
Marathahalli,912,1,1,3,21,2.74,3.56,0,83.4,128.72
HSR Layout,1159,2,2,0,28,16.84,,1,79.8,135.51
Indiranagar,2613,6,7,1,19,23.32,,2,57.8,341.63
Whitefield,2031,4,3,1,7,1.6,8.75,1,64.9,199.36
Yelahanka,557,1,2,0,4,15.6,7.97,1,90.5,97.32
Whitefield,702,2,2,1,18,9.79,7.91,1,78.4,86.25
Indiranagar,781,1,1,0,12,12.78,6.75,0,60.7,97.65
HSR Layout,942,2,2,1,26,13.44,6.25,3,46.6,90.22
Yelahanka,865,3,2,1,13,19.39,10.61,0,94.0,83.94
Jayanagar,1223,1,2,1,7,14.15,1.09,2,97.3,190.77
Marathahalli,1799,3,2,0,15,15.03,3.6,1,83.1,183.46
Sarjapur Road,1971,3,2,1,29,8.66,1.43,1,81.5,190.58
Yelahanka,1003,1,1,1,29,3.59,0.33,3,72.3,86.79
Jayanagar,488,1,2,3,27,17.23,0.36,2,98.3,59.19
Yelahanka,677,1,1,1,21,0.51,0.48,1,81.6,77.95
HSR Layout,902,2,2,2,4,8.55,8.24,1,44.6,143.01
Jayanagar,605,1,2,1,0,5.84,1.51,0,45.5,87.36
HSR Layout,2247,3,4,1,18,10.02,2.59,2,97.8,254.38
Hebbal,627,1,1,3,22,8.13,5.14,0,96.6,113.5
Indiranagar,1685,3,4,3,18,17.75,3.38,0,73.5,225.16
Electronic City,476,2,1,0,16,6.88,9.84,1,52.8,79.52
Yelahanka,1723,3,4,0,23,14.24,7.56,1,75.0,121.54
Bellandur,1112,3,3,2,22,11.67,4.13,1,85.8,148.21
Yelahanka,2757,5,6,3,20,20.13,3.95,1,40.5,200.75
Indiranagar,644,1,1,0,27,10.99,8.27,1,89.4,103.19
Koramangala,880,1,2,0,9,21.66,2.21,1,67.9,128.48
Whitefield,979,3,3,0,4,0.5,3.51,1,67.8,148.19
Hebbal,1103,3,4,3,21,15.32,4.37,1,66.1,147.63
Sarjapur Road,992,1,1,3,6,0.74,5.56,0,81.5,127.35
Jayanagar,1003,2,2,2,15,17.99,2.45,0,52.6,107.29
Electronic City,994,1,1,3,28,6.26,2.06,0,76.4,92.66
Marathahalli,400,1,2,3,2,9.81,11.88,3,42.6,48.54
Marathahalli,2072,3,4,3,26,9.82,,0,88.7,186.34
Marathahalli,5789,6,7,2,11,21.24,6.38,0,88.9,460.93
HSR Layout,1414,4,3,1,13,3.0,9.23,0,58.7,189.56
Marathahalli,643,1,2,1,27,16.84,8.15,2,46.3,45.57
Sarjapur Road,679,1,1,0,19,24.54,1.09,1,84.9,29.86
Hebbal,1681,3,4,1,0,1.05,6.31,4,68.2,244.53
Whitefield,1483,3,2,1,6,24.16,2.37,0,95.5,154.35
Marathahalli,1026,2,3,2,25,0.95,,3,61.2,97.72
Yelahanka,1816,5,6,2,17,21.11,0.93,0,90.5,161.2
Yelahanka,400,1,1,1,22,24.05,2.12,0,41.5,38.48
HSR Layout,1817,4,5,1,21,24.83,9.42,0,86.4,191.76
Sarjapur Road,1368,2,1,1,3,11.75,10.15,4,80.7,190.13
Whitefield,694,1,2,0,15,21.74,10.91,0,71.6,56.48
Electronic City,546,1,2,2,10,3.5,10.78,0,94.6,118.97
Indiranagar,1283,3,3,1,17,10.92,10.9,1,96.5,242.22
Whitefield,2602,5,6,3,22,8.05,,2,95.8,286.66
Indiranagar,1059,2,2,1,15,10.18,7.98,1,75.9,143.7
Koramangala,751,2,2,3,6,17.7,8.47,4,71.2,119.89
Indiranagar,1333,3,4,0,20,2.64,3.36,1,56.1,199.83
Hebbal,3267,5,5,3,24,24.96,11.92,0,49.7,284.91
Bellandur,1521,2,2,2,2,16.06,,1,73.4,145.94
Hebbal,1614,3,4,0,24,21.9,6.98,2,48.9,113.41
Yelahanka,2351,3,4,0,4,20.83,10.49,3,50.3,167.14
Sarjapur Road,1556,3,2,1,17,19.27,3.61,0,61.4,116.24
JP Nagar,781,1,1,0,24,1.46,7.36,2,51.2,68.87
HSR Layout,460,2,2,0,29,13.15,8.7,1,70.1,56.02
Bellandur,723,3,3,3,16,8.54,7.6,3,79.8,132.92
Indiranagar,654,1,2,1,0,3.27,4.99,0,81.9,163.47
Marathahalli,1725,2,1,2,15,8.9,11.35,0,72.0,178.73
Sarjapur Road,1862,3,2,1,14,16.3,7.43,1,71.3,145.52
Bellandur,1322,2,3,2,12,6.15,2.85,1,68.5,146.47
HSR Layout,597,2,3,3,6,11.39,9.71,3,54.7,120.7
Yelahanka,3206,6,7,0,2,10.41,7.94,0,79.3,270.64
Sarjapur Road,954,1,2,0,23,1.79,1.49,0,79.4,89.49
HSR Layout,1672,3,2,1,22,15.89,3.48,0,55.3,176.43
Koramangala,1233,1,2,1,26,15.66,2.07,3,82.0,148.15
Koramangala,1346,3,4,1,12,24.18,1.06,1,91.5,221.27
Hebbal,1640,4,3,0,15,7.8,2.92,4,75.7,208.76
Hebbal,818,1,2,0,22,10.76,3.48,2,47.1,68.42
HSR Layout,2460,3,2,3,0,10.39,5.7,1,59.6,251.01
Bellandur,503,1,1,2,0,23.03,11.64,0,45.6,25.0
Hebbal,678,1,2,1,27,10.51,11.33,1,58.1,95.53
Sarjapur Road,2443,3,4,0,15,11.35,9.09,0,52.7,203.68
Bellandur,1660,2,2,2,29,6.68,7.83,0,73.3,126.09
Hebbal,4853,6,6,1,1,0.53,11.38,2,65.4,497.03
Electronic City,1246,2,1,1,17,3.21,1.88,1,83.4,104.7
Indiranagar,3057,6,5,2,26,17.75,4.1,1,61.8,382.5
Electronic City,432,1,1,2,20,17.22,,1,49.3,25.0
Jayanagar,552,1,1,2,24,8.4,9.8,3,54.2,84.91
Koramangala,1964,4,4,0,22,12.09,7.56,1,72.7,223.2
Yelahanka,461,1,2,3,29,7.79,9.74,2,67.0,58.31
Whitefield,1077,2,3,1,17,18.41,2.01,2,42.6,79.46
Indiranagar,2280,3,4,1,4,21.14,,2,52.6,240.84
Koramangala,1581,1,1,2,4,22.53,8.94,1,57.8,167.94
Bellandur,1207,1,2,0,7,4.76,,3,83.5,150.56
Bellandur,937,1,1,2,8,17.53,5.35,0,83.8,93.01
Bellandur,1341,2,3,0,23,24.09,9.54,1,81.9,114.54
Yelahanka,1648,3,2,3,13,16.44,1.03,4,89.1,160.67
Electronic City,834,1,1,1,12,9.1,2.18,2,92.4,97.03
Whitefield,1472,2,2,1,17,16.08,3.69,2,44.3,130.71
Hebbal,2172,5,5,0,3,17.37,10.63,2,69.6,248.27
Bellandur,1062,3,3,3,17,10.23,4.98,1,48.9,142.02
JP Nagar,1246,3,2,3,21,3.05,3.17,2,61.2,122.52
Jayanagar,1566,3,3,1,19,15.36,8.21,3,79.8,171.88
Indiranagar,1625,3,3,1,14,20.15,0.56,2,76.1,228.75
Sarjapur Road,1945,3,3,2,6,24.94,9.35,0,47.7,174.13
Hebbal,687,1,1,0,12,5.96,8.44,1,85.4,113.8
JP Nagar,897,1,1,1,1,17.66,0.85,0,87.2,125.63
Whitefield,916,1,1,3,8,1.19,6.08,1,48.4,121.0
Yelahanka,730,1,1,3,29,24.26,4.97,2,76.9,54.09
Whitefield,446,1,1,1,4,0.81,2.07,3,96.7,77.03
Sarjapur Road,400,1,1,3,0,9.29,2.02,3,45.6,65.12
Indiranagar,2316,4,4,0,27,2.37,2.09,2,49.9,288.26
Sarjapur Road,511,1,1,3,26,15.71,7.28,2,85.9,75.3
HSR Layout,2840,4,4,3,18,8.82,2.22,0,60.2,300.75
Indiranagar,1802,3,2,1,19,18.46,0.9,0,97.3,210.63
Whitefield,960,1,1,0,18,12.42,11.5,0,77.5,69.98
Bellandur,1684,4,3,0,21,10.78,0.66,2,69.0,140.27
Whitefield,1516,3,4,2,28,9.04,8.03,0,60.3,178.56
Whitefield,655,2,2,0,12,2.61,11.25,1,54.3,103.46
Indiranagar,1190,2,3,2,5,5.52,0.65,3,79.0,210.46
Jayanagar,700,1,1,1,9,16.16,11.6,1,75.5,100.92
HSR Layout,1720,4,5,3,28,12.67,6.13,2,61.5,208.29
Hebbal,810,1,1,0,10,2.22,9.46,0,95.1,138.84
Whitefield,1138,2,3,2,22,13.83,,1,85.7,92.2
JP Nagar,1111,2,3,0,29,1.83,,0,55.6,99.53
Koramangala,1283,2,3,1,24,13.04,9.51,1,96.6,185.39
Marathahalli,2994,6,5,2,15,24.14,0.97,0,85.3,269.5
Marathahalli,1051,2,2,2,25,8.03,,0,93.8,131.07
Whitefield,2345,4,3,2,24,18.23,11.64,1,48.2,168.04
JP Nagar,1563,3,4,1,22,18.77,0.84,4,42.0,136.51
Jayanagar,2618,4,5,2,26,10.42,3.3,1,69.6,290.37
Bellandur,996,2,1,3,0,15.04,8.13,2,66.9,135.73
Yelahanka,1760,2,1,1,18,12.07,1.39,2,92.2,145.4
Yelahanka,1162,2,3,3,4,7.44,,1,50.3,92.74
Indiranagar,400,1,1,3,25,18.99,8.62,2,41.4,55.54
Marathahalli,659,1,1,1,27,17.72,9.14,1,71.8,45.13
Whitefield,1653,4,5,0,26,22.56,6.82,1,50.7,127.71
Yelahanka,1594,3,4,3,5,15.64,6.11,0,43.0,128.02
Whitefield,589,1,1,1,5,10.02,8.62,0,41.3,46.23
Indiranagar,1355,2,3,3,4,17.99,1.91,1,48.5,194.61
Marathahalli,1583,2,1,2,5,15.67,8.23,4,62.6,171.73
Sarjapur Road,1177,2,3,3,24,15.61,11.05,1,93.0,121.64
Jayanagar,1792,3,4,3,12,21.32,8.26,0,85.6,199.7
Koramangala,1662,3,4,3,29,22.81,0.75,2,71.8,203.02
Koramangala,1177,2,3,2,0,4.92,6.17,1,65.8,192.64
Yelahanka,906,1,1,3,0,8.19,8.77,2,67.3,81.97
Koramangala,2129,3,2,1,24,16.43,,1,93.1,242.44
Jayanagar,1548,2,3,3,13,14.15,9.19,2,83.5,196.85
Sarjapur Road,561,1,1,1,7,16.48,3.52,1,50.3,26.98
Jayanagar,1355,2,2,3,8,11.11,7.15,0,96.4,208.47
Whitefield,637,1,1,3,22,10.6,,1,86.4,67.76
Indiranagar,706,3,3,3,9,3.38,11.94,2,42.0,142.98
Hebbal,838,1,1,0,5,15.78,,1,70.1,96.86
Sarjapur Road,1230,2,1,0,8,4.81,6.0,1,79.2,159.25
Hebbal,1474,3,4,2,17,16.94,2.3,1,43.7,178.45
Indiranagar,958,1,1,1,14,24.19,2.66,2,61.2,96.47
Indiranagar,982,2,3,2,3,6.78,5.26,1,78.9,209.07
Marathahalli,910,1,2,1,1,3.98,8.49,1,89.0,118.02
Hebbal,2135,4,3,2,29,1.09,9.28,1,98.6,260.22
Whitefield,400,1,2,2,5,9.78,2.82,0,47.3,49.03
JP Nagar,1013,3,2,3,16,5.76,6.52,1,77.9,110.69
Koramangala,2807,5,6,3,6,12.55,7.18,2,93.6,403.17
Hebbal,1595,2,3,3,22,13.35,,1,83.0,157.39
JP Nagar,2409,5,5,3,22,9.06,10.54,1,77.9,259.45
Marathahalli,400,2,2,3,29,18.87,9.85,1,52.9,25.0
Indiranagar,606,1,1,2,19,22.67,6.3,0,88.9,62.7
Yelahanka,1592,3,4,1,14,5.68,0.97,1,73.7,114.97
Jayanagar,2816,5,5,0,23,20.99,4.15,0,46.7,282.06
Koramangala,641,1,1,0,20,3.71,7.54,0,96.1,104.18
Koramangala,970,1,1,1,1,6.1,7.72,1,99.3,199.85
Whitefield,1496,2,3,0,20,14.25,10.22,0,72.3,110.15
HSR Layout,540,1,1,2,11,8.01,4.68,4,86.6,115.06
Electronic City,1599,3,4,1,9,1.52,11.25,1,75.0,130.09
Electronic City,400,1,2,1,24,7.72,,1,65.3,88.89
Electronic City,1573,3,3,0,25,22.67,0.79,4,64.5,98.88
HSR Layout,694,2,3,0,16,4.77,2.28,3,97.9,156.83
Whitefield,938,1,2,2,26,19.21,5.66,0,62.1,61.38
HSR Layout,1717,3,3,3,17,18.2,9.91,1,69.4,198.49
Electronic City,1535,4,4,1,15,3.1,2.02,2,54.9,135.86
Marathahalli,1195,2,3,3,9,8.57,6.67,0,55.2,126.2
Sarjapur Road,2045,4,4,0,7,5.14,9.36,1,61.4,202.02
Hebbal,471,1,1,1,28,1.07,0.61,0,95.5,136.78
Indiranagar,1343,2,1,3,20,4.74,0.69,3,63.8,174.89
HSR Layout,777,1,1,2,27,5.44,5.99,2,73.1,81.73
Whitefield,1988,3,2,2,24,4.57,2.36,2,72.7,223.0
Whitefield,1751,4,3,2,21,2.73,5.52,4,75.0,218.0
Hebbal,1786,3,3,1,12,13.39,,0,89.2,185.56
JP Nagar,2966,5,5,1,15,8.4,11.73,0,94.1,306.5
Sarjapur Road,2230,5,4,1,7,22.75,7.92,1,52.5,205.1
Yelahanka,1100,2,1,1,11,5.09,8.3,1,91.6,120.8
Koramangala,1199,2,1,1,16,15.27,6.21,2,72.9,164.66
Electronic City,1670,3,3,3,15,22.57,9.93,1,95.5,128.47
Yelahanka,1293,2,2,3,8,1.66,10.03,1,95.0,145.59
JP Nagar,1769,3,4,2,24,13.15,2.08,1,63.4,164.17
Electronic City,400,1,2,3,18,11.54,9.27,1,79.1,25.0
Sarjapur Road,3376,6,7,3,16,23.26,6.89,0,92.3,306.91
Jayanagar,1241,2,3,2,23,16.76,9.2,1,63.1,127.57
JP Nagar,492,2,2,2,7,9.05,11.04,0,42.6,86.44
Electronic City,726,2,2,0,11,17.93,4.15,1,61.6,91.94
Sarjapur Road,400,1,1,2,8,14.78,6.94,2,61.9,69.38
Bellandur,659,1,1,3,29,9.01,9.49,3,88.4,54.64
Yelahanka,1110,2,1,1,5,19.74,11.84,2,58.6,124.45
Yelahanka,2761,4,5,2,24,16.87,7.43,1,93.6,232.56
Koramangala,1504,3,3,0,27,0.63,,2,72.9,211.98
Hebbal,1364,2,2,3,9,21.7,10.19,1,75.2,144.8
Sarjapur Road,643,3,4,0,8,10.23,9.07,2,88.4,133.9
HSR Layout,763,1,1,0,27,16.31,11.32,0,48.1,54.68
Bellandur,796,1,1,3,28,10.22,2.91,1,41.1,78.05
Jayanagar,814,1,1,0,3,22.09,10.91,1,43.4,99.86
Marathahalli,989,1,2,3,10,16.45,2.64,0,41.8,43.14
Electronic City,1031,2,1,0,20,14.69,6.87,0,82.0,83.17
Bellandur,996,2,1,1,21,24.52,6.37,0,54.7,79.35
Sarjapur Road,830,4,5,2,5,7.38,10.01,1,91.4,136.55
Indiranagar,1293,1,2,1,25,2.1,4.9,0,93.0,230.15
Electronic City,1009,2,1,1,17,13.14,1.89,1,61.4,36.82
Whitefield,499,1,1,0,3,10.89,8.54,0,51.7,48.28
Yelahanka,1223,3,4,2,11,11.63,7.36,1,69.9,134.25
Hebbal,1125,3,2,2,8,15.69,9.96,4,88.9,202.58
Sarjapur Road,503,2,3,2,14,15.57,9.15,1,81.1,91.29
Jayanagar,867,1,1,0,22,10.11,10.76,1,41.5,89.57
Whitefield,1666,4,4,1,8,21.64,10.1,1,40.4,143.27
Koramangala,642,1,1,3,5,16.46,8.3,1,46.8,117.98
JP Nagar,606,1,1,3,10,22.3,5.7,1,60.2,89.18
Marathahalli,1004,2,2,3,6,22.87,0.44,2,72.2,120.32
Marathahalli,1690,4,4,2,24,4.6,3.83,2,89.1,149.79
Whitefield,3248,6,7,3,13,17.17,8.78,0,48.6,299.33
Yelahanka,1724,5,4,1,27,8.28,0.9,0,49.1,130.0
Koramangala,2179,4,3,3,15,20.99,9.13,1,91.8,273.73
Indiranagar,1452,3,2,2,14,18.45,6.29,2,95.4,212.53
Yelahanka,823,2,2,2,19,5.37,10.44,2,73.1,99.66
Bellandur,1717,3,4,3,8,23.5,7.99,1,87.1,176.13
Hebbal,1145,2,1,2,18,17.25,9.62,3,60.6,109.87
Marathahalli,1477,3,4,3,29,23.74,2.22,0,96.8,134.07
Bellandur,713,1,1,2,11,5.45,2.24,2,94.3,125.52
Jayanagar,1551,3,3,0,29,21.81,2.69,0,91.0,144.83
Electronic City,1123,4,3,0,10,16.87,4.13,1,40.8,69.51
HSR Layout,1363,3,2,1,27,14.03,10.87,1,71.4,164.0
Sarjapur Road,1145,1,1,0,29,20.6,9.34,1,41.6,53.08
Koramangala,1030,4,4,3,7,16.01,4.5,0,80.6,202.01
Yelahanka,1567,3,2,2,2,16.91,11.04,1,51.0,138.17
Marathahalli,960,2,3,1,18,6.71,9.39,3,78.4,112.07
Bellandur,501,1,1,3,2,20.52,7.94,0,45.9,40.0
JP Nagar,428,1,1,3,24,16.43,,0,85.4,46.06
Hebbal,1328,3,3,1,25,21.19,7.89,0,83.6,113.69
Hebbal,938,2,3,1,29,9.11,7.2,1,40.3,60.5
Electronic City,464,1,1,3,2,8.63,9.43,0,87.5,76.44
Sarjapur Road,1272,3,2,2,5,1.09,,1,49.8,125.29
Sarjapur Road,1140,3,4,3,10,19.33,,2,46.6,116.43
Hebbal,912,2,3,2,29,8.59,7.18,1,70.0,95.54
Hebbal,1374,1,1,1,19,8.52,9.72,3,75.4,127.5
Yelahanka,2473,5,6,3,13,17.37,4.3,2,46.2,187.73
Koramangala,2432,4,5,0,1,6.7,4.82,1,58.3,346.46
Indiranagar,1299,2,1,3,11,22.77,11.26,4,64.5,193.79
Jayanagar,1145,2,2,2,15,13.68,7.54,1,96.6,184.18
JP Nagar,1309,2,3,3,27,24.25,3.95,1,55.1,103.45
Jayanagar,1422,1,1,2,2,2.38,,1,55.6,140.35
Yelahanka,1035,2,2,0,20,8.75,5.33,1,79.6,118.19
Bellandur,1321,2,2,1,15,9.85,10.22,1,83.6,139.04
HSR Layout,505,1,2,0,9,18.4,3.17,2,40.6,81.74
Hebbal,1255,3,2,2,19,5.72,,0,48.0,123.36
Whitefield,1560,2,1,1,4,9.7,2.11,1,61.5,175.1
Indiranagar,917,2,1,1,12,22.81,1.73,0,77.9,136.33
Koramangala,1139,3,2,3,11,3.31,7.35,2,48.0,136.67
Electronic City,651,1,1,0,26,18.76,9.69,3,61.4,62.89
Indiranagar,603,3,2,2,0,17.71,9.4,2,44.8,118.88
Hebbal,1348,2,2,2,19,3.7,6.61,0,74.3,131.9
Marathahalli,803,1,1,1,10,17.37,7.74,1,65.6,67.41
Koramangala,452,2,2,3,25,14.46,,3,87.3,148.33
HSR Layout,651,1,2,2,18,7.54,6.7,0,74.4,60.96
Marathahalli,705,2,3,3,28,8.12,2.65,0,79.5,94.4
Indiranagar,1837,4,5,1,14,20.91,11.15,2,80.3,253.66
Whitefield,1324,2,1,1,17,6.16,8.2,3,75.4,155.32
Whitefield,743,3,3,1,15,13.06,6.86,1,41.0,105.95
HSR Layout,869,1,2,3,6,17.19,3.12,0,89.9,126.69
Sarjapur Road,2469,3,3,2,9,3.68,5.03,1,95.0,270.51
JP Nagar,2008,4,3,0,24,23.34,9.41,1,72.1,159.41
Hebbal,649,1,1,3,15,6.89,3.03,2,46.7,76.63
Electronic City,2276,5,4,1,16,8.31,1.72,3,79.3,244.09
Hebbal,1148,1,2,0,27,16.82,3.83,0,61.8,78.89
Sarjapur Road,1863,3,2,0,6,2.42,,2,44.4,164.79
Jayanagar,1097,2,1,0,10,15.88,10.62,1,91.3,139.02
Jayanagar,2304,5,5,0,27,22.94,5.09,3,82.7,275.88
Jayanagar,634,2,1,0,16,6.6,9.42,1,88.3,120.79
Whitefield,1043,2,3,1,4,9.37,4.12,1,87.8,156.62
Whitefield,2343,4,5,2,0,6.19,,0,61.5,232.3
Bellandur,400,1,1,0,2,20.56,0.44,1,68.9,29.64
Marathahalli,1170,3,3,2,15,4.61,8.6,1,54.0,119.79
Indiranagar,966,2,3,2,23,8.99,8.68,1,85.3,141.96
Electronic City,1749,5,6,3,28,15.23,1.38,2,71.4,171.92
HSR Layout,2161,4,3,1,14,10.41,4.43,3,79.0,251.67
Indiranagar,1793,4,3,0,3,2.1,5.91,2,61.4,283.78
Hebbal,1370,3,4,2,11,23.72,9.33,0,80.8,160.17
Bellandur,1227,2,1,3,0,8.78,,1,80.3,146.47
Whitefield,994,3,2,2,16,11.42,8.69,1,86.2,144.01
HSR Layout,1347,2,3,0,23,4.6,2.75,1,49.3,148.14
Whitefield,2678,5,5,1,14,21.7,4.4,1,77.4,241.93
Electronic City,760,1,1,1,29,7.64,3.12,3,92.8,91.39
Marathahalli,962,2,3,0,23,0.99,7.72,1,45.6,107.63
Indiranagar,1151,2,1,2,19,8.25,7.84,2,97.6,234.09
Indiranagar,2081,4,5,3,19,24.61,0.39,0,52.5,255.75
Jayanagar,1357,2,3,1,9,4.1,8.83,1,96.2,228.3
Sarjapur Road,2061,4,3,1,10,1.26,2.91,3,92.1,232.17
Jayanagar,2119,4,4,2,17,14.67,9.66,1,86.2,245.04
HSR Layout,1662,3,3,2,1,9.61,10.03,1,52.6,208.61
JP Nagar,668,1,1,2,27,19.98,9.6,1,53.0,31.24
Jayanagar,2992,5,6,3,5,18.43,5.02,3,55.6,333.51
Bellandur,2609,5,4,2,15,5.04,4.31,1,88.6,264.09
Jayanagar,1243,2,3,3,23,14.33,5.33,2,51.3,138.28
Jayanagar,561,1,1,0,6,1.29,6.42,1,74.9,109.24
JP Nagar,509,1,1,3,22,11.27,3.15,2,86.7,74.17
Sarjapur Road,1380,3,3,2,18,17.99,11.19,0,67.6,147.08
Electronic City,816,2,2,3,11,10.67,6.15,0,90.4,91.59
Bellandur,467,1,1,3,17,3.39,1.06,3,73.7,91.0
Jayanagar,503,2,1,3,9,2.01,11.97,2,75.7,115.94
Marathahalli,927,2,2,1,6,21.41,,1,80.6,78.08
JP Nagar,1336,3,4,2,3,22.34,11.37,0,90.8,165.25
Marathahalli,2600,6,6,3,16,8.91,4.81,1,40.3,253.59
JP Nagar,1566,4,5,2,16,4.52,2.85,3,63.6,210.78
Marathahalli,973,3,3,0,3,24.48,8.9,0,97.8,130.62
JP Nagar,1479,2,2,3,20,13.87,5.3,2,45.9,119.72
Hebbal,1408,3,4,3,4,12.18,10.6,1,54.0,203.03
Marathahalli,1802,4,3,0,0,18.67,,2,74.3,184.08
Sarjapur Road,1174,2,2,2,18,4.64,4.19,1,91.5,145.67
Koramangala,2122,2,2,0,21,14.71,11.61,3,45.8,187.89
Bellandur,1888,4,4,0,25,22.31,10.0,0,40.2,142.45
HSR Layout,1256,3,2,0,22,1.07,2.63,3,81.2,201.84
Electronic City,1124,2,2,0,10,16.99,,0,75.8,108.86
Hebbal,1990,3,2,2,0,14.01,1.54,0,56.3,178.71
Yelahanka,811,1,1,3,7,23.79,1.47,0,97.5,55.31
Whitefield,524,1,2,0,3,6.84,,0,73.5,97.73
Jayanagar,522,1,1,0,28,21.54,11.2,0,79.8,41.06
HSR Layout,774,1,1,1,24,8.07,8.92,2,62.7,118.03
Whitefield,1725,3,2,2,26,11.03,11.87,0,95.3,233.38
Bellandur,951,1,1,0,26,5.73,0.73,4,56.6,99.94
HSR Layout,1343,1,1,1,21,21.66,,2,84.9,141.19
Marathahalli,914,1,2,0,14,5.29,,4,47.0,106.86
Marathahalli,918,2,3,2,16,21.55,9.43,3,72.3,90.93
Yelahanka,683,1,1,1,17,11.66,10.71,1,74.7,50.53
Whitefield,1141,1,2,1,2,20.96,5.48,0,51.3,61.37
Electronic City,1090,3,2,2,17,6.98,9.98,0,59.4,121.23
Bellandur,1506,3,4,1,25,3.75,10.2,0,50.7,152.97
Marathahalli,1406,1,1,1,6,14.1,1.85,0,90.7,115.67
Jayanagar,1077,3,2,0,27,12.98,4.65,0,79.4,129.15
Koramangala,524,1,2,1,16,9.24,,1,66.8,85.2
Sarjapur Road,2162,5,5,3,24,16.74,8.11,0,73.4,191.71
Sarjapur Road,1145,2,1,2,17,2.83,4.77,2,60.6,105.59
JP Nagar,1254,4,3,0,19,15.74,8.08,2,65.7,144.83
Electronic City,2894,5,5,1,7,5.69,10.54,3,77.2,246.06
Sarjapur Road,1978,1,1,3,10,3.66,5.07,0,52.7,149.21
JP Nagar,1534,2,1,0,2,22.79,11.67,0,48.0,110.71
Whitefield,1198,3,4,2,24,11.76,5.02,1,96.7,113.8
Marathahalli,1192,2,2,1,6,19.2,2.72,1,54.2,77.33
Hebbal,1369,2,1,2,14,2.68,6.45,1,69.7,140.24
Marathahalli,1501,2,1,2,9,1.91,4.91,0,85.7,190.98
Hebbal,3076,6,6,1,11,12.62,1.68,2,73.4,347.3
Jayanagar,4677,6,6,1,11,8.23,0.47,1,78.1,506.26
Koramangala,1408,3,4,0,18,0.62,8.98,0,49.8,210.01
HSR Layout,400,1,2,2,18,4.99,11.21,1,63.7,93.47
Sarjapur Road,711,1,2,1,14,5.86,5.4,0,81.4,69.45
Whitefield,3250,6,5,2,20,7.57,,0,52.6,272.29
Hebbal,1782,2,2,1,20,22.0,8.94,1,69.0,140.65
Indiranagar,1517,4,5,2,25,10.8,10.43,1,75.4,234.37
Sarjapur Road,1095,4,4,0,4,17.15,4.02,2,87.4,126.75
Electronic City,624,3,2,2,27,0.95,2.82,1,53.0,89.69
Jayanagar,3020,6,5,1,12,20.44,4.18,1,98.7,366.66
HSR Layout,763,1,1,3,24,6.39,10.92,0,98.0,134.77
Sarjapur Road,1792,2,2,0,8,8.07,5.13,1,40.7,139.56
Whitefield,587,1,2,0,21,1.61,7.92,0,62.1,58.52
Sarjapur Road,1066,2,2,3,26,10.54,1.08,4,44.1,139.86
Hebbal,2072,4,5,1,26,21.39,3.52,0,59.0,178.45
Electronic City,1046,2,2,0,22,9.78,2.89,2,76.4,88.19
Indiranagar,980,1,1,3,9,22.76,0.94,4,76.5,126.51
Bellandur,1207,3,3,3,7,21.75,1.62,1,45.8,136.5
Yelahanka,576,2,1,2,8,2.02,5.12,3,80.6,107.67
Indiranagar,519,1,1,2,5,7.98,6.78,0,90.8,121.84
JP Nagar,1777,2,1,1,23,22.81,3.88,1,77.9,161.81
Sarjapur Road,951,2,3,3,17,1.23,,0,58.6,161.09
Marathahalli,1770,4,5,2,9,19.26,9.16,2,40.1,152.11
Koramangala,2220,4,3,1,23,22.71,3.12,1,78.9,215.86
Marathahalli,2320,4,3,0,14,19.38,0.6,0,80.7,198.89
Indiranagar,492,1,1,2,12,18.72,,2,82.5,100.41
Hebbal,818,2,2,1,10,21.16,11.07,0,42.4,80.24
Marathahalli,1613,4,5,2,1,16.81,0.41,0,71.0,162.26
Whitefield,1627,3,4,0,7,10.87,,1,64.8,169.32
Marathahalli,4135,6,6,0,17,2.04,0.97,0,86.0,380.87
HSR Layout,728,1,2,2,2,19.81,4.65,0,83.4,87.08
Bellandur,2281,6,5,0,22,22.68,7.84,1,97.0,259.42
Sarjapur Road,1473,1,1,1,26,13.03,10.94,0,93.9,106.34
Jayanagar,487,1,1,2,24,13.55,9.57,0,73.5,78.93
Marathahalli,888,1,2,2,2,10.38,3.16,1,98.8,118.27
Electronic City,1386,2,2,0,20,21.49,7.69,1,49.0,124.6
Jayanagar,470,2,2,1,24,0.86,8.03,2,40.4,76.06
Bellandur,400,1,1,2,6,15.8,1.27,0,46.5,61.51
Hebbal,455,1,1,2,29,22.73,5.24,4,61.3,38.75
Bellandur,1384,2,2,0,17,3.03,3.87,0,85.3,180.31
Marathahalli,919,3,3,0,20,24.0,2.05,0,63.0,108.23
Bellandur,853,2,2,1,20,24.21,0.89,3,86.8,101.97
Jayanagar,870,2,1,1,8,23.28,0.52,2,84.6,119.88
Koramangala,548,2,2,0,17,11.83,10.33,1,87.7,134.44
Hebbal,934,3,2,1,0,9.88,4.1,1,51.2,142.94
Marathahalli,441,2,1,3,3,17.8,6.02,3,71.0,46.94
Whitefield,2306,4,3,3,3,8.31,3.64,0,82.8,262.81
Indiranagar,3044,6,7,0,16,2.17,,0,57.1,448.7
HSR Layout,400,1,2,2,25,22.58,3.28,2,90.3,84.77
Yelahanka,927,2,2,0,22,16.05,2.21,0,86.8,74.82
JP Nagar,961,2,1,0,1,5.58,9.14,1,47.2,82.68
Hebbal,1090,1,2,0,26,0.95,10.91,0,53.1,90.98
Bellandur,2082,4,4,2,14,18.23,5.33,0,54.2,210.83
Whitefield,929,2,3,3,12,21.39,9.91,0,92.7,81.54
Sarjapur Road,1143,1,1,1,8,10.44,5.22,0,51.2,121.54
Sarjapur Road,6000,6,6,3,6,2.48,5.47,1,77.3,547.13
JP Nagar,1129,2,1,1,28,16.39,5.92,0,43.9,85.53
Hebbal,3170,6,5,1,28,7.77,9.88,1,73.2,339.93
Hebbal,1582,2,3,0,11,4.03,11.25,0,48.5,156.32
HSR Layout,885,1,1,0,11,13.0,8.98,1,74.5,104.56
Bellandur,807,1,1,1,13,12.31,10.68,4,62.1,90.57
Koramangala,1195,1,1,2,22,13.16,7.78,3,76.3,137.57
JP Nagar,646,1,2,2,14,20.69,10.1,1,63.7,75.58
HSR Layout,746,2,2,2,0,12.37,6.77,4,91.3,170.98
Bellandur,951,2,3,2,29,22.56,,4,85.4,96.17
Jayanagar,1410,1,1,0,8,21.12,8.52,1,90.7,153.42
Whitefield,3276,5,6,3,25,16.45,9.04,1,53.3,285.87
Indiranagar,919,1,1,3,15,1.89,,3,48.9,135.9
Koramangala,1547,3,4,1,8,21.69,2.01,0,73.4,197.05
Jayanagar,490,1,1,2,15,22.69,7.91,0,92.4,58.18
Jayanagar,2150,4,3,0,1,9.69,5.9,0,46.6,246.48
Yelahanka,466,2,1,0,9,13.39,9.22,2,54.0,56.19
Sarjapur Road,1862,3,3,0,24,7.39,1.93,2,84.8,183.61
Electronic City,1148,1,2,1,17,0.86,11.38,3,67.9,123.24
Whitefield,1123,2,1,0,12,12.25,8.51,0,76.2,113.6
Sarjapur Road,1017,2,2,1,1,3.67,0.47,1,75.5,120.84
Marathahalli,587,2,3,1,28,4.99,7.0,2,64.7,101.86
Jayanagar,604,1,1,1,28,12.28,3.89,0,82.3,93.08
Electronic City,1901,5,4,1,12,21.74,3.44,3,91.1,191.22
Hebbal,1208,1,1,0,23,21.19,10.85,1,94.5,145.68
Sarjapur Road,1013,3,4,0,2,24.14,10.06,0,42.8,64.34
HSR Layout,1531,3,3,3,29,12.33,0.31,2,73.2,167.61
Koramangala,1269,1,1,0,14,14.02,2.34,0,42.4,91.44
Sarjapur Road,776,1,1,2,2,20.64,8.69,2,94.1,133.44
Yelahanka,4645,6,6,2,22,17.64,10.21,2,65.8,343.26
Indiranagar,1804,4,3,1,9,4.98,8.67,1,94.0,301.69
HSR Layout,1287,3,2,1,5,10.26,6.4,4,51.3,170.29
Whitefield,905,2,3,1,22,23.26,11.82,2,49.7,54.95
Whitefield,2027,3,4,3,21,4.08,9.61,0,94.5,223.6
Whitefield,778,1,1,1,13,5.63,5.72,1,96.3,90.82
Whitefield,743,1,1,3,8,10.32,7.09,0,86.0,132.2
Indiranagar,3045,5,6,1,17,23.53,0.73,4,53.3,377.48
Sarjapur Road,1220,4,4,2,7,3.29,11.58,2,50.3,184.82
Bellandur,789,1,1,1,26,16.99,4.48,4,84.9,68.65
Sarjapur Road,1204,3,2,0,5,3.74,8.01,1,78.1,161.39
Jayanagar,1915,5,5,1,14,13.35,8.07,1,92.3,248.83
Marathahalli,1689,4,5,0,13,13.65,0.87,3,56.6,160.67
Koramangala,2051,3,4,0,14,1.54,3.34,0,57.7,283.46
Electronic City,604,1,1,0,19,23.88,7.94,1,83.9,47.3
Bellandur,2023,4,3,0,5,20.26,10.96,0,56.1,183.85
Bellandur,1087,2,2,3,21,7.92,9.39,3,67.7,138.87
Jayanagar,1260,3,2,3,11,3.7,,1,71.2,223.97
Sarjapur Road,2334,5,6,1,9,8.97,,0,80.2,262.26
Bellandur,1766,3,2,1,18,22.41,11.4,1,60.7,167.23
JP Nagar,1456,2,1,3,7,3.75,4.96,0,91.5,170.84
JP Nagar,403,1,1,1,4,9.06,1.97,1,64.1,67.46
Marathahalli,1170,2,1,1,26,12.61,,0,42.5,42.34
Hebbal,779,1,1,3,9,1.31,11.41,3,44.0,75.84
Electronic City,1774,4,5,3,10,7.07,,2,98.3,232.24
Yelahanka,2070,4,4,1,19,15.09,2.75,1,77.3,177.08
Indiranagar,1016,2,3,3,13,8.44,1.87,4,69.5,196.78
Sarjapur Road,831,1,1,2,13,21.83,11.52,1,92.2,81.13
Indiranagar,2824,5,5,0,28,23.45,3.04,2,83.0,344.88
Yelahanka,861,1,1,0,1,11.32,5.65,1,50.9,82.54
Sarjapur Road,622,1,2,2,29,13.53,7.41,3,40.4,74.22
Sarjapur Road,759,2,3,2,25,15.95,0.94,0,98.9,122.22
Electronic City,884,1,1,1,16,16.78,4.26,2,77.8,76.72
Indiranagar,747,1,1,1,14,2.05,11.33,2,68.6,150.23
JP Nagar,1910,4,4,0,28,1.82,8.46,1,96.7,223.85
Whitefield,400,1,1,1,22,21.71,4.54,0,62.2,38.01
Indiranagar,739,1,1,0,25,5.89,,0,83.4,137.68
Koramangala,1169,2,2,1,26,14.81,10.08,3,80.2,168.73
Koramangala,1347,3,2,1,2,15.8,1.99,2,80.6,193.56
Sarjapur Road,3043,5,4,0,2,4.53,7.12,2,80.6,318.55
Whitefield,2807,6,5,2,2,19.16,4.53,0,40.6,294.62
HSR Layout,498,1,2,2,25,21.72,6.18,1,89.5,41.5
Yelahanka,420,2,1,1,27,7.49,5.73,3,95.4,71.49
Marathahalli,1217,3,2,2,28,22.01,6.15,2,67.0,87.02
Whitefield,829,1,1,1,2,2.49,6.36,2,73.6,120.48
Marathahalli,623,1,1,3,17,20.11,1.02,0,59.5,63.81
Indiranagar,1211,3,2,3,5,16.18,2.3,0,87.1,191.06
Indiranagar,1362,2,3,3,13,14.79,6.88,2,84.2,191.3
Marathahalli,756,1,2,2,25,6.14,11.25,1,84.3,121.43
Hebbal,851,3,2,2,2,9.37,,1,84.1,154.31
Yelahanka,789,1,1,0,0,22.8,3.02,1,53.1,74.5
Whitefield,957,1,1,2,9,11.91,4.47,4,46.8,111.11
HSR Layout,1616,2,3,1,12,15.06,4.16,1,58.6,150.99
Sarjapur Road,663,1,1,0,28,23.43,9.28,1,74.5,65.76
Electronic City,844,2,2,2,8,11.93,11.67,2,64.0,83.26
Indiranagar,963,1,1,0,21,10.01,4.39,1,55.0,99.19
Koramangala,1196,3,3,2,21,22.38,,2,41.3,147.78
Yelahanka,1397,3,4,1,25,22.82,11.26,2,47.3,70.37
Electronic City,3690,6,5,3,24,9.19,9.09,2,46.3,259.93
HSR Layout,1644,3,3,3,1,15.0,10.05,0,97.4,211.16
Bellandur,1665,3,2,1,9,24.11,2.66,1,86.7,138.94
Jayanagar,1036,1,1,0,24,1.86,7.82,1,47.4,111.22
Sarjapur Road,700,1,2,3,29,1.48,2.95,2,68.0,80.19
Indiranagar,897,3,4,2,11,13.16,0.34,0,79.3,180.59
Sarjapur Road,812,2,2,2,18,7.64,2.05,1,97.7,154.63
Hebbal,1489,3,4,0,2,14.76,11.09,1,56.1,147.21
Electronic City,484,1,1,0,18,18.25,2.74,1,55.8,25.0
Sarjapur Road,1662,3,4,1,0,2.19,7.1,4,74.1,199.89
Jayanagar,1125,2,2,3,25,22.12,11.62,0,91.4,116.67
Bellandur,1796,4,4,0,14,7.28,1.09,0,56.8,193.63
Electronic City,806,1,1,3,22,9.84,9.73,3,47.5,95.21
Indiranagar,731,2,3,3,25,8.76,7.25,1,56.0,152.56
Whitefield,959,2,3,2,12,21.08,4.02,2,66.9,94.84
Koramangala,947,1,2,0,6,4.68,4.5,0,61.6,120.94
Electronic City,1870,4,5,1,1,1.2,0.52,1,91.7,193.23
JP Nagar,1860,2,3,0,21,24.31,,0,96.6,170.69
Hebbal,3422,6,6,3,19,24.53,5.2,1,62.7,320.72
Bellandur,914,2,2,2,10,6.81,,1,89.4,139.91
Hebbal,400,1,2,0,22,0.73,3.44,1,44.1,49.73
Electronic City,958,2,1,0,15,16.32,7.05,0,73.2,85.24
Electronic City,1362,3,3,0,13,16.39,8.83,1,89.9,168.93
JP Nagar,1778,2,1,1,29,23.54,8.44,4,65.1,159.01
Indiranagar,1418,3,2,1,22,7.81,7.17,3,48.6,232.82
Hebbal,913,1,1,1,14,5.14,7.05,0,57.0,101.18
Electronic City,3081,6,5,1,19,15.6,8.71,2,69.5,229.55
Koramangala,680,2,1,2,18,14.31,4.16,1,90.6,82.77
Sarjapur Road,1032,2,2,2,6,18.08,5.51,3,84.9,137.57
Indiranagar,663,1,1,1,8,22.19,11.6,1,45.0,42.11
Koramangala,1213,2,3,3,3,14.21,8.09,3,72.8,219.34
Indiranagar,2876,6,6,1,5,4.18,6.33,2,92.3,445.09
Koramangala,1111,1,1,1,22,15.15,7.02,1,74.6,119.07
Jayanagar,1114,2,2,3,9,9.67,1.43,0,43.9,132.76
Bellandur,472,1,2,0,2,11.59,7.19,2,89.4,102.39
Koramangala,1025,2,2,3,20,24.01,10.07,0,94.4,152.53
Marathahalli,2259,4,3,3,27,14.1,,2,63.4,193.69
Koramangala,1046,1,1,2,29,4.17,2.29,0,58.6,120.49
Whitefield,1008,3,2,0,0,11.36,5.49,0,72.6,141.74
Whitefield,2204,3,3,3,5,6.1,3.48,1,99.0,248.0
Yelahanka,1010,2,3,1,4,3.82,4.44,4,90.2,103.7
Marathahalli,2442,4,5,3,22,17.95,2.86,1,88.7,217.93
Marathahalli,592,1,1,2,14,15.9,4.14,1,51.6,72.9
Sarjapur Road,1742,5,4,3,24,12.7,,1,93.7,232.93
Marathahalli,2968,4,5,1,10,10.87,9.14,3,73.4,301.86
Sarjapur Road,2089,4,3,0,19,8.39,5.99,3,95.0,233.65
Yelahanka,430,3,3,2,24,2.66,9.43,2,79.1,77.46
Yelahanka,845,2,3,0,12,7.83,,2,90.1,130.31
Bellandur,1050,2,3,2,5,21.04,4.99,0,49.9,98.09
Whitefield,2091,3,2,1,4,19.7,11.76,2,82.4,192.43
Koramangala,577,2,3,2,1,24.32,3.1,2,55.4,104.71
Koramangala,685,2,1,0,16,16.57,11.46,0,50.1,33.73
JP Nagar,496,1,1,0,23,14.06,10.4,1,74.4,57.61
JP Nagar,762,1,1,3,11,7.75,2.55,0,76.2,100.0
HSR Layout,603,1,1,0,11,2.38,4.33,1,69.4,97.71
Indiranagar,2890,3,4,3,21,15.64,8.55,0,45.3,306.82
Bellandur,841,1,1,0,13,12.46,2.46,1,54.7,107.36
HSR Layout,1755,3,4,3,6,19.1,7.17,1,54.1,162.26
HSR Layout,1212,3,2,1,21,10.59,6.51,1,58.8,148.32
Electronic City,1203,2,2,3,25,24.65,3.64,2,77.7,104.41
Electronic City,867,3,3,0,28,10.24,,1,66.3,118.37
Hebbal,1833,4,3,1,13,8.66,6.29,1,98.1,235.28
HSR Layout,1306,2,1,2,6,21.84,3.74,3,41.0,131.96
Marathahalli,1266,2,1,0,8,10.19,2.33,0,53.0,112.2
Indiranagar,866,2,2,3,13,21.84,9.33,2,74.4,139.36
Bellandur,947,2,1,2,20,1.17,7.06,2,92.8,141.55
HSR Layout,1659,2,1,3,16,17.47,5.36,0,42.0,118.46
Jayanagar,1362,2,3,2,16,2.26,2.34,0,93.0,206.73
Koramangala,1284,3,3,1,24,4.13,7.21,3,70.4,199.47
Indiranagar,793,2,2,0,20,17.65,7.62,0,87.1,114.22
Electronic City,3496,6,5,1,29,7.6,5.86,0,96.9,293.01
Hebbal,922,2,1,0,12,5.66,4.6,2,52.9,134.77
Koramangala,1180,3,4,2,28,20.14,10.43,0,75.3,146.31
Electronic City,1083,2,1,1,26,23.68,8.52,1,93.0,117.41
Electronic City,3516,6,6,0,28,6.19,4.4,0,90.7,317.86
Indiranagar,1023,3,4,2,17,8.27,7.2,1,71.3,173.17
Electronic City,972,2,2,1,18,17.99,2.96,4,97.0,96.94
Jayanagar,1281,3,2,1,16,20.47,0.34,1,82.5,156.38
Yelahanka,819,1,2,1,5,24.98,,1,71.4,42.82
Hebbal,1276,2,2,1,11,7.2,9.86,0,43.5,112.21
Whitefield,4422,6,6,3,5,14.14,7.74,1,69.2,358.8
Yelahanka,1415,3,3,2,2,3.78,9.77,2,65.3,156.6
Whitefield,1387,4,3,3,14,8.61,9.41,0,58.3,171.1
JP Nagar,809,1,1,2,2,1.6,10.35,0,96.6,103.68
JP Nagar,3072,6,5,2,22,5.67,10.72,1,95.5,297.0
Electronic City,3486,5,4,2,14,12.91,9.86,1,60.2,262.39
Bellandur,1918,5,5,0,0,4.51,10.25,1,66.1,244.08
Bellandur,1719,2,3,2,20,22.29,6.12,2,85.1,187.11
Whitefield,1055,3,2,1,28,17.9,8.55,3,90.1,109.69
Koramangala,1488,3,4,3,2,1.18,4.13,2,46.6,216.9
Indiranagar,758,2,2,1,4,21.98,10.36,1,69.4,123.76
Electronic City,646,1,1,1,26,24.44,10.33,1,94.9,75.23
Indiranagar,530,1,1,3,13,12.8,0.98,0,79.9,129.07
Yelahanka,1504,4,3,1,3,8.21,4.29,1,72.6,134.01
Bellandur,562,2,1,0,21,6.95,2.22,3,83.1,117.26
Marathahalli,912,2,3,1,27,2.64,1.8,0,79.7,96.18
Hebbal,1160,3,3,1,8,12.54,5.1,2,96.5,139.94
Yelahanka,2075,3,3,3,17,1.73,7.58,2,94.8,193.71
Hebbal,873,1,1,1,9,12.84,4.26,2,63.9,121.82
Jayanagar,2214,3,4,3,7,6.69,3.85,0,41.9,243.45
Yelahanka,2011,3,4,2,29,12.17,1.31,2,60.0,167.83
Whitefield,666,1,1,2,12,10.75,4.72,0,52.2,53.62
Jayanagar,2225,4,4,0,1,7.98,5.76,3,47.9,274.18
Sarjapur Road,1027,3,2,3,19,11.49,4.9,3,93.3,157.2
Yelahanka,912,1,1,3,24,12.11,,0,82.6,82.29
Jayanagar,1029,1,2,3,19,20.93,3.6,2,42.0,86.98
Electronic City,1198,3,2,0,6,16.81,,1,95.2,118.0
Hebbal,955,2,2,0,10,11.11,10.62,0,94.2,130.19
HSR Layout,756,1,1,1,4,22.68,7.18,1,97.0,124.67
HSR Layout,794,1,1,3,28,19.02,4.79,2,89.8,90.15
Electronic City,1295,3,2,0,17,2.36,2.32,0,44.7,83.52
Sarjapur Road,1099,1,2,2,7,4.27,11.2,1,77.4,136.76
Sarjapur Road,1604,3,2,2,26,2.5,9.07,1,45.0,147.06
Whitefield,1235,2,3,3,25,8.31,3.11,2,82.8,149.56
Bellandur,1252,2,1,2,9,11.17,1.98,2,51.8,125.85
Indiranagar,1663,3,2,1,1,12.85,0.78,1,96.1,260.05
Hebbal,2619,4,3,1,2,21.36,2.45,1,96.1,288.33
Sarjapur Road,2677,4,3,3,25,0.94,8.84,0,75.7,292.69
Marathahalli,2508,4,4,0,22,10.99,7.63,1,85.2,226.98
Whitefield,1937,2,2,0,4,10.57,11.62,3,91.5,220.9
JP Nagar,3778,6,6,0,15,23.71,4.0,0,63.3,302.04
Koramangala,1527,4,3,0,9,6.41,,2,74.8,235.7
JP Nagar,1435,2,3,3,10,3.5,1.62,0,50.6,147.51
Whitefield,4123,6,5,1,18,3.99,,1,99.1,373.29
Hebbal,400,1,1,3,15,13.24,5.71,1,95.8,91.62
Jayanagar,1067,1,2,3,11,10.08,10.09,2,69.0,159.93
Yelahanka,2390,5,6,2,1,18.98,8.48,0,73.2,213.36
Indiranagar,2057,2,2,1,10,8.42,2.49,1,66.2,258.88
Koramangala,4921,6,5,0,21,3.64,11.81,1,40.1,506.97
JP Nagar,1273,3,4,1,25,9.98,9.91,2,53.8,161.01
Koramangala,947,2,3,2,0,22.13,4.38,1,46.1,129.01
Marathahalli,1000,2,2,3,23,10.44,,0,59.4,88.0
Marathahalli,1429,3,4,1,4,20.92,11.49,2,54.2,172.25
Jayanagar,2928,5,6,2,20,9.6,10.71,1,85.7,305.81
Marathahalli,2948,4,5,3,13,7.39,6.76,1,70.3,271.08
Whitefield,1164,2,1,0,17,19.48,7.01,0,89.0,117.37
Indiranagar,1379,2,1,1,6,5.63,1.46,0,78.1,245.89
Hebbal,857,1,1,0,4,6.18,2.14,1,79.4,116.56
Jayanagar,908,1,1,0,7,1.72,11.79,0,92.6,140.1
Whitefield,2133,4,5,2,20,5.1,9.28,0,90.8,244.37
HSR Layout,2897,5,4,2,14,9.78,0.5,0,43.8,242.54
Yelahanka,818,1,2,3,24,10.29,6.66,1,74.7,41.88
Yelahanka,1372,3,4,0,4,10.81,4.27,1,64.8,96.91
Marathahalli,1050,3,2,2,12,12.25,3.88,1,76.0,122.36
HSR Layout,1930,5,4,2,18,14.51,6.77,1,91.8,254.26
Sarjapur Road,969,1,1,0,28,5.14,3.98,1,40.7,95.54
Sarjapur Road,416,1,1,3,1,15.54,3.17,1,40.7,57.98
Hebbal,2084,5,5,0,4,8.75,11.27,0,43.8,224.71
Marathahalli,1016,1,1,3,25,18.48,0.67,0,92.5,91.03
JP Nagar,1075,1,1,3,28,14.15,5.35,1,61.2,96.88
Whitefield,1525,2,3,2,25,14.08,6.23,1,62.3,147.07
Marathahalli,1457,4,4,0,4,17.29,5.39,2,60.7,149.0
Bellandur,1542,2,3,0,5,8.66,7.96,3,53.9,178.43
Koramangala,490,2,2,2,15,11.02,0.5,1,42.3,76.44
Hebbal,1630,3,3,1,1,14.78,10.64,1,94.4,190.51
Yelahanka,420,1,2,1,4,10.83,6.1,2,54.0,54.66
Sarjapur Road,1832,6,6,0,14,11.38,6.73,2,93.6,252.5
Electronic City,2220,4,5,2,0,7.18,5.66,2,97.3,212.5
Sarjapur Road,565,1,1,3,18,7.54,,2,74.6,67.44
Hebbal,1438,3,4,3,2,17.62,2.4,1,62.3,172.66
Yelahanka,2146,4,4,0,18,0.6,6.15,0,85.9,210.37
Hebbal,937,3,2,2,14,2.83,5.17,3,41.5,117.4
Koramangala,1738,5,5,0,2,23.75,5.72,1,95.7,282.9
Yelahanka,400,1,1,0,7,5.08,0.36,2,64.5,77.42
Electronic City,2195,6,7,2,14,10.74,,0,58.5,213.9
Marathahalli,1220,2,1,0,0,21.32,9.21,1,47.6,120.5
HSR Layout,1041,2,1,3,5,0.5,5.15,1,97.3,169.54
Electronic City,2062,3,2,1,21,23.17,8.97,1,88.7,182.62
Yelahanka,3106,6,6,3,16,1.81,2.22,1,83.4,296.95
Yelahanka,1567,3,2,1,15,4.69,8.44,0,95.9,175.66
Bellandur,2907,4,5,2,12,1.21,3.61,1,97.6,332.68
Jayanagar,511,2,3,0,0,13.23,8.52,2,56.1,81.31
Bellandur,1731,4,5,1,2,23.61,1.22,1,87.2,216.03
Indiranagar,1116,3,2,2,23,21.06,,2,86.0,191.57
Bellandur,778,1,2,2,5,16.17,,0,73.4,48.63
Whitefield,415,2,2,2,19,5.04,,3,49.0,81.72
HSR Layout,1680,3,4,3,20,21.81,4.83,1,96.4,206.26
Koramangala,1942,5,4,3,25,18.99,1.08,2,58.9,227.29
Electronic City,2510,5,6,1,29,7.04,6.41,0,74.7,182.04
Yelahanka,2292,4,3,1,2,20.22,0.49,1,41.2,154.16
Indiranagar,785,1,1,3,14,21.99,,1,65.7,104.3
Indiranagar,2441,4,5,1,29,17.61,11.27,2,77.0,293.72
Koramangala,2587,4,4,1,14,2.96,9.76,2,62.9,352.83
HSR Layout,1040,1,1,0,10,24.61,11.43,0,68.6,91.9
Electronic City,1219,2,3,1,26,2.36,10.79,0,51.5,106.39
Sarjapur Road,718,2,1,2,21,16.53,10.76,2,61.0,68.34
Hebbal,2710,4,5,0,5,3.21,3.1,1,83.4,300.02
Bellandur,522,2,1,1,5,22.68,,2,98.2,88.72
Hebbal,1611,3,2,0,8,9.07,9.75,0,68.1,176.95
Hebbal,864,2,1,2,13,13.03,6.0,1,81.2,109.56
Marathahalli,652,2,2,1,25,4.88,11.32,0,98.6,91.58
Hebbal,428,2,2,0,28,13.89,10.79,2,86.5,88.5
Indiranagar,1066,2,3,1,10,23.5,10.74,2,40.6,120.78
Bellandur,599,1,1,0,23,22.59,4.05,1,96.1,84.01
Bellandur,1238,3,2,0,5,2.07,1.77,0,92.0,179.56
Whitefield,3175,5,4,2,17,9.77,8.2,1,56.3,270.05
HSR Layout,1339,1,2,2,19,7.05,5.4,0,50.9,109.72
Marathahalli,3600,6,5,1,14,12.29,11.22,1,94.0,331.34
Hebbal,699,2,3,3,21,20.93,10.28,1,81.3,112.73
Jayanagar,593,3,4,1,8,18.6,11.16,0,54.2,129.45
Sarjapur Road,682,1,1,0,10,8.93,6.9,2,82.8,127.6
Yelahanka,1158,4,4,2,1,9.88,6.41,2,76.0,160.28
Whitefield,5365,6,5,2,5,16.53,10.2,2,58.6,478.38
Bellandur,481,1,1,0,25,5.26,6.24,0,73.4,51.5
Bellandur,1687,4,5,3,26,3.02,10.82,2,71.6,215.85
JP Nagar,817,1,1,2,25,6.44,0.61,1,70.6,75.51
Marathahalli,1061,2,3,3,25,3.54,4.43,1,71.0,130.5
Hebbal,601,1,1,2,22,9.12,,1,40.0,73.64
Marathahalli,1946,2,3,0,13,23.47,2.68,4,56.1,143.77
JP Nagar,1171,3,4,1,13,3.45,4.91,1,65.9,162.41
Marathahalli,2182,5,4,1,23,20.55,,2,47.6,185.23
Bellandur,1321,4,5,3,12,13.6,3.76,0,84.9,186.58
Indiranagar,415,1,1,1,24,16.01,3.96,2,90.8,81.56
Electronic City,2193,5,6,0,4,4.67,8.84,2,89.1,208.3
Bellandur,400,2,2,1,8,4.21,8.19,0,67.6,115.26
Whitefield,429,1,1,3,24,4.49,5.45,1,81.4,82.98
HSR Layout,725,2,2,0,28,16.84,8.8,1,44.6,74.76
JP Nagar,730,2,3,0,10,18.82,,1,52.0,104.77
Sarjapur Road,2586,6,6,2,6,23.05,5.33,0,42.8,254.3
Yelahanka,1092,4,4,2,1,10.26,7.82,0,97.9,116.55
Sarjapur Road,2383,5,5,1,23,11.82,,1,74.5,255.77
Bellandur,878,1,2,3,11,12.01,10.19,0,50.5,94.61
Whitefield,1429,3,2,0,4,7.11,9.07,1,82.5,174.81
Hebbal,1557,2,3,1,28,8.54,8.11,0,69.3,163.85
Bellandur,1760,3,4,1,26,21.25,,3,66.1,172.21
HSR Layout,929,2,3,2,23,8.92,3.84,1,94.8,131.38
Indiranagar,975,1,1,1,1,21.79,,1,82.5,116.92
Jayanagar,1019,1,2,1,13,7.98,10.15,1,81.4,84.63
Yelahanka,484,1,2,2,6,8.83,8.66,3,45.8,75.11
HSR Layout,1146,2,1,1,4,14.23,,0,45.5,157.01
JP Nagar,972,2,1,1,3,3.03,3.25,0,79.9,126.2
Hebbal,1651,3,2,0,9,23.09,11.64,0,49.4,162.91
JP Nagar,1262,3,3,1,28,20.6,1.16,1,67.2,101.51
Bellandur,2503,4,3,2,15,16.93,,1,74.2,230.73
Whitefield,1247,3,3,2,5,24.71,2.69,0,63.3,147.21
HSR Layout,881,2,2,0,20,0.89,4.83,2,45.1,100.78
Koramangala,1239,3,4,2,5,10.57,5.25,1,84.6,205.42
Hebbal,1787,3,3,2,8,21.53,8.02,2,93.1,194.77
Whitefield,453,3,4,2,0,11.11,6.65,0,49.7,88.61
Indiranagar,810,2,2,1,28,0.63,2.4,1,91.2,181.28
Hebbal,819,3,2,0,15,4.36,0.55,2,87.3,120.67
JP Nagar,1504,2,3,3,26,11.13,8.66,0,73.8,139.46
Hebbal,1604,3,3,0,16,16.86,,2,75.8,158.35
Jayanagar,1269,2,3,0,12,4.49,4.47,2,79.1,149.35
Bellandur,400,3,2,0,5,11.48,3.56,2,71.5,102.43
Marathahalli,484,1,1,3,1,0.81,9.91,2,90.7,105.45
JP Nagar,1052,1,1,3,7,12.2,9.59,0,68.4,57.51
Jayanagar,911,3,2,2,22,22.45,9.95,1,72.8,124.64
Yelahanka,1204,2,2,1,21,15.12,2.79,3,42.2,91.38
Electronic City,927,2,2,2,3,11.3,10.25,0,50.8,81.2
Marathahalli,2786,5,6,2,8,4.48,11.83,1,94.2,273.52
Bellandur,400,1,1,3,22,5.46,7.27,3,47.3,58.4
Koramangala,1417,3,2,2,6,2.37,0.76,1,94.2,288.87
Marathahalli,1892,4,4,2,20,18.69,8.49,0,78.2,173.58
Yelahanka,1765,3,4,3,0,2.39,6.55,1,95.2,174.74
Whitefield,1850,3,3,0,13,9.91,8.6,1,88.9,188.59
Koramangala,2003,1,2,0,29,18.87,2.42,2,91.9,179.5
JP Nagar,861,1,1,3,1,17.96,7.35,2,71.5,123.74
Koramangala,655,1,2,1,7,14.65,6.56,1,89.5,102.7
HSR Layout,400,1,2,2,10,14.5,7.31,3,67.6,52.57
Yelahanka,983,2,2,0,4,2.71,8.79,1,42.7,83.83
Hebbal,782,4,3,3,17,4.79,6.62,2,79.1,176.58
Jayanagar,2273,5,4,1,11,13.6,4.0,1,83.7,302.5
Marathahalli,1024,1,1,2,20,9.03,,2,46.1,79.24
HSR Layout,681,2,2,3,23,0.96,8.4,1,89.0,123.58
Koramangala,624,1,1,3,19,20.06,8.03,0,44.5,41.35
HSR Layout,3583,6,6,3,18,16.52,5.18,1,66.5,359.75
Sarjapur Road,1186,2,2,2,4,8.48,4.37,2,69.3,134.98
Yelahanka,781,2,1,0,28,2.91,7.52,2,42.2,81.23
Jayanagar,1285,3,4,2,6,14.98,3.88,2,43.9,150.7
Indiranagar,3406,5,6,2,1,9.04,,3,67.0,494.59
Whitefield,969,2,1,0,16,6.76,7.24,2,58.7,126.12
Koramangala,1751,4,3,3,12,18.18,7.18,0,89.0,279.75
Yelahanka,2305,6,7,1,10,8.54,1.81,1,64.8,183.48
Indiranagar,424,1,1,1,4,3.83,7.39,2,46.3,85.8
Indiranagar,845,1,1,0,12,12.3,3.68,0,49.5,104.31
Bellandur,2151,4,3,0,28,20.8,5.53,0,80.4,196.17
Jayanagar,817,2,1,3,22,21.32,6.55,1,97.0,129.03
HSR Layout,1507,3,2,1,12,21.31,,1,92.2,188.28
Indiranagar,791,1,1,1,7,10.81,9.75,1,47.8,88.21
Sarjapur Road,939,2,3,3,10,19.88,1.37,0,41.0,71.36
Yelahanka,878,1,2,0,7,21.33,2.17,0,41.6,50.68
Electronic City,1703,4,5,0,9,11.76,2.05,2,73.3,142.71
Electronic City,1341,2,3,3,24,8.31,,1,69.2,113.13
Hebbal,1267,1,1,0,26,17.7,,1,40.8,90.37
Hebbal,4766,6,6,2,10,22.66,,1,43.4,436.43
Koramangala,3124,6,7,0,27,24.32,11.64,1,100.0,383.82
Hebbal,404,2,3,2,0,7.61,11.9,1,97.9,76.62
JP Nagar,940,2,3,1,6,23.93,11.76,1,47.6,88.32
HSR Layout,4558,6,5,1,25,12.73,1.96,0,49.8,438.54
JP Nagar,875,1,1,0,7,8.0,7.96,1,94.0,89.22
Indiranagar,3783,6,6,3,5,24.72,4.92,2,70.4,465.71
Yelahanka,949,1,1,0,25,22.01,,1,97.5,90.61
Koramangala,1055,3,2,3,13,17.46,4.99,1,71.2,152.84
Marathahalli,1930,4,3,1,27,22.43,4.72,0,74.6,155.85
Indiranagar,1142,4,4,1,19,17.2,10.87,0,53.2,189.9
HSR Layout,1575,3,2,1,6,11.29,6.04,4,92.6,214.83
Electronic City,2853,6,5,3,2,23.73,8.93,2,89.5,252.33
Jayanagar,1822,4,3,3,1,24.1,7.87,2,60.2,214.11
Hebbal,1297,2,3,1,21,8.2,7.96,0,76.7,169.08
Bellandur,3012,6,5,0,17,9.18,4.32,1,60.5,300.92
Yelahanka,1944,5,6,3,21,9.88,3.18,0,67.8,172.4
Whitefield,802,1,1,2,25,20.64,10.65,3,91.2,78.85
Jayanagar,3566,6,6,1,2,19.88,0.49,1,64.9,360.07
JP Nagar,1709,1,1,3,13,24.59,2.24,0,90.4,152.64
Hebbal,1067,2,3,1,17,11.9,1.77,4,97.6,155.18
Koramangala,400,1,1,2,12,18.55,11.4,2,65.0,70.09
JP Nagar,563,1,1,0,7,21.49,0.26,2,92.7,63.95
Yelahanka,3057,5,4,2,3,5.92,0.29,2,58.2,223.38
JP Nagar,3124,4,5,0,14,15.7,2.88,2,40.2,251.48
Yelahanka,1258,2,2,0,11,13.92,3.49,3,45.1,61.59
JP Nagar,453,2,1,3,13,18.7,6.81,1,84.2,64.81
Jayanagar,660,1,1,0,19,17.54,11.54,2,46.0,106.23
Sarjapur Road,491,2,2,0,6,20.41,5.69,2,96.3,99.0
Jayanagar,482,2,1,0,23,8.12,,0,92.0,101.63
Marathahalli,3659,6,7,1,11,5.8,9.84,2,70.9,325.17
Indiranagar,3726,6,6,3,28,20.23,4.75,2,74.9,432.23
Indiranagar,648,2,2,3,8,9.33,,1,81.7,144.94
HSR Layout,1194,2,2,0,9,7.55,9.58,4,83.9,131.3
Hebbal,592,1,1,1,7,8.75,,1,69.5,92.95
Jayanagar,1190,3,4,0,29,2.13,2.62,1,58.8,152.9
Jayanagar,2956,6,7,3,19,19.44,7.69,0,94.6,408.81
Whitefield,2172,4,3,3,1,18.02,1.41,3,42.8,230.46
Whitefield,1872,4,5,3,25,14.04,3.22,1,61.4,197.25
HSR Layout,1078,4,3,3,15,18.04,4.84,3,80.0,155.58
Bellandur,2402,4,3,1,20,9.64,4.88,1,93.5,281.52
Indiranagar,1713,3,3,2,22,7.74,11.68,1,44.5,193.71
Bellandur,1499,3,2,2,17,21.63,,1,79.5,163.35
Hebbal,1126,2,2,1,19,10.85,0.64,2,69.2,118.64
Yelahanka,1430,4,3,0,21,5.3,2.81,1,81.2,149.62
Yelahanka,1406,3,4,3,23,18.85,7.47,2,59.0,107.99
Electronic City,891,2,2,3,9,8.73,8.62,4,82.6,95.33
JP Nagar,784,1,1,3,28,5.69,4.69,1,50.8,71.43
Whitefield,694,2,3,1,5,1.17,10.31,0,86.5,148.36
Electronic City,718,1,2,1,5,24.28,11.33,0,85.0,107.72
Marathahalli,1082,1,1,3,21,11.95,7.45,1,96.8,136.5
HSR Layout,988,2,2,3,19,4.46,6.84,1,50.4,118.32
HSR Layout,853,3,3,0,12,19.07,9.06,2,83.3,113.21
Yelahanka,819,1,1,2,18,22.25,9.43,2,59.4,49.16
Jayanagar,1409,2,2,1,16,13.44,2.74,1,56.9,196.31
Indiranagar,2560,6,7,2,1,1.19,5.91,3,64.1,390.65
Bellandur,1193,2,3,3,17,9.45,5.48,4,57.1,139.22
Whitefield,1151,3,3,2,25,6.46,11.31,3,54.9,113.02
Electronic City,718,1,1,2,6,16.09,1.52,3,86.1,45.67
Bellandur,1061,2,3,1,26,13.21,11.33,2,82.0,162.45
Jayanagar,2309,5,4,1,13,9.22,6.96,1,46.6,269.87
Electronic City,2123,4,5,0,21,16.39,3.6,1,73.6,187.3
JP Nagar,2044,4,5,3,14,14.82,10.46,1,59.9,209.82
Marathahalli,2008,2,3,0,7,22.71,0.8,3,98.3,201.59
Marathahalli,1526,3,3,1,8,15.12,3.96,0,65.5,166.37
Bellandur,1496,2,1,0,20,12.94,9.08,2,42.4,106.62
Bellandur,1373,3,2,2,10,20.68,9.97,0,59.9,171.13
Bellandur,954,2,2,2,2,5.46,2.18,2,58.8,160.32
Electronic City,1257,3,4,1,19,6.47,11.31,1,40.3,122.67
JP Nagar,1351,3,3,2,13,19.7,0.83,3,69.3,129.91
Sarjapur Road,1700,3,3,3,26,11.34,5.32,0,94.3,158.26
Bellandur,1268,4,3,1,7,10.53,1.35,1,88.1,155.64
Indiranagar,3820,6,5,3,2,22.23,1.35,0,81.1,476.45
Hebbal,617,1,1,1,17,15.45,10.98,1,60.6,82.14
Jayanagar,1817,3,3,1,22,20.17,10.87,2,53.9,190.53
Hebbal,1173,3,2,2,13,20.34,7.46,1,60.6,115.74
Whitefield,1201,1,1,1,19,3.44,11.6,0,47.4,80.05
Whitefield,768,1,2,1,28,16.52,,1,46.0,76.2
Jayanagar,2102,3,3,0,7,23.84,9.44,1,74.5,212.65
Electronic City,1718,3,4,2,16,12.26,1.35,3,88.8,137.28
Jayanagar,1898,1,2,3,7,18.44,4.87,1,46.0,180.65
Hebbal,1317,2,3,1,4,14.38,6.28,0,60.1,137.19
Hebbal,1004,1,1,3,11,5.52,9.38,1,47.4,122.02
Bellandur,1157,3,4,0,1,5.28,4.15,3,58.6,155.65
Yelahanka,1523,4,3,1,16,11.13,11.77,2,89.8,152.26
HSR Layout,400,1,1,3,12,12.33,8.87,0,42.1,49.47
Sarjapur Road,1940,4,3,2,21,12.83,6.49,0,78.8,184.97
Hebbal,4557,6,6,0,13,23.9,4.1,3,43.6,382.32
Indiranagar,1563,2,3,0,8,2.96,7.78,0,65.6,243.76
Jayanagar,1028,3,2,3,8,9.82,8.14,2,68.4,169.97
JP Nagar,1098,2,2,1,8,13.11,8.21,1,64.1,121.55
Yelahanka,1771,4,4,1,26,24.1,7.12,2,78.2,136.82
Hebbal,1041,3,3,2,19,12.86,4.93,0,98.4,149.41
Jayanagar,1935,4,3,2,5,19.49,9.84,2,56.0,211.4
Marathahalli,1090,2,1,1,29,18.86,3.25,1,76.6,73.75
Yelahanka,3081,6,5,0,11,14.38,,2,61.3,241.37
Electronic City,3034,5,5,2,9,3.7,5.77,1,100.0,289.63
Sarjapur Road,1001,2,1,2,21,5.86,10.74,2,97.1,140.31
Koramangala,1148,2,3,0,4,6.38,7.17,2,45.6,182.34
Koramangala,1185,2,1,1,17,1.45,10.3,1,98.4,208.53
Bellandur,1194,3,2,3,6,9.79,11.45,0,84.3,153.86
Bellandur,713,2,3,2,12,15.46,1.7,2,99.5,169.56
Electronic City,660,2,1,0,0,4.03,6.75,1,86.3,134.21
JP Nagar,2386,3,2,2,5,4.79,10.63,1,47.7,204.93
Bellandur,2185,4,3,0,20,17.82,10.49,4,85.0,229.52
HSR Layout,2165,3,2,2,20,4.65,,0,83.6,227.3
Hebbal,1155,2,2,1,7,3.82,5.88,1,50.0,123.02
Sarjapur Road,3397,6,5,0,8,24.46,,0,85.2,299.56
Jayanagar,1185,1,2,3,6,0.86,10.78,1,80.5,201.9
Electronic City,1929,4,5,3,9,8.47,0.24,1,99.7,184.66
Whitefield,559,1,1,2,28,1.36,2.78,3,77.1,128.22
Jayanagar,1058,1,1,3,7,21.03,5.03,1,64.9,124.86
Jayanagar,1101,2,3,2,29,14.8,2.81,0,97.2,123.71
Marathahalli,1158,1,1,0,1,1.67,11.69,0,77.7,142.13
Electronic City,579,3,2,0,17,15.58,3.08,1,60.9,57.61
Electronic City,1767,4,4,3,27,3.52,4.48,2,41.3,143.77
Koramangala,2113,4,3,3,14,12.65,2.25,0,85.4,294.89
Indiranagar,797,1,1,1,23,16.9,11.13,1,47.2,76.13
JP Nagar,638,2,2,0,5,4.14,5.05,0,95.4,117.25
Indiranagar,786,2,3,3,23,12.68,3.29,0,97.7,158.27
HSR Layout,1576,3,4,3,13,11.71,3.1,1,54.2,162.55
Whitefield,864,1,1,3,24,22.94,7.11,1,46.8,53.0
Jayanagar,1115,2,1,2,24,24.89,,1,75.7,144.26
Koramangala,665,1,1,1,26,16.53,11.7,0,52.8,25.0
Whitefield,3564,6,5,0,21,21.44,11.78,3,72.5,320.54
Jayanagar,1249,3,2,3,23,16.35,4.76,0,64.9,149.11
HSR Layout,2258,5,4,3,17,21.97,10.99,0,87.5,252.54
Indiranagar,1574,4,5,3,23,11.12,5.44,3,100.0,229.63
Electronic City,1173,3,3,2,2,15.4,6.22,2,67.4,116.32
Bellandur,1140,3,4,0,29,21.21,,0,81.1,130.66
Bellandur,805,1,1,3,0,22.99,0.95,0,60.5,106.58
Hebbal,937,3,3,3,22,1.1,2.29,3,91.8,155.05
Yelahanka,689,2,1,2,0,3.05,10.66,2,42.2,59.31
Marathahalli,649,1,1,2,13,23.31,10.78,0,69.6,66.05
JP Nagar,3780,6,6,1,26,14.43,,3,50.6,345.61
HSR Layout,1399,3,2,1,0,24.76,3.77,1,50.6,134.61
Marathahalli,2687,5,6,0,0,19.92,9.99,1,72.0,269.18
Hebbal,775,1,2,1,3,20.54,2.61,1,58.5,66.04
Hebbal,603,1,2,0,28,9.96,,0,67.5,68.38
JP Nagar,701,1,1,1,29,6.81,9.91,0,58.3,69.15
Jayanagar,951,1,2,3,11,15.16,9.73,1,67.3,101.88
Marathahalli,1224,1,1,1,14,22.04,10.72,1,57.2,86.01
Indiranagar,1104,3,2,3,28,18.28,10.67,0,88.2,157.1
JP Nagar,784,2,3,0,29,12.07,11.02,3,73.5,70.98
Hebbal,1259,2,3,1,27,18.95,,2,49.7,95.95
Indiranagar,1322,2,1,1,3,17.41,7.36,1,40.5,151.24
Electronic City,1766,4,3,1,29,22.87,2.06,2,41.0,127.95
Koramangala,2694,6,5,3,9,6.96,7.39,1,65.3,356.62
Indiranagar,982,2,1,3,10,3.42,11.32,1,58.8,175.2
Jayanagar,2342,5,6,1,5,12.02,11.62,1,55.7,309.18
Bellandur,1244,2,1,0,27,9.35,8.8,2,77.4,127.78
Marathahalli,518,1,1,3,9,24.38,8.39,2,88.8,106.4
Jayanagar,3200,5,4,2,11,0.68,,1,43.8,373.6
Yelahanka,4188,6,5,0,2,23.37,3.64,3,46.6,291.18
Sarjapur Road,1687,3,2,0,14,23.9,1.98,3,62.1,131.26
Hebbal,1261,1,1,0,15,1.75,3.62,2,66.5,152.46
JP Nagar,1034,2,2,3,9,22.29,11.4,3,63.7,103.96
HSR Layout,930,2,2,1,21,12.03,2.71,2,78.3,113.77
Yelahanka,2335,5,6,1,28,19.27,2.85,2,45.2,149.07
Bellandur,1189,4,3,2,22,2.44,2.48,1,69.7,155.52
Indiranagar,3013,6,7,1,10,23.9,5.92,1,88.7,384.2
Koramangala,1223,2,1,2,15,15.38,9.6,1,95.7,201.51
Jayanagar,957,1,1,2,16,22.52,4.71,1,73.6,101.06
Electronic City,862,2,1,1,13,16.99,1.38,0,48.3,49.01
Sarjapur Road,797,2,3,2,15,13.65,8.93,0,83.6,109.14
Whitefield,1592,2,3,0,13,4.73,7.4,0,87.8,177.12
Yelahanka,589,1,1,0,5,4.86,,0,51.8,93.04
Koramangala,765,1,2,0,9,12.08,11.58,2,80.7,145.71
Whitefield,2486,5,5,3,16,21.83,5.75,0,95.8,236.01
Sarjapur Road,710,2,1,2,22,3.32,8.84,1,83.1,86.71
HSR Layout,1929,3,3,2,9,24.96,2.07,2,64.9,214.24
HSR Layout,400,1,1,0,20,21.96,5.12,3,66.6,41.74
Marathahalli,2664,5,6,3,9,10.12,2.7,3,44.8,225.86
Sarjapur Road,597,1,1,1,13,6.7,4.31,0,71.6,71.44
Sarjapur Road,741,1,1,0,19,23.09,5.86,3,88.2,71.99
Whitefield,1745,4,4,3,16,3.52,2.26,1,98.7,235.09
Koramangala,1392,2,1,1,8,9.01,9.68,2,64.0,182.79
Jayanagar,1963,3,4,3,14,2.56,4.64,2,66.1,239.02
JP Nagar,594,2,2,1,6,23.86,10.78,1,43.3,65.83
Whitefield,1025,1,1,2,1,15.63,8.16,0,86.5,118.57
Electronic City,855,1,1,2,3,8.74,2.28,1,83.0,48.52
HSR Layout,652,1,1,3,19,7.25,7.78,2,64.2,101.3
HSR Layout,1665,3,3,3,23,11.38,0.47,0,82.6,176.1
Marathahalli,2016,4,4,1,17,2.74,,0,77.4,203.96
Jayanagar,997,1,2,3,10,22.29,11.7,4,86.1,125.87
Electronic City,2773,4,5,3,4,13.02,8.2,0,58.8,184.04
HSR Layout,779,2,1,1,25,18.26,11.13,1,79.0,97.61
Whitefield,2736,5,4,1,7,6.23,3.68,1,77.5,256.41
Electronic City,1635,3,3,2,21,12.84,5.2,2,45.4,120.64
Whitefield,612,2,1,0,19,5.67,5.21,0,56.9,69.22
JP Nagar,3569,6,7,3,4,20.49,1.52,0,91.6,325.35
JP Nagar,940,1,1,1,1,19.49,9.6,0,49.4,96.75
HSR Layout,2328,4,3,2,4,4.13,6.04,1,62.8,265.34
HSR Layout,1300,4,4,0,2,2.33,5.99,1,53.5,189.12
Koramangala,1474,3,3,3,11,20.69,8.09,2,48.4,178.29
JP Nagar,1970,4,5,2,18,3.19,2.22,1,48.2,201.56
Jayanagar,1911,4,3,0,6,13.94,9.76,1,60.9,212.01
Jayanagar,994,3,2,3,18,13.59,4.52,0,88.2,131.92
Yelahanka,1608,2,1,2,3,5.47,1.14,0,98.0,183.31
Yelahanka,1543,2,2,3,22,14.99,2.45,2,74.3,118.14
Marathahalli,1350,1,2,0,13,12.82,3.18,1,78.1,109.82
JP Nagar,1073,2,1,1,18,12.98,2.3,0,86.7,123.97
Whitefield,1348,3,2,2,25,9.31,3.06,0,79.7,160.02
Whitefield,3541,6,5,0,25,21.04,11.95,2,90.9,369.76
Bellandur,1020,3,2,3,28,2.57,6.55,1,93.0,149.19
Electronic City,2330,4,5,0,17,11.25,7.31,0,77.7,189.41
Indiranagar,853,1,2,0,25,6.87,2.16,1,72.0,82.94
Yelahanka,739,1,2,1,6,21.29,0.72,0,63.5,57.3
HSR Layout,6000,6,6,2,14,6.01,3.86,1,67.7,562.92
Marathahalli,1615,3,2,0,20,19.29,9.28,2,60.7,135.33
Jayanagar,1640,3,2,1,0,15.48,6.79,1,65.6,202.03
Indiranagar,1665,3,2,1,11,21.93,,3,94.0,258.56
Sarjapur Road,2602,5,4,1,25,15.05,9.51,1,98.3,256.36
Marathahalli,1502,2,3,3,28,14.13,1.43,1,61.7,127.66
Sarjapur Road,1880,2,2,1,23,20.13,5.4,1,53.2,139.42
Hebbal,670,1,1,1,18,14.28,11.99,2,44.7,54.62
JP Nagar,2062,4,3,1,26,21.19,1.63,2,90.2,224.45
Sarjapur Road,1053,2,3,1,22,1.71,9.82,1,92.2,148.26
Sarjapur Road,1736,3,3,2,5,12.63,9.63,1,67.0,191.14
Hebbal,467,1,1,2,25,20.41,,0,72.5,40.41
Koramangala,1697,4,3,1,27,21.28,,2,84.4,192.75
Koramangala,400,1,1,0,12,20.93,3.83,2,62.6,37.81
Koramangala,1031,3,2,3,29,15.31,3.93,1,52.1,149.46
JP Nagar,470,1,2,0,5,24.85,2.0,1,46.9,74.09
Indiranagar,1700,3,2,0,12,4.94,4.56,0,54.1,211.2
Marathahalli,1247,4,4,1,14,4.77,3.7,2,78.7,146.86
Marathahalli,785,2,1,0,28,1.3,7.33,0,60.9,97.35
HSR Layout,2641,4,3,2,15,24.74,0.68,0,92.1,259.03
Koramangala,733,1,1,2,7,9.03,3.86,1,45.3,69.85
JP Nagar,400,1,1,3,12,19.17,0.26,1,65.0,28.58
HSR Layout,1592,3,2,2,12,1.96,0.27,0,55.4,187.9
Electronic City,454,2,1,2,27,7.82,9.88,1,93.3,113.34
HSR Layout,746,1,1,1,28,15.78,9.05,1,88.4,117.19
Indiranagar,903,2,1,2,19,13.36,,0,99.1,143.28
Yelahanka,548,2,2,0,19,5.59,4.37,1,47.2,32.98
Sarjapur Road,915,2,1,0,11,11.81,,2,86.9,107.28
Koramangala,554,1,2,2,18,3.17,3.23,2,47.6,90.68
Hebbal,1312,2,1,3,16,13.8,3.85,3,49.3,129.38
Yelahanka,610,1,1,3,29,2.88,6.84,1,42.4,37.07
Jayanagar,1220,3,3,3,25,16.08,8.46,1,67.9,140.35
HSR Layout,2274,5,6,2,2,4.31,3.34,0,47.6,291.33
JP Nagar,1845,3,2,3,14,13.9,8.22,1,60.9,167.77
Sarjapur Road,1147,4,5,2,16,3.66,,0,56.6,146.1
Marathahalli,697,1,1,0,5,10.32,6.03,1,98.6,106.42
Whitefield,1310,2,1,3,23,9.12,5.0,0,79.5,145.9
Sarjapur Road,818,1,1,3,18,19.03,2.94,1,64.6,74.58
Indiranagar,1340,3,4,3,29,16.21,4.4,1,92.7,216.28
Jayanagar,467,1,2,0,11,23.46,6.44,0,43.8,65.98
Indiranagar,1871,4,4,2,3,23.09,11.34,0,60.1,241.09
HSR Layout,1222,3,3,0,20,18.26,3.28,0,70.9,150.53
Electronic City,4043,6,7,0,22,19.38,2.93,0,43.2,269.56
Indiranagar,2461,4,4,1,11,15.81,11.53,2,48.8,300.69
Indiranagar,1638,4,3,3,26,17.45,7.35,0,93.7,227.34
JP Nagar,1121,2,3,2,21,15.62,8.88,0,50.8,103.63
HSR Layout,803,2,3,2,1,8.14,9.99,2,95.3,178.95
Sarjapur Road,2015,4,4,1,6,9.09,1.17,0,45.8,179.01
Electronic City,1058,2,1,1,15,14.58,5.92,0,93.3,124.23
Yelahanka,2282,5,6,0,23,18.14,1.85,0,67.2,173.97
Whitefield,1496,3,4,1,29,10.45,,2,74.4,157.54
Koramangala,1502,3,2,2,11,4.0,11.45,3,56.9,200.26
Marathahalli,1664,3,3,2,15,11.76,0.86,0,56.4,124.73
Indiranagar,724,1,1,2,13,24.1,3.43,0,69.5,72.53
HSR Layout,684,2,2,0,0,5.75,12.0,2,61.3,135.06
Koramangala,671,2,2,3,21,16.4,0.26,0,44.7,59.05
Marathahalli,2135,4,3,3,26,24.57,1.85,2,61.2,180.82
Marathahalli,713,1,1,0,8,9.72,1.15,3,55.3,57.73
Yelahanka,764,2,3,2,6,22.25,,0,91.0,60.74
Yelahanka,1613,3,4,2,4,21.67,9.06,0,90.3,133.57
Yelahanka,1045,1,1,0,28,8.81,9.38,3,48.5,58.3
Hebbal,974,3,4,0,29,2.91,9.34,2,83.8,171.28
Bellandur,928,1,1,1,9,4.87,10.06,1,67.1,129.62
Bellandur,400,1,1,0,26,9.46,9.32,2,92.1,61.78
Marathahalli,705,2,1,3,9,24.0,5.91,3,56.4,89.06
Yelahanka,2298,4,3,0,24,7.22,9.0,1,45.3,166.27
JP Nagar,892,2,3,2,17,23.21,7.25,1,88.0,83.31
Indiranagar,422,2,1,2,6,4.94,4.52,0,92.1,132.42
Koramangala,689,1,1,2,24,24.26,10.07,0,90.4,68.82
Koramangala,1463,1,1,3,17,7.69,9.5,2,59.8,179.72
Bellandur,1447,1,2,3,12,16.01,2.25,2,41.9,103.39
Marathahalli,1021,1,2,1,10,2.21,0.49,2,48.4,99.96
HSR Layout,821,1,1,0,9,7.84,3.93,1,95.2,134.8
Sarjapur Road,555,2,3,1,21,5.66,4.96,1,61.8,80.65
Sarjapur Road,1469,3,3,0,8,0.58,,2,92.8,205.5
Bellandur,1902,6,7,0,14,4.34,10.29,0,98.8,270.58
HSR Layout,2438,3,4,3,13,15.03,0.6,1,63.7,229.32
Hebbal,651,1,1,2,2,10.05,5.91,2,86.6,121.0
Hebbal,2543,4,3,0,23,18.2,0.85,2,50.1,245.59
Bellandur,1163,2,1,3,13,16.94,6.53,1,63.0,116.06
Sarjapur Road,1218,4,5,1,20,20.08,,4,82.3,158.77
HSR Layout,1962,5,5,2,15,21.74,,3,52.4,203.02
Yelahanka,891,2,2,1,22,20.59,8.34,2,59.2,52.08
Marathahalli,400,1,1,1,28,11.48,10.16,0,73.8,75.85
Koramangala,1768,3,2,3,27,8.06,6.62,2,81.5,251.25
JP Nagar,1454,2,2,2,2,12.81,9.9,1,61.4,152.84
Electronic City,984,2,2,0,7,13.61,8.69,1,62.6,94.86
Marathahalli,1690,3,2,1,1,8.17,9.4,1,46.6,171.75
Yelahanka,1891,3,3,0,28,13.73,7.29,2,99.0,136.37
Jayanagar,522,1,1,2,23,3.09,,2,76.7,119.85
Sarjapur Road,1215,2,3,3,1,6.16,4.94,4,71.8,174.58
Yelahanka,400,1,2,3,22,18.78,1.2,1,52.7,25.45
Jayanagar,1121,3,4,3,17,4.98,5.12,2,69.3,180.45
Bellandur,978,2,3,0,6,3.91,2.25,3,66.8,140.63
HSR Layout,1573,4,5,0,16,7.54,7.63,1,55.5,190.25
Koramangala,665,3,2,2,5,9.59,3.31,1,66.8,135.39
Indiranagar,952,1,1,0,9,8.55,11.51,1,52.2,137.58
Bellandur,400,2,1,3,6,9.68,3.4,0,82.6,96.6
Marathahalli,1631,5,5,1,3,3.93,1.36,0,94.5,217.33
Bellandur,1143,3,4,1,10,4.55,10.59,2,40.2,158.33
Marathahalli,1259,3,3,1,15,6.28,5.09,1,73.4,167.9
Indiranagar,528,1,1,3,26,10.35,4.4,0,83.9,80.82
Whitefield,1494,2,2,0,16,8.73,10.65,1,94.4,193.36
Jayanagar,2978,5,6,1,27,19.89,7.91,0,61.5,324.1
Koramangala,1084,3,3,0,5,13.38,6.48,1,94.4,215.89
JP Nagar,1716,3,4,0,19,14.6,4.06,2,89.5,239.63
JP Nagar,743,1,2,3,18,14.23,3.65,1,71.5,100.79
Jayanagar,1150,3,4,0,19,10.27,7.04,4,55.4,132.01
Electronic City,517,1,1,0,21,24.52,6.12,2,79.2,27.38
Yelahanka,1851,4,5,3,20,1.41,3.46,0,55.6,140.89
Whitefield,1310,3,4,2,17,5.79,2.37,1,60.9,178.51
Jayanagar,614,2,1,1,14,7.47,9.85,0,68.0,126.79
JP Nagar,772,2,2,1,1,22.09,8.32,1,69.9,126.99
Bellandur,1241,3,2,0,18,23.01,11.92,0,51.3,118.48
Yelahanka,1995,4,3,2,26,21.23,6.29,3,81.6,185.98
Whitefield,2708,4,4,3,5,10.72,11.93,0,99.5,252.62
HSR Layout,1115,2,1,0,11,22.91,5.64,2,54.6,104.04
HSR Layout,567,1,2,3,29,2.91,6.51,3,73.3,81.86
Yelahanka,1368,3,2,1,0,16.48,,2,67.3,94.93
Jayanagar,3203,5,4,3,26,23.46,1.96,0,58.5,341.32
Marathahalli,492,1,2,1,22,19.0,11.29,0,65.2,25.0
Marathahalli,710,1,1,3,23,7.31,11.78,2,84.0,87.36
Bellandur,1679,2,3,3,22,18.08,6.66,1,64.9,160.41
Whitefield,1306,1,1,2,10,7.72,3.41,0,70.4,113.86
Whitefield,889,2,1,3,18,3.23,11.43,0,68.6,76.81
Yelahanka,1354,3,3,0,21,18.07,9.6,0,73.3,110.0
Sarjapur Road,2054,3,2,2,29,4.89,2.32,0,57.5,166.13
HSR Layout,1137,2,3,0,3,3.22,3.72,2,70.6,204.75
Whitefield,1083,3,2,3,20,14.02,0.25,0,48.1,109.66
Yelahanka,1659,4,4,3,18,15.71,7.07,1,84.5,162.64
Indiranagar,1034,2,3,2,20,1.75,6.41,0,46.7,99.66
Electronic City,2250,4,5,1,5,0.61,2.13,0,87.1,232.64
Indiranagar,3658,6,6,2,7,22.11,4.2,1,89.5,469.29
Koramangala,734,2,2,1,27,3.32,11.28,1,41.1,124.98
Jayanagar,603,1,1,1,21,14.81,7.86,0,89.9,74.86
Bellandur,1472,4,3,3,8,23.86,10.38,1,78.9,178.2
Whitefield,592,1,2,0,9,13.04,10.09,1,45.8,42.45
Koramangala,586,2,2,2,9,3.93,,0,99.9,126.78
JP Nagar,400,1,1,2,29,10.14,0.69,2,76.9,49.51
Koramangala,972,2,1,3,9,15.79,3.3,1,64.1,125.33
Yelahanka,1178,2,1,3,25,19.19,5.1,3,93.1,81.09
Whitefield,903,1,2,2,3,15.37,7.75,1,42.5,80.33
Electronic City,2578,4,4,2,17,1.34,7.38,0,83.0,234.25
Jayanagar,2475,4,4,0,11,4.01,,1,48.6,298.16
Yelahanka,3467,5,5,3,24,9.61,2.48,1,73.2,221.33
Yelahanka,1231,2,2,0,10,17.79,,0,45.8,84.16
Bellandur,2301,4,3,3,15,14.82,3.16,4,80.7,207.58
Bellandur,1422,4,3,3,18,1.6,11.59,1,67.9,210.85
HSR Layout,1346,2,1,0,10,20.02,11.59,2,40.4,139.08
HSR Layout,928,2,3,1,22,15.33,1.54,0,44.3,88.7
Marathahalli,400,1,1,1,3,22.24,8.52,1,82.2,43.07
Sarjapur Road,1704,2,1,1,11,10.73,2.89,1,64.0,150.32
Whitefield,2264,5,5,3,27,12.51,8.67,1,80.3,210.24
Whitefield,519,1,1,0,16,10.44,9.25,3,63.4,97.82
Hebbal,1194,3,4,1,23,18.2,0.77,1,61.7,109.48
Koramangala,2070,3,2,2,12,18.93,8.41,3,91.3,272.19
Whitefield,985,2,3,1,27,18.22,,2,91.3,99.87
Whitefield,2313,5,5,0,3,7.64,2.75,2,95.2,281.83
Sarjapur Road,1111,3,2,3,26,16.08,1.56,1,89.4,120.21
JP Nagar,899,2,1,0,5,8.79,6.89,4,47.6,120.92
HSR Layout,2387,5,4,3,6,20.94,6.31,1,44.0,268.1
HSR Layout,718,2,2,0,7,1.85,10.65,2,43.5,105.98
Electronic City,805,2,3,0,25,1.42,5.52,1,98.8,115.13
Whitefield,733,2,3,2,1,2.99,5.08,1,70.1,160.72
Sarjapur Road,640,2,1,1,8,5.46,8.62,1,46.9,82.99
Jayanagar,1305,3,3,1,9,1.42,,2,72.7,215.21
HSR Layout,905,3,4,0,28,2.25,0.87,2,82.6,168.3
Sarjapur Road,1570,4,5,1,18,8.0,6.16,0,45.7,141.32
Indiranagar,462,1,2,2,0,2.94,1.25,1,60.8,96.38
JP Nagar,647,1,2,0,15,20.15,11.28,1,51.3,54.73
Whitefield,1235,2,3,1,17,1.82,7.92,1,98.5,156.55
Electronic City,2693,4,3,1,7,22.74,9.09,4,59.1,186.66
Koramangala,1478,3,2,3,9,21.84,2.9,3,81.4,164.87
HSR Layout,868,2,1,1,21,5.61,6.03,3,95.1,135.84
Indiranagar,529,2,3,1,10,2.25,1.78,1,91.8,158.71
Jayanagar,840,2,3,3,16,3.09,,4,63.6,160.48
Sarjapur Road,1172,3,4,0,26,14.2,6.9,2,58.7,116.46
Bellandur,400,1,1,0,24,15.22,3.5,0,88.6,28.17
Yelahanka,616,2,3,2,6,8.23,11.02,0,52.3,68.11
Whitefield,800,2,1,3,25,7.77,11.94,1,83.0,84.37
Whitefield,1042,2,3,0,26,13.52,0.25,0,90.1,126.99
Indiranagar,1165,1,1,1,2,7.99,,1,91.0,218.88
Sarjapur Road,858,3,3,1,28,23.39,1.56,3,40.5,70.83
Marathahalli,1585,4,5,1,6,9.87,6.98,1,70.0,177.85
Whitefield,1285,2,3,2,5,5.89,2.9,0,61.5,150.78
Marathahalli,979,2,1,0,2,4.08,11.59,0,98.7,160.81
Jayanagar,1710,3,4,3,7,15.98,10.53,1,72.6,173.51
Bellandur,1635,2,1,0,0,8.5,7.23,1,65.6,154.72
Indiranagar,539,1,1,3,4,5.13,2.28,2,54.7,100.27
Sarjapur Road,1179,3,3,3,23,7.26,9.44,2,90.7,154.69
Sarjapur Road,1958,4,4,0,18,8.04,6.34,1,59.2,199.42
Hebbal,2147,3,4,1,26,15.83,7.42,1,89.6,222.82
Jayanagar,1472,2,3,1,12,4.78,8.67,0,93.5,213.59
Jayanagar,1055,4,3,3,25,18.45,5.11,1,43.5,125.94
JP Nagar,1513,2,1,1,10,7.97,0.29,4,70.6,155.01
Yelahanka,1871,3,2,2,27,12.46,4.5,3,65.2,140.29
HSR Layout,1279,2,1,2,21,16.54,5.08,2,63.6,86.56
HSR Layout,1361,1,2,3,25,13.82,4.53,2,62.3,116.27
Hebbal,1046,1,1,1,10,16.72,10.01,1,71.9,109.58
Koramangala,575,1,2,3,1,8.4,4.12,4,47.8,88.68
Electronic City,1090,1,2,2,8,24.1,5.11,0,92.3,71.85
Indiranagar,827,3,4,2,1,11.75,0.93,1,73.5,179.81
Bellandur,828,1,1,2,20,8.39,8.66,1,60.8,110.15
Sarjapur Road,2640,5,6,0,18,7.76,2.74,1,54.6,251.43
Yelahanka,2025,3,3,2,25,1.55,2.97,0,77.0,138.92
Marathahalli,473,1,1,1,11,17.28,7.12,0,87.2,65.15
Indiranagar,661,1,2,0,8,6.93,11.81,0,66.5,133.15
Koramangala,983,2,1,2,8,23.99,5.04,0,99.1,149.02
Indiranagar,844,2,1,1,22,5.66,4.06,1,72.1,128.26
Koramangala,1429,4,3,2,9,13.47,0.63,0,98.7,228.55
Sarjapur Road,606,1,2,1,4,18.52,9.49,2,97.8,100.0
Electronic City,2033,5,4,1,8,21.82,3.28,3,76.0,196.2
Koramangala,1171,1,2,2,22,4.33,9.27,2,74.9,158.5
Sarjapur Road,995,2,1,2,17,24.64,3.53,0,46.3,48.96
Sarjapur Road,1191,4,5,0,9,22.72,0.55,0,95.8,151.12
Electronic City,954,4,5,2,16,24.09,6.08,1,88.2,108.9
HSR Layout,400,2,3,1,25,21.39,10.89,0,70.0,62.02
Indiranagar,1208,2,1,3,9,22.0,2.68,1,58.4,170.79
Hebbal,1006,2,3,0,13,15.17,2.02,3,90.3,161.04
Whitefield,710,2,1,1,3,21.21,2.38,1,57.5,73.38
Whitefield,2194,4,4,1,9,13.58,8.35,2,72.5,226.6
Hebbal,1734,2,1,3,23,13.69,4.54,3,51.9,129.51
Marathahalli,4589,6,5,2,21,14.28,3.22,0,88.3,391.64
Jayanagar,1899,3,4,1,29,24.91,4.18,0,85.2,199.82
Marathahalli,842,1,1,3,17,3.06,3.85,0,57.5,97.0
Jayanagar,729,1,1,3,4,20.24,6.62,2,47.0,66.82
Hebbal,914,2,3,2,8,7.2,1.77,1,50.6,122.18
Whitefield,832,2,1,3,5,9.35,6.2,2,77.0,108.96
Bellandur,1274,2,1,3,15,2.47,3.88,1,49.0,153.2
Whitefield,515,1,2,3,21,9.11,11.21,1,59.2,73.6
Marathahalli,1713,4,5,3,22,24.77,5.18,3,90.4,198.62
Yelahanka,1262,2,1,3,15,10.23,,1,44.9,73.8
Hebbal,1608,3,2,3,28,16.91,11.22,2,74.9,159.06
Marathahalli,640,1,2,1,10,3.46,11.26,2,64.0,87.17
Bellandur,1374,3,4,0,20,23.1,2.27,0,47.2,124.0
Indiranagar,2452,4,4,2,14,20.78,9.83,2,70.6,312.09
Jayanagar,748,1,1,0,18,9.96,10.37,0,71.0,95.63
Whitefield,736,2,2,2,2,9.04,4.4,0,62.7,77.53
Electronic City,1775,3,4,0,15,11.09,2.08,0,43.3,119.24
Yelahanka,704,1,2,2,20,10.33,9.62,0,52.4,50.21
Sarjapur Road,1056,3,4,3,19,6.82,0.53,1,64.3,140.1
Bellandur,2702,5,4,0,4,24.78,7.51,0,56.6,272.96
Marathahalli,742,2,3,0,29,20.36,4.24,1,49.6,59.38
Jayanagar,2806,6,5,2,8,7.06,7.23,1,69.2,372.73
Electronic City,998,1,2,2,4,24.55,9.51,2,63.9,73.7
Koramangala,648,2,3,1,3,0.88,9.98,2,79.9,138.72
HSR Layout,1673,4,3,3,12,11.23,11.98,3,73.6,227.0
Whitefield,1273,2,3,3,19,14.45,7.75,1,50.2,116.4
HSR Layout,1209,1,2,1,16,1.42,2.84,0,81.3,147.5
Bellandur,786,2,3,2,25,4.45,3.46,2,67.9,83.85
Koramangala,1268,2,2,3,19,6.82,5.35,3,46.8,124.86
Koramangala,400,1,2,2,11,18.15,10.21,0,41.1,67.87
Koramangala,1353,3,2,3,29,23.52,4.53,1,77.6,143.46
Sarjapur Road,2449,5,4,0,19,15.8,8.32,0,77.1,243.0
Bellandur,454,1,1,0,24,14.29,0.73,3,89.2,100.25
Indiranagar,959,3,4,3,26,13.65,5.27,3,85.7,174.91
HSR Layout,742,2,1,3,19,9.09,2.17,1,92.7,144.01
Indiranagar,523,1,1,3,6,20.78,11.27,4,57.5,96.4
Electronic City,400,1,1,1,0,13.75,9.54,4,64.8,83.32
JP Nagar,627,2,3,3,29,6.14,1.84,2,43.7,78.86
Yelahanka,1050,3,3,1,15,3.85,4.94,1,64.7,118.86
Yelahanka,2258,4,3,1,6,24.65,1.15,0,53.2,169.05
Indiranagar,519,2,2,0,29,0.93,9.01,4,88.3,113.01
JP Nagar,1411,2,1,3,1,23.37,2.46,1,79.4,135.64
JP Nagar,1354,2,3,0,11,5.85,,0,86.9,134.76
Whitefield,3010,5,5,0,10,16.61,1.07,3,75.5,285.94
Electronic City,1643,1,1,1,7,7.89,6.96,1,75.9,128.81
Bellandur,1696,4,3,2,0,21.57,7.38,2,54.1,205.41
JP Nagar,1763,3,3,1,25,13.81,4.15,2,80.2,210.96
Marathahalli,722,1,1,0,2,3.96,2.14,1,48.6,91.44
Hebbal,876,2,2,1,7,7.11,4.02,3,56.6,151.9
Yelahanka,2218,5,5,1,25,8.35,6.05,2,50.8,181.56
Marathahalli,400,1,1,1,7,22.21,11.64,0,97.0,49.63
Electronic City,825,1,1,3,10,19.29,5.47,0,93.9,96.64
JP Nagar,577,1,1,1,28,20.82,2.43,1,92.5,55.36
HSR Layout,1365,1,2,0,20,1.78,0.51,2,97.6,176.07
Yelahanka,952,1,1,1,4,14.68,0.3,2,76.8,97.9
Whitefield,1693,3,2,3,7,24.98,5.12,1,93.7,163.52
Jayanagar,1130,2,2,0,25,19.74,3.7,2,57.5,147.1
Whitefield,513,1,1,1,20,3.46,1.56,1,63.1,30.97
Hebbal,526,1,1,0,8,17.13,2.23,2,68.0,48.5
Koramangala,1196,1,1,3,16,18.76,4.33,2,45.4,117.31
Jayanagar,785,1,1,2,4,13.1,,1,89.5,132.96
Sarjapur Road,895,2,2,3,18,2.43,7.39,1,47.2,100.96
JP Nagar,2011,6,6,3,18,1.35,,1,88.0,263.63
Electronic City,1822,3,3,0,1,23.48,1.89,0,95.3,137.35
Yelahanka,3225,6,5,0,18,6.81,10.92,1,74.1,269.46
Sarjapur Road,1008,1,1,2,22,9.78,1.04,0,50.0,83.0
Electronic City,843,1,1,2,14,19.98,2.55,1,66.2,64.92
Hebbal,1510,4,4,2,7,17.39,3.95,1,48.3,181.05
Indiranagar,882,1,1,3,27,24.23,2.92,3,47.1,85.48
JP Nagar,898,2,3,3,23,2.77,3.63,0,85.4,114.62
Bellandur,1074,2,2,2,26,17.82,8.79,2,63.6,106.82
Bellandur,2978,6,7,2,7,2.51,1.32,1,40.0,316.59
JP Nagar,1767,4,5,2,0,0.5,4.36,1,42.9,222.89
Jayanagar,1872,4,5,1,13,3.45,7.42,3,89.1,299.5
Koramangala,2906,6,5,1,10,15.61,0.78,0,77.2,359.83
Koramangala,1971,5,6,2,6,17.07,0.72,2,90.7,314.04
Jayanagar,644,1,1,3,17,11.24,6.08,1,56.4,85.22
Bellandur,1955,5,5,0,26,1.63,10.82,1,58.9,198.37
HSR Layout,2096,3,2,3,14,16.03,5.45,1,77.0,207.81
Jayanagar,1717,3,2,0,9,2.6,5.0,2,79.9,220.29
Yelahanka,1078,2,2,2,3,3.97,0.32,0,41.6,117.26
Bellandur,1621,2,1,1,20,13.06,8.85,2,94.4,146.49
HSR Layout,1187,3,2,1,27,8.84,2.14,1,87.9,129.58
Hebbal,701,2,3,0,0,11.89,8.44,2,47.9,118.8
Sarjapur Road,803,4,5,2,13,16.06,4.31,1,40.6,108.9
HSR Layout,1767,5,4,1,19,4.42,,0,86.1,236.98
Sarjapur Road,729,1,1,2,19,22.38,,4,94.2,51.49
Electronic City,768,3,4,2,24,14.21,7.98,0,59.3,48.32
Marathahalli,1816,4,4,0,8,1.04,9.27,0,59.2,149.46
Electronic City,1292,3,2,2,12,15.9,7.7,1,70.9,104.03
Bellandur,1648,2,2,2,28,11.85,8.59,2,80.5,202.65
Sarjapur Road,610,1,1,0,26,17.69,2.98,3,78.9,66.74
Bellandur,1623,3,3,1,25,19.71,11.59,0,85.2,166.78
Jayanagar,835,1,1,3,16,23.5,2.88,3,46.8,73.42
JP Nagar,686,1,1,2,23,24.96,2.21,0,71.2,27.04
Yelahanka,909,3,2,0,19,13.97,3.15,1,70.4,78.27
Whitefield,2538,5,6,1,3,14.26,11.67,1,97.0,301.91
Bellandur,982,1,2,2,4,1.05,0.97,2,95.1,163.02
Yelahanka,4027,6,7,3,17,21.7,9.33,0,85.0,252.75
Jayanagar,400,1,2,1,16,1.2,1.44,0,92.6,140.37
HSR Layout,513,1,1,0,20,16.0,9.32,2,84.7,73.51
Jayanagar,2486,5,6,2,6,2.92,3.47,1,83.2,328.96
Hebbal,2855,5,6,0,9,7.5,8.77,1,52.9,292.08
Electronic City,746,1,1,3,8,3.94,0.78,1,77.0,85.19
HSR Layout,1246,3,2,3,27,3.87,4.15,2,95.0,169.87
Whitefield,1775,4,5,0,27,2.33,5.68,1,85.0,215.91
Sarjapur Road,1058,2,1,2,12,8.29,0.44,0,76.3,105.06
JP Nagar,1303,1,2,0,17,10.88,2.33,1,55.5,97.65
Yelahanka,1207,2,1,1,11,11.88,2.19,1,80.7,109.82
JP Nagar,531,3,4,0,7,11.27,5.88,3,60.8,112.25
Marathahalli,993,3,2,3,22,13.33,1.77,1,43.9,105.73
Jayanagar,1208,3,2,2,17,21.56,11.73,1,54.4,142.2
Bellandur,1270,3,4,2,4,15.98,10.67,1,63.4,156.9
Sarjapur Road,463,1,1,3,6,0.92,2.85,1,99.8,76.66
Marathahalli,1816,4,5,3,14,4.74,2.96,2,85.6,236.74
Jayanagar,1289,3,4,1,2,9.05,11.38,0,56.8,200.82
Indiranagar,672,1,1,3,17,23.75,3.73,1,85.7,100.56
Bellandur,3228,5,6,3,5,2.41,5.19,2,61.5,337.29
HSR Layout,992,1,2,3,25,17.9,,0,76.5,90.48
Electronic City,1028,1,2,2,28,1.31,,3,85.9,123.82
Yelahanka,1708,4,5,3,5,9.38,10.85,1,84.5,142.75
Hebbal,3382,6,6,0,26,19.37,7.15,0,48.4,309.17
Whitefield,1745,4,4,0,19,8.93,6.89,3,89.5,214.74
Whitefield,1890,5,5,2,0,11.04,6.74,1,95.4,203.17
HSR Layout,692,1,1,1,20,22.68,,2,54.0,90.12
Koramangala,1259,2,1,1,16,2.12,9.53,0,59.8,206.25
Whitefield,895,2,3,2,10,13.43,6.95,2,96.3,171.06
Yelahanka,1768,3,3,0,29,9.47,0.83,0,99.0,160.94
HSR Layout,1860,3,4,2,26,24.11,10.23,0,67.2,208.62
Sarjapur Road,2946,5,5,3,23,19.95,8.81,0,42.1,233.11
Whitefield,400,1,2,2,1,3.49,,0,96.0,146.17
JP Nagar,848,2,1,1,24,23.22,3.58,3,41.5,62.46
HSR Layout,2453,4,4,0,8,5.67,,0,59.8,234.29
Yelahanka,555,2,1,1,18,2.58,0.29,2,45.4,48.82
JP Nagar,1869,4,3,1,5,13.77,9.75,1,70.7,207.99
Bellandur,2239,4,5,0,24,18.55,11.32,2,42.3,200.72
Bellandur,1181,3,3,3,6,18.04,5.47,4,53.5,120.93
Whitefield,549,1,1,0,3,13.58,6.53,1,67.5,96.78
JP Nagar,1122,1,2,0,2,12.57,9.76,1,44.5,124.56
Electronic City,2677,5,6,2,1,24.25,3.48,3,68.8,217.64
Jayanagar,2798,3,4,0,9,20.6,6.0,3,55.9,246.96
Bellandur,1345,2,1,2,9,17.62,1.51,0,56.0,133.51
Electronic City,701,2,3,1,16,5.28,8.48,1,96.2,97.24
Sarjapur Road,3122,6,7,0,26,20.58,9.56,1,81.4,275.98
HSR Layout,1885,5,6,3,15,18.87,0.99,2,95.8,236.92
Jayanagar,727,1,1,2,25,24.8,10.61,0,74.5,88.44
Marathahalli,1449,3,4,2,26,3.76,,1,94.4,143.6
Yelahanka,1413,2,1,3,0,18.02,11.08,0,90.2,110.62
Hebbal,845,1,2,2,11,24.49,10.82,2,99.9,99.9
HSR Layout,1453,4,3,2,19,11.83,,0,70.2,172.74
Jayanagar,2205,4,3,3,19,18.47,10.0,2,81.8,217.33
Yelahanka,1020,2,2,1,24,24.4,3.61,1,49.6,49.68
Jayanagar,2332,3,3,0,9,13.91,4.53,2,96.4,287.98
JP Nagar,457,1,1,0,0,17.63,,3,63.9,73.05
Sarjapur Road,4065,6,5,0,15,0.99,4.38,1,95.0,341.42
Indiranagar,1238,3,4,0,10,13.23,6.83,3,46.0,201.77
Hebbal,2165,3,4,0,3,6.77,10.4,0,70.9,247.03
Whitefield,1353,3,2,0,2,3.72,6.66,1,40.1,114.82
Jayanagar,763,1,2,2,24,17.86,8.42,0,65.0,73.35
Yelahanka,1176,2,1,0,12,1.46,1.8,1,45.0,73.72
Yelahanka,420,1,2,2,20,22.67,11.29,2,67.0,57.38
JP Nagar,1752,3,2,3,14,13.19,7.08,3,73.3,206.9
Electronic City,1335,2,2,1,24,16.38,9.35,1,91.1,127.63
HSR Layout,1080,2,2,2,9,6.71,11.98,0,57.7,167.4
Indiranagar,1815,3,4,1,5,4.96,10.34,3,74.0,295.46
Koramangala,1225,3,4,3,10,6.47,6.15,4,44.0,193.73
Whitefield,1675,4,5,0,24,6.19,10.44,2,94.8,216.39
Marathahalli,2037,2,3,1,0,21.68,7.98,4,67.1,164.49
Koramangala,887,2,2,1,28,19.79,8.81,0,55.2,66.76
HSR Layout,758,2,2,3,19,21.39,7.72,1,67.8,86.37
Whitefield,465,1,1,3,3,18.5,3.59,3,68.9,63.51
Yelahanka,1284,2,3,3,29,16.27,4.15,2,84.6,93.34
Marathahalli,1539,3,3,2,25,13.43,6.79,2,98.5,193.2
Jayanagar,579,1,1,2,9,7.0,10.51,1,51.2,73.33
Electronic City,2621,5,4,1,21,17.78,5.54,2,43.3,166.5
Indiranagar,763,1,1,3,25,3.85,6.58,1,79.3,103.47
Jayanagar,400,1,1,1,14,13.02,4.56,2,93.1,93.51
Electronic City,2730,5,4,0,28,5.28,0.41,4,73.9,261.61
Sarjapur Road,405,1,2,3,0,12.87,7.79,3,44.8,28.98
JP Nagar,2039,5,4,2,25,7.7,,2,65.3,228.14
Whitefield,1784,3,2,3,20,1.81,,0,79.3,212.64
Jayanagar,1431,3,3,1,14,12.84,6.19,2,59.7,161.72
Electronic City,900,2,1,2,2,4.95,6.51,2,90.7,104.17
Koramangala,1582,3,3,0,0,4.45,,3,53.5,265.32
JP Nagar,2136,4,4,0,5,9.92,1.38,0,61.9,241.95
Electronic City,698,1,2,1,18,9.36,8.55,2,95.0,79.89
Bellandur,2053,2,1,3,3,21.74,9.74,2,74.4,196.43
Sarjapur Road,2002,4,5,0,11,14.33,10.46,1,40.4,183.59
HSR Layout,1410,3,4,1,24,21.44,4.97,2,54.6,159.98
Jayanagar,893,2,1,2,1,4.1,8.5,1,85.2,162.01
Indiranagar,2007,4,3,2,16,9.25,3.3,1,43.1,242.66
Sarjapur Road,1587,2,2,1,25,14.11,3.18,2,99.6,145.4
JP Nagar,686,1,1,3,5,4.25,11.95,2,93.9,145.46
Bellandur,980,1,1,3,11,3.64,10.22,0,53.4,111.75
Whitefield,1883,4,5,3,14,16.7,3.22,0,93.7,211.39
Koramangala,1278,2,3,3,16,16.52,,0,82.0,182.86
Indiranagar,2181,3,3,1,0,6.24,6.87,1,65.5,312.31
Jayanagar,994,2,1,1,13,6.06,,0,51.8,101.02
Indiranagar,692,1,1,2,22,18.76,11.52,1,52.0,61.46
Sarjapur Road,4010,6,6,2,1,3.37,1.48,2,75.6,366.85
JP Nagar,476,1,2,3,3,23.12,9.84,0,65.0,43.59
Whitefield,912,1,1,0,19,23.62,11.72,0,75.7,97.33
Yelahanka,1400,2,1,0,1,21.84,8.51,3,59.8,156.5
Bellandur,2064,3,2,2,21,5.66,11.61,2,53.8,179.1
Jayanagar,1712,2,2,2,25,0.91,0.43,0,90.2,204.05
Yelahanka,4278,6,5,1,13,23.45,4.38,0,95.2,302.06
Koramangala,1125,3,4,2,17,8.93,5.82,2,82.3,144.64
Whitefield,742,1,1,2,27,8.11,9.44,1,49.7,109.18
Hebbal,1063,2,3,3,7,6.91,7.92,0,45.5,104.73
Hebbal,1006,1,2,0,19,6.49,8.88,1,72.3,110.23
Whitefield,1156,1,1,0,0,18.5,1.91,0,73.0,116.17
Bellandur,699,1,1,1,15,22.74,10.17,2,78.4,73.66
Marathahalli,1847,3,2,0,6,19.76,9.9,2,94.4,181.65
Yelahanka,1471,3,2,3,5,17.02,9.27,1,78.8,138.37
Electronic City,599,1,1,3,27,7.55,9.85,0,95.0,48.83
Indiranagar,2044,4,4,1,29,13.9,2.72,1,47.1,239.55
Jayanagar,768,2,1,2,21,6.31,1.86,1,82.6,149.0
Marathahalli,626,1,1,2,26,3.23,10.76,3,95.6,87.01
Electronic City,1259,3,2,3,18,3.45,,2,67.8,133.33
JP Nagar,456,1,1,1,9,15.29,5.21,1,98.1,90.63
Jayanagar,1660,3,3,3,22,1.44,5.47,0,73.2,227.33
Jayanagar,400,1,1,0,5,24.34,8.94,0,96.6,76.5
Hebbal,681,2,3,0,25,24.89,6.04,1,84.9,84.78
Bellandur,2854,5,6,3,9,4.16,3.9,2,67.5,295.8
JP Nagar,823,1,1,2,24,10.97,2.44,1,42.1,40.31
Indiranagar,906,3,3,0,18,19.32,0.47,3,79.4,163.05
HSR Layout,2418,4,4,1,2,23.9,7.13,2,55.3,239.71
Electronic City,776,3,4,2,19,22.34,1.88,1,57.3,81.27
Hebbal,1826,4,3,0,2,6.74,10.33,1,41.2,199.89
Jayanagar,2289,4,5,3,19,2.59,11.8,0,73.5,276.03
Marathahalli,1561,3,4,2,5,7.57,5.6,0,57.4,154.16
Hebbal,542,1,1,2,16,11.21,,4,98.9,72.35
Electronic City,861,2,3,0,17,9.32,,0,84.9,96.56
Electronic City,5338,6,6,1,9,19.46,,2,61.4,363.32
Bellandur,916,1,2,0,5,6.82,1.77,1,57.7,117.54
Jayanagar,6000,6,5,0,27,21.54,7.83,3,82.9,571.06
JP Nagar,3072,5,5,0,12,6.03,3.93,1,55.3,300.47
Yelahanka,1596,3,3,0,5,9.35,10.18,2,66.9,147.61
HSR Layout,1413,4,5,0,11,11.47,7.14,2,49.6,195.36
Bellandur,929,2,2,3,13,7.63,5.31,1,55.2,125.34
Koramangala,1143,3,2,0,16,19.28,11.57,0,45.9,116.47
Jayanagar,822,2,3,1,21,10.53,6.0,0,65.6,125.07
Bellandur,1159,4,4,2,29,22.23,10.67,1,95.6,163.28
Indiranagar,567,1,1,3,26,24.11,3.32,2,46.1,39.39
HSR Layout,551,1,2,1,27,21.57,5.41,0,66.2,60.68
Hebbal,2454,6,5,0,24,13.3,1.19,0,57.9,254.92
Whitefield,494,1,1,1,7,12.99,5.19,3,61.8,81.11
Koramangala,1954,4,5,2,25,5.79,10.76,0,86.3,284.83
Sarjapur Road,423,2,3,1,4,15.01,9.99,1,66.1,99.31
Bellandur,1697,3,3,0,28,23.84,11.71,4,79.0,128.83
Electronic City,1071,4,3,2,3,2.47,9.05,0,98.3,168.63
Yelahanka,2482,5,5,0,5,18.94,3.4,0,77.0,213.68
Whitefield,1000,1,2,0,10,21.8,2.1,2,60.2,110.4
Bellandur,400,1,2,3,29,24.67,2.32,0,63.9,35.29
Bellandur,1082,2,2,2,27,8.7,,0,81.8,137.34
Marathahalli,1310,1,1,2,4,9.21,4.71,0,81.7,130.16
Marathahalli,1116,2,2,0,28,6.13,5.09,3,62.1,93.82
Whitefield,1646,4,3,1,21,19.83,10.35,2,83.5,170.81
JP Nagar,880,2,1,2,13,3.93,8.77,0,73.0,114.46
Hebbal,599,1,2,1,29,7.06,2.67,4,98.8,111.25
Marathahalli,692,2,1,1,9,7.73,2.22,0,94.5,147.94
Electronic City,904,2,3,2,10,9.69,,0,89.4,116.49
Koramangala,899,3,2,1,2,10.83,11.45,0,42.1,134.96
Sarjapur Road,4507,6,5,2,22,14.2,2.38,0,62.8,369.52
HSR Layout,2393,3,4,3,7,23.74,11.43,0,74.4,250.27
Sarjapur Road,1751,4,3,2,20,6.56,5.27,3,71.3,194.01
Sarjapur Road,1534,3,3,2,4,19.59,10.89,0,85.8,167.59
HSR Layout,1415,2,1,2,27,17.07,9.06,1,94.5,149.54
Marathahalli,1419,3,4,3,19,3.34,10.88,0,87.2,182.86
Whitefield,1313,3,4,1,25,20.35,7.81,0,53.2,97.65
HSR Layout,1227,2,2,3,20,2.72,,0,69.1,147.27
Hebbal,400,1,1,1,27,18.6,0.91,1,63.6,57.52
Hebbal,980,2,2,2,9,18.04,7.6,0,86.0,118.43
Jayanagar,1051,1,1,2,26,17.39,0.89,2,93.7,109.2
Indiranagar,795,2,2,3,7,7.28,2.98,1,57.2,149.07
JP Nagar,884,2,3,3,20,14.55,2.63,3,69.3,101.11
Koramangala,1416,3,4,3,8,19.16,5.24,3,83.9,196.37
Yelahanka,1830,5,5,3,28,16.12,,1,43.0,158.33
Marathahalli,1415,3,2,2,27,20.21,10.95,1,97.8,128.8
JP Nagar,1805,3,2,2,28,17.35,11.25,0,88.0,170.42
HSR Layout,1823,5,6,0,14,7.22,11.79,1,72.6,246.16
Indiranagar,1018,3,2,3,0,4.25,9.21,3,86.7,219.1
Yelahanka,1602,3,3,3,22,15.98,11.07,2,90.2,133.23
Koramangala,459,1,1,1,4,19.11,9.53,3,69.6,84.28
Koramangala,971,2,1,1,14,3.99,10.95,0,66.4,165.17
Marathahalli,911,2,3,2,3,4.78,1.43,4,90.3,153.49
HSR Layout,2786,5,6,0,18,0.8,11.55,0,91.6,365.39
JP Nagar,1444,2,3,3,27,13.53,2.97,1,47.4,112.88
Whitefield,576,1,2,0,9,13.79,6.91,0,94.5,90.65
JP Nagar,1664,4,5,0,22,12.75,6.3,2,56.6,152.59
JP Nagar,1979,3,3,2,27,8.24,6.86,3,80.0,213.57
Koramangala,1142,2,1,0,1,10.98,8.48,2,82.6,196.49
Whitefield,1754,2,2,3,4,19.27,,1,56.8,167.15
Whitefield,400,2,3,2,17,4.95,8.33,0,58.3,92.82
Marathahalli,400,1,2,0,22,5.44,6.51,0,82.4,67.14
Yelahanka,628,1,1,2,5,16.84,0.34,1,50.5,60.09
Bellandur,1303,1,1,2,28,21.74,7.6,0,91.5,125.6
Sarjapur Road,2787,6,5,1,9,8.84,6.75,1,53.4,292.44
Sarjapur Road,646,1,1,2,14,23.35,7.11,1,61.1,52.86
Koramangala,750,2,1,0,22,1.91,0.22,1,56.0,102.22
Bellandur,1260,2,2,1,27,3.4,5.73,0,54.7,148.58
Yelahanka,915,2,3,3,8,11.77,10.52,2,98.7,117.61
Bellandur,887,2,2,3,12,18.23,4.12,0,55.2,90.98
Marathahalli,952,1,1,3,17,9.59,5.45,3,74.7,91.2
JP Nagar,2473,4,4,3,24,14.09,1.64,0,84.7,236.77
Koramangala,2217,4,4,3,6,1.2,5.51,0,42.5,280.04
Whitefield,1216,2,2,0,1,11.81,4.87,1,92.9,135.04
Hebbal,2981,6,5,2,15,6.44,10.62,3,49.2,299.09
Koramangala,1588,2,2,1,25,13.15,0.62,1,75.3,192.89
Sarjapur Road,2264,4,3,2,1,13.38,,2,78.5,227.87
Yelahanka,748,1,1,2,3,18.95,7.0,2,77.8,77.02
Bellandur,838,2,2,0,1,13.73,6.45,1,84.0,119.07
Yelahanka,833,1,1,0,16,15.55,10.66,3,95.9,66.64
Marathahalli,1144,2,1,0,5,13.48,2.45,1,95.6,153.33
Koramangala,1240,1,1,1,9,24.76,2.67,0,74.7,131.98
HSR Layout,1434,2,1,0,13,19.89,,1,62.2,147.02
Koramangala,3552,6,7,2,26,19.01,11.17,1,59.3,403.44
Whitefield,1784,3,2,1,14,15.87,10.09,0,93.2,177.77
Koramangala,904,3,3,0,20,13.45,0.69,2,91.2,152.36
Indiranagar,1198,2,3,0,11,8.95,7.89,0,57.7,140.76
Marathahalli,2746,6,5,0,18,19.71,5.52,0,49.1,195.47
Electronic City,1845,3,2,2,10,5.15,,0,91.7,191.23
Marathahalli,2726,4,5,0,0,1.4,2.07,2,76.5,296.05
Bellandur,920,1,2,2,24,17.61,11.06,1,58.8,101.26
Hebbal,811,2,1,1,7,4.05,4.16,0,76.6,121.79
Electronic City,818,2,3,0,21,22.64,4.01,2,44.0,44.89
Bellandur,962,2,2,3,5,19.38,2.31,0,51.4,109.76
Bellandur,669,1,1,3,11,15.25,,1,72.7,105.46
Whitefield,1412,3,3,2,19,8.19,,4,72.4,196.48
Whitefield,1425,3,2,0,15,16.13,1.95,1,54.8,124.76
Jayanagar,2506,6,6,0,28,12.18,8.91,1,98.9,340.04
JP Nagar,456,1,2,3,17,7.63,9.13,1,64.7,81.24
Sarjapur Road,714,3,3,1,11,23.65,9.97,2,82.5,101.27
JP Nagar,1869,4,5,1,19,4.47,0.26,1,55.5,189.98
JP Nagar,1327,3,3,2,29,18.96,4.35,2,65.5,149.7
Hebbal,1230,3,4,3,1,20.1,,0,89.9,190.03
Sarjapur Road,2405,2,2,2,28,23.82,6.19,0,90.9,180.85
HSR Layout,689,1,1,2,6,13.96,10.93,1,48.1,92.68
Electronic City,804,1,1,1,8,13.6,5.01,0,61.3,80.5
Yelahanka,753,3,4,3,28,23.05,10.51,1,52.2,73.41
JP Nagar,400,1,2,2,17,20.13,11.38,2,93.4,53.14
Hebbal,1291,2,2,1,8,19.21,,2,85.2,131.87
Jayanagar,900,2,3,1,24,19.83,0.32,4,73.8,116.97
Koramangala,802,1,2,0,7,12.58,8.93,0,79.0,130.98
Koramangala,726,1,1,3,0,1.51,7.03,1,94.8,196.1
Bellandur,1188,3,3,3,4,5.36,4.3,0,58.2,130.21
Sarjapur Road,773,1,2,0,15,16.25,,1,40.8,79.15
Bellandur,1356,3,4,2,13,10.21,1.16,0,41.6,120.46
Hebbal,1545,2,3,1,25,15.37,10.48,0,42.8,129.78
Indiranagar,1021,3,4,1,12,14.02,3.06,0,47.7,120.14
Indiranagar,983,2,1,1,28,11.25,1.35,1,74.3,158.84
Jayanagar,1329,1,2,0,10,6.25,,1,98.9,190.79
Yelahanka,1181,2,3,1,19,18.11,5.92,2,65.2,101.06
Whitefield,2494,5,4,2,22,22.77,,0,82.7,244.57
Whitefield,1430,2,2,2,12,19.36,10.84,2,87.5,142.04
Sarjapur Road,2192,4,4,0,26,3.44,4.71,1,88.1,194.92
Sarjapur Road,1679,3,2,2,14,13.68,0.84,0,66.6,125.1
JP Nagar,581,2,2,3,29,20.97,3.19,1,73.0,73.87
Indiranagar,883,2,2,3,23,14.98,0.8,1,59.7,115.83
JP Nagar,1169,2,1,1,29,11.27,1.96,1,81.3,138.1
Whitefield,1935,4,5,1,25,7.47,10.22,1,63.0,198.25
Electronic City,3465,5,4,3,26,8.59,11.31,1,58.7,271.67
Electronic City,919,3,2,2,15,6.43,8.19,0,77.6,126.62
Sarjapur Road,1237,5,4,0,12,5.3,8.84,0,60.5,177.8
Bellandur,1863,3,2,1,7,14.93,,2,64.5,182.73
Whitefield,1162,2,1,1,17,12.98,1.66,2,82.7,127.32
Electronic City,2964,6,7,3,18,18.5,0.76,0,91.2,274.14
Whitefield,572,2,2,3,28,8.04,8.44,1,66.1,83.09
Marathahalli,1742,3,2,0,25,11.79,0.64,0,71.3,118.24
Koramangala,1733,2,3,1,14,17.17,9.78,0,84.8,169.92
Indiranagar,2261,6,5,2,9,24.1,7.18,1,53.5,289.67
JP Nagar,1242,3,4,2,22,9.05,1.54,0,64.9,158.3
Whitefield,1959,4,4,3,3,7.81,7.98,1,88.7,234.17
Koramangala,1046,1,2,0,5,11.51,7.35,3,93.7,200.01
Marathahalli,772,1,2,3,7,18.23,4.64,2,78.7,106.77
JP Nagar,713,1,1,0,23,24.06,9.85,2,63.6,27.65
Whitefield,543,2,2,2,6,13.65,3.79,1,76.4,110.78
Sarjapur Road,941,2,3,0,28,20.4,4.66,0,50.7,47.23
Koramangala,1424,3,2,2,11,11.88,8.42,3,41.8,208.7
JP Nagar,1070,1,1,0,17,1.48,9.07,3,44.5,115.48
Whitefield,1338,3,3,3,17,22.41,3.43,0,46.5,139.94
Koramangala,2367,5,4,2,18,7.6,0.4,2,53.5,308.21
Marathahalli,903,1,1,1,3,3.9,2.28,3,67.7,113.15
Whitefield,4347,6,7,1,0,24.91,3.31,1,53.9,374.78
Whitefield,1818,4,5,2,4,9.01,,1,75.1,199.84
Whitefield,1077,2,1,1,29,3.85,,2,99.9,138.55
Jayanagar,1063,1,1,2,6,8.13,8.0,0,69.9,140.18
Yelahanka,689,1,1,3,27,13.09,8.57,1,85.4,74.59
Jayanagar,1183,1,1,3,25,2.65,7.53,1,57.5,129.1
Sarjapur Road,400,1,2,0,10,9.14,9.39,1,97.8,71.22
Marathahalli,2394,5,4,1,20,16.89,4.34,1,54.9,206.68
Jayanagar,400,2,3,1,29,22.94,,1,75.8,45.77
JP Nagar,1228,2,2,1,22,10.24,8.11,1,99.0,128.39
Hebbal,640,1,1,2,20,14.33,5.73,0,88.5,60.41
Yelahanka,816,1,2,3,10,16.08,9.32,1,99.5,88.65
Bellandur,876,1,1,1,9,2.23,,2,62.8,115.44
Hebbal,3461,6,6,0,23,8.88,8.03,0,44.7,315.35
Yelahanka,654,2,1,1,6,17.26,1.08,2,54.6,69.26
Indiranagar,1984,4,3,0,15,18.52,7.4,1,97.5,277.53
Indiranagar,2272,4,5,1,29,9.22,8.42,0,62.2,280.32
Whitefield,400,1,1,1,0,0.67,,2,47.5,96.54
Yelahanka,855,2,2,3,26,0.67,4.0,0,75.6,81.99
Bellandur,2715,4,4,0,0,13.68,7.23,0,70.0,262.95
Yelahanka,582,1,1,1,11,14.01,8.54,3,43.7,53.83
Sarjapur Road,2320,3,4,0,15,14.12,,1,67.2,218.76
Hebbal,1188,2,1,0,4,18.18,9.2,1,78.0,113.18
Sarjapur Road,1160,3,2,3,13,23.07,1.78,1,54.0,108.36
Bellandur,1247,2,1,3,17,24.76,4.31,2,47.5,96.05
Yelahanka,1449,2,2,0,8,17.68,1.96,3,91.9,140.64
Koramangala,709,1,2,3,1,13.09,9.13,2,77.5,122.4
Sarjapur Road,1040,2,2,1,11,3.95,3.34,1,49.3,114.52
Sarjapur Road,1471,3,2,1,24,9.91,1.66,2,77.7,180.82
Electronic City,1323,3,2,3,9,14.53,1.34,3,84.1,131.47
Yelahanka,1454,2,3,0,1,25.0,1.55,0,75.9,132.61
Sarjapur Road,808,1,1,1,14,3.61,3.12,4,47.0,84.29
Jayanagar,1699,5,4,2,3,19.93,9.43,1,47.5,211.13
Marathahalli,1286,1,1,0,18,24.97,3.01,1,42.7,64.44
Yelahanka,503,1,2,0,21,20.23,,0,54.0,25.0
Indiranagar,896,3,2,2,3,19.3,,2,43.6,117.69
Electronic City,733,1,1,2,24,6.84,5.42,0,88.3,90.81
Sarjapur Road,728,3,3,0,8,0.58,6.2,2,40.9,101.03
Electronic City,923,1,1,2,12,6.04,0.23,2,74.9,84.23
Indiranagar,1682,1,1,3,9,19.85,1.17,0,88.6,191.32
Bellandur,850,1,1,3,13,3.13,8.94,2,93.7,102.11
Bellandur,1358,2,3,0,24,7.75,4.13,1,64.6,127.48
Hebbal,1241,1,2,3,2,14.28,1.96,1,77.3,140.56
Yelahanka,782,1,1,1,2,14.71,5.26,3,97.1,76.3
Indiranagar,993,3,3,3,19,13.8,0.73,0,80.3,176.1
HSR Layout,1931,3,2,3,15,24.53,8.57,1,94.1,203.57
Hebbal,1303,2,1,2,8,0.8,1.15,1,81.1,157.87
HSR Layout,1623,4,3,3,13,12.45,0.85,0,44.1,183.68
Yelahanka,2416,4,5,0,21,12.86,5.15,1,51.8,176.03
Whitefield,1524,3,4,3,15,7.69,7.13,4,96.4,212.14
Electronic City,417,1,1,3,8,13.36,9.21,2,90.7,48.26
Electronic City,1393,2,1,0,23,17.0,1.04,3,65.4,130.43
Bellandur,854,1,1,0,22,16.98,4.15,1,49.7,57.9
HSR Layout,3248,6,7,2,28,2.65,3.37,1,49.4,364.41
Jayanagar,1495,2,1,1,4,20.16,8.98,2,94.3,166.35
JP Nagar,864,1,2,3,12,23.3,4.56,2,50.0,72.82
Sarjapur Road,1639,3,2,1,14,3.53,7.61,1,63.2,161.66
Sarjapur Road,1261,3,2,2,24,10.71,5.97,1,94.0,153.74
Sarjapur Road,466,1,1,0,3,13.04,6.92,1,42.0,77.01
Bellandur,1929,3,3,0,13,3.8,4.51,3,77.8,219.79
Indiranagar,960,3,3,0,19,12.83,3.02,0,61.0,136.16
Jayanagar,2621,4,3,2,23,5.57,0.9,2,46.5,279.41
Koramangala,1121,2,2,3,19,23.42,2.25,0,74.1,89.32
HSR Layout,2648,4,3,2,6,11.49,2.24,1,69.1,278.63
Jayanagar,1516,4,5,0,3,24.88,11.23,2,46.0,145.4
Hebbal,2051,4,5,3,26,1.64,11.26,1,56.0,244.46
HSR Layout,916,2,1,0,16,3.63,3.22,1,84.4,152.5
Jayanagar,1457,2,2,0,25,11.36,1.45,2,85.4,184.88
JP Nagar,464,2,2,2,8,21.92,3.52,1,75.9,58.92
Jayanagar,1119,3,4,2,3,14.1,9.6,2,46.6,135.64
Jayanagar,530,1,1,1,2,18.44,10.48,2,91.2,119.49
Jayanagar,640,1,1,0,18,10.88,,2,50.4,119.23
Electronic City,735,1,1,3,8,1.49,,2,83.3,113.17
Whitefield,1726,2,3,0,7,16.37,5.61,0,42.6,168.76
Yelahanka,1107,3,4,3,25,16.03,,3,59.9,104.16
Hebbal,1221,2,2,1,6,2.25,0.79,0,68.7,150.54
Hebbal,1090,2,1,0,6,4.69,7.53,1,41.7,150.54
Electronic City,2174,3,2,3,3,12.17,9.63,0,50.3,167.77
Indiranagar,1203,3,2,3,18,11.44,9.04,2,59.1,195.79
Yelahanka,1376,3,2,1,11,18.93,10.82,1,99.0,125.84
HSR Layout,877,1,2,2,19,9.99,9.8,1,86.8,115.87
Indiranagar,2258,2,2,1,5,16.75,3.59,1,90.4,281.78
Yelahanka,2353,4,5,3,11,17.76,1.58,3,80.1,205.18
JP Nagar,1176,3,3,1,28,16.3,5.28,0,57.5,101.53
JP Nagar,870,2,1,2,29,15.11,,2,82.6,133.06
Marathahalli,493,1,1,0,19,20.24,8.8,1,80.4,56.68
Koramangala,744,1,1,1,3,16.6,1.0,0,76.6,106.69
JP Nagar,400,1,1,1,1,20.94,11.33,1,57.9,37.81
HSR Layout,727,2,1,0,14,16.1,11.49,2,55.8,95.91
Whitefield,1460,2,3,1,29,4.39,1.24,1,60.2,98.5
Sarjapur Road,1167,2,2,2,22,8.08,5.32,0,58.7,108.17
Marathahalli,4306,6,7,3,5,8.59,10.81,2,44.7,386.48
Sarjapur Road,978,3,2,1,17,2.8,2.41,4,88.1,128.07
Hebbal,937,2,2,0,20,17.46,8.37,2,62.2,103.9
Jayanagar,2153,4,4,0,21,15.08,8.59,0,82.4,257.95
Koramangala,416,1,1,1,4,14.95,2.96,3,56.8,73.14
Hebbal,531,1,1,0,3,12.22,,1,76.1,88.2
Yelahanka,1729,3,4,3,10,13.81,8.04,1,42.1,132.34
Hebbal,1078,1,2,3,10,0.7,7.48,1,46.4,109.15
Bellandur,1091,3,4,0,8,2.86,7.87,2,61.9,188.56
JP Nagar,717,2,3,1,2,17.24,,0,56.1,97.75
Whitefield,1369,3,3,1,10,6.91,7.32,1,61.2,153.35
Koramangala,769,1,2,0,1,3.14,,2,95.8,166.64
Sarjapur Road,1249,3,3,3,8,8.55,5.54,3,44.4,157.66
Marathahalli,635,1,1,3,23,6.73,9.37,2,67.8,44.13
JP Nagar,1085,1,2,1,24,1.22,4.78,1,51.9,103.67
HSR Layout,3655,6,5,3,9,10.56,4.37,0,61.4,360.69
JP Nagar,950,1,2,2,10,1.16,6.58,0,80.6,142.06
Marathahalli,1116,3,2,3,2,0.51,,1,98.4,184.49
Marathahalli,1074,2,1,1,16,19.92,,1,81.7,96.0
Bellandur,1321,2,1,3,10,8.22,5.45,0,93.1,169.55
JP Nagar,1552,2,1,3,16,14.41,3.34,0,48.8,134.95
Hebbal,1382,3,2,0,18,7.79,8.22,1,50.9,174.42
JP Nagar,1399,1,1,2,3,23.29,,0,92.6,144.08
Jayanagar,1086,1,1,0,1,18.36,8.37,0,76.5,107.11
Bellandur,1268,3,4,3,23,9.54,1.92,3,87.5,158.04
Indiranagar,1067,2,2,3,13,5.66,3.31,0,53.4,161.46
Indiranagar,443,1,1,0,28,3.88,2.63,1,60.9,37.93
Jayanagar,5100,6,6,2,14,19.18,,1,44.9,512.45
Yelahanka,1791,3,3,1,27,11.6,1.26,1,93.7,155.78
Indiranagar,700,1,1,0,2,6.18,3.17,1,97.4,127.57
Jayanagar,1362,1,1,3,28,23.03,6.19,0,91.4,129.27
Electronic City,572,1,1,3,29,10.06,1.24,1,66.2,100.25
Hebbal,914,2,2,1,19,13.82,0.33,0,60.5,87.61
JP Nagar,531,2,1,3,21,21.52,8.36,0,67.8,30.02
Hebbal,1167,1,2,3,25,20.92,7.44,2,78.3,100.11
Jayanagar,503,1,1,1,12,16.13,0.3,4,65.9,49.46
Whitefield,1486,3,4,3,21,22.27,0.77,0,65.3,142.24
JP Nagar,1746,3,2,3,12,23.83,2.79,1,65.9,138.5
Electronic City,761,1,1,2,17,23.41,10.89,0,84.7,73.67
Electronic City,1311,4,5,0,21,9.05,7.9,0,87.2,150.28
Hebbal,740,2,1,2,19,10.23,9.7,3,92.2,106.92
Sarjapur Road,1590,3,2,2,20,6.39,9.16,2,54.6,128.15
JP Nagar,822,1,1,3,6,21.0,11.8,1,49.5,77.03
Koramangala,1852,3,2,0,22,3.48,,1,60.7,224.84
Electronic City,443,1,1,0,15,9.2,0.99,2,65.2,27.26
Whitefield,690,1,1,3,15,0.74,0.47,0,82.1,89.3
Bellandur,652,1,1,2,21,15.07,6.07,2,85.5,55.39
Yelahanka,1342,1,1,2,25,16.63,3.41,0,99.0,83.99
Sarjapur Road,1628,3,4,2,5,6.6,6.15,1,62.7,176.62
Bellandur,1400,2,2,0,5,18.55,1.27,1,64.2,125.14
Sarjapur Road,907,2,1,3,3,9.85,10.92,2,72.5,97.6
Whitefield,400,1,2,0,2,8.14,9.33,0,89.2,94.64
Hebbal,1226,1,1,2,0,23.93,6.71,2,79.7,136.62
Marathahalli,1851,4,4,0,2,14.92,5.69,2,74.4,208.77
JP Nagar,5241,6,5,0,18,6.68,5.73,0,78.9,484.36
Jayanagar,950,1,2,3,8,24.59,,0,67.9,109.49
HSR Layout,832,1,2,3,13,9.99,,1,85.5,106.58
Koramangala,1431,2,2,0,18,16.37,5.89,0,44.5,127.8
Bellandur,1042,2,1,1,23,18.23,8.22,0,70.5,101.12
JP Nagar,2420,6,7,3,23,10.85,9.23,1,88.4,284.17
Koramangala,769,1,1,1,18,13.63,7.79,1,58.2,72.93
Marathahalli,1047,2,2,3,25,6.37,4.82,2,90.6,143.42
HSR Layout,1943,2,1,2,25,11.91,5.09,0,87.0,172.78
Koramangala,1422,3,4,1,27,8.11,1.36,0,74.8,166.6
Koramangala,2273,5,4,2,12,13.91,5.09,1,55.1,292.84
Bellandur,944,2,1,2,21,16.91,9.47,0,91.7,95.85
Indiranagar,2404,4,3,0,15,15.54,0.98,1,41.8,263.18
HSR Layout,481,2,3,2,27,19.53,2.27,1,75.6,62.21
JP Nagar,491,1,1,2,7,1.52,10.14,0,87.0,102.07
Marathahalli,2425,5,4,2,23,2.43,6.9,0,69.1,228.6
HSR Layout,1205,1,1,2,25,5.53,8.12,1,46.2,111.68
Hebbal,1991,4,5,0,15,24.65,3.99,4,90.0,237.03
Whitefield,1267,2,1,0,25,20.11,5.97,1,94.5,108.54
Hebbal,1195,2,2,2,8,23.14,9.19,2,73.8,137.08
Indiranagar,578,1,1,1,8,7.17,10.54,4,87.2,168.33
Whitefield,1182,3,3,3,23,14.56,11.7,0,76.6,110.09
Marathahalli,2538,4,3,1,22,14.09,10.24,4,74.4,249.1
Bellandur,1238,2,1,2,25,14.45,1.0,2,47.8,87.16
Bellandur,1746,4,3,0,2,18.08,,1,66.2,174.73
Marathahalli,1720,3,3,2,6,10.15,9.04,2,80.7,157.76
Sarjapur Road,688,1,1,2,19,17.09,5.13,0,67.3,51.78
Marathahalli,1923,3,2,0,17,19.82,5.35,0,77.1,166.15
Hebbal,1010,2,1,1,29,7.58,,2,93.7,141.65
Indiranagar,1040,2,2,3,23,23.67,10.03,0,62.0,131.66
Electronic City,3804,6,5,2,1,13.19,,1,89.7,281.57
Bellandur,1667,2,3,0,0,18.45,4.38,0,41.7,115.71
Yelahanka,845,1,1,3,11,18.36,2.89,2,91.2,88.0
Indiranagar,1243,2,3,3,15,14.35,4.43,2,46.4,170.88
Jayanagar,1224,2,1,3,11,8.41,8.48,2,59.3,173.33
Indiranagar,3033,5,5,0,20,16.84,,1,70.8,376.92
Indiranagar,1226,2,2,2,9,2.64,0.85,0,79.0,183.56
Koramangala,4042,6,5,0,28,24.55,9.65,0,97.2,419.47
Indiranagar,588,1,2,2,8,5.01,0.95,2,58.4,123.21
Bellandur,1179,3,3,1,20,7.25,11.95,2,45.1,104.83
Electronic City,789,2,2,3,26,23.88,10.37,0,67.5,41.28
Electronic City,914,2,2,2,17,5.07,,1,60.7,93.03
Indiranagar,925,1,1,1,25,4.67,10.03,2,76.0,134.85
Jayanagar,811,3,3,0,3,20.21,1.39,0,95.4,146.31
Whitefield,3108,5,4,3,7,6.66,5.14,4,78.6,323.2
Bellandur,2624,5,5,2,22,2.82,10.91,2,74.7,260.01
Bellandur,1497,3,4,3,20,6.05,1.27,0,54.8,165.15
Jayanagar,924,1,1,3,3,22.27,3.8,1,55.9,74.74
HSR Layout,824,2,1,3,29,7.37,,3,66.2,107.53
Hebbal,1805,4,3,0,15,17.53,5.51,1,93.5,216.43
Jayanagar,1415,5,6,3,20,10.18,11.34,2,74.8,235.26
Jayanagar,1108,3,3,2,22,6.92,4.86,1,69.7,143.54
JP Nagar,1616,3,4,0,20,4.03,3.02,2,72.6,163.42
Sarjapur Road,1959,4,5,1,7,24.32,5.45,2,90.0,231.81
Jayanagar,1103,2,3,2,6,13.27,4.87,1,80.7,177.67
Sarjapur Road,778,1,2,0,22,3.31,7.55,1,95.6,104.62
Whitefield,580,1,1,2,24,5.37,,1,74.9,98.58
Sarjapur Road,1377,3,2,2,23,10.48,6.71,0,51.8,122.13
HSR Layout,3952,6,5,1,12,13.83,5.65,0,41.1,418.99
Jayanagar,651,1,1,0,27,4.95,7.21,2,59.0,78.42
Jayanagar,2197,2,3,3,7,7.3,11.76,0,43.8,275.1
Marathahalli,828,3,3,2,21,19.7,7.57,0,64.4,90.1
Sarjapur Road,925,1,2,2,6,10.73,,0,51.3,70.37
Bellandur,1985,2,3,2,23,0.53,10.97,1,64.3,198.43
Jayanagar,1043,1,1,2,28,1.82,7.17,1,64.0,136.09
Hebbal,1376,4,4,2,4,11.26,,2,56.6,181.44
Marathahalli,1361,3,4,0,25,1.97,,3,79.2,151.1
Sarjapur Road,828,1,2,2,17,4.76,1.62,0,66.0,99.84
Bellandur,1963,3,4,2,29,18.33,11.54,2,93.6,210.36
Bellandur,1160,2,3,2,22,12.27,1.04,2,44.6,99.63
Indiranagar,559,2,2,3,25,12.32,9.22,0,64.6,94.26
Electronic City,735,1,1,3,18,15.16,4.18,0,86.6,55.05
Whitefield,400,1,1,0,9,19.82,1.16,0,69.7,53.69
HSR Layout,1235,3,4,2,10,4.39,5.32,1,98.0,188.44
Koramangala,2459,4,3,2,7,4.74,0.2,3,50.5,312.32
Jayanagar,675,1,1,1,5,3.47,9.84,2,59.0,133.36
JP Nagar,1656,3,2,3,10,23.45,,0,47.0,150.13
Sarjapur Road,1521,1,1,1,15,14.64,5.53,1,54.8,111.72
Sarjapur Road,794,2,1,2,29,2.77,9.98,0,80.4,75.52
Marathahalli,2794,5,4,2,3,5.91,6.33,1,69.2,273.35
Marathahalli,1033,1,2,1,1,18.28,7.22,1,49.7,83.0
JP Nagar,3625,5,6,0,12,1.21,9.81,2,68.5,354.75
Sarjapur Road,488,1,2,0,6,18.28,8.7,1,90.8,79.62
Yelahanka,1035,2,2,1,16,22.83,7.98,1,66.4,69.43
HSR Layout,1105,2,1,2,22,1.88,8.51,1,40.8,107.7
Sarjapur Road,1173,3,2,1,12,5.07,3.3,2,43.3,135.27
Jayanagar,1779,3,3,3,9,0.56,1.58,1,66.3,267.32
Electronic City,6000,6,5,0,12,3.17,7.55,1,75.6,442.12
JP Nagar,1541,3,4,1,9,15.62,2.84,0,93.2,178.87
Jayanagar,1216,1,2,0,6,1.6,0.76,2,98.9,211.6
Yelahanka,657,1,1,3,9,10.93,3.2,1,98.8,81.04
HSR Layout,424,2,3,2,28,12.83,8.7,1,73.5,101.63
Sarjapur Road,2284,5,5,2,15,22.71,8.56,2,42.1,215.8
Koramangala,888,1,2,2,2,12.12,10.86,0,52.8,70.45
Indiranagar,5026,6,5,0,3,3.99,,1,66.1,612.88
Jayanagar,1934,3,4,3,27,7.59,5.39,0,92.8,231.97
Electronic City,1448,1,1,1,3,16.97,3.27,0,41.3,108.27
Koramangala,1490,2,1,2,3,3.25,9.15,1,70.6,181.38
Hebbal,1499,3,3,0,15,6.18,5.06,0,79.2,179.05
Marathahalli,819,2,1,2,8,24.9,,0,57.3,65.49
Jayanagar,458,2,1,3,5,0.64,10.25,0,58.9,101.75
Marathahalli,886,2,3,1,9,4.23,4.35,2,63.3,136.31
Sarjapur Road,1188,3,4,2,24,21.17,4.26,3,56.5,166.01
Marathahalli,840,2,1,3,27,2.98,10.98,1,66.2,100.45
Hebbal,592,2,3,0,3,1.32,4.89,0,49.5,128.78
Electronic City,795,2,3,3,22,3.47,,2,52.0,113.38
HSR Layout,2121,4,4,0,28,17.49,4.66,1,42.2,238.88
Bellandur,1811,4,5,2,11,24.83,8.83,2,64.7,202.45
Whitefield,1319,2,1,2,9,14.97,2.25,1,82.4,153.34
JP Nagar,1657,1,2,3,11,3.55,10.06,2,70.4,169.72
HSR Layout,644,2,1,0,27,5.0,11.8,1,71.8,77.39
Bellandur,775,2,1,3,24,13.67,9.24,0,67.0,104.26
Yelahanka,1424,2,2,3,25,18.03,4.44,2,75.1,97.11
Jayanagar,691,1,1,2,18,16.74,6.75,0,53.8,31.17
Jayanagar,1274,2,1,2,28,14.58,8.1,1,52.5,147.09
Electronic City,599,2,2,2,18,24.66,2.48,4,96.5,74.62
Jayanagar,484,1,1,3,21,5.35,3.54,0,67.0,87.45
Koramangala,1799,2,2,3,23,4.74,9.66,3,89.6,221.97
Bellandur,2111,3,2,1,0,21.55,11.35,1,95.0,233.5
Electronic City,848,2,3,1,3,7.63,3.41,3,76.9,110.18
Indiranagar,520,1,1,3,12,8.65,1.94,2,57.9,101.83
Koramangala,400,2,2,1,7,13.94,11.78,0,80.8,113.21
Jayanagar,3305,6,5,3,21,9.84,3.98,3,65.9,378.21
Marathahalli,1276,3,3,2,13,7.55,9.39,2,98.4,153.75
Hebbal,859,2,1,0,15,22.97,,3,88.7,104.2
Marathahalli,982,1,1,2,1,3.67,11.4,1,88.9,123.42
Koramangala,419,2,2,3,7,10.41,7.27,0,75.3,61.82
Yelahanka,1688,2,3,2,12,0.57,5.1,1,40.5,134.62
Jayanagar,3605,6,5,3,29,20.28,2.3,0,89.9,400.15
Yelahanka,780,2,3,3,0,4.63,3.22,4,41.5,64.31
Yelahanka,4451,6,6,1,11,19.44,10.31,0,47.3,311.34
Bellandur,1126,3,2,3,16,4.14,0.87,3,90.3,180.92
JP Nagar,3001,6,7,0,6,10.71,2.05,2,53.1,327.7
Bellandur,1421,3,3,1,15,18.34,2.47,0,90.5,165.52
Sarjapur Road,1420,3,4,0,13,7.13,1.03,3,54.2,152.35
Whitefield,3308,6,6,3,9,8.19,8.29,3,86.2,347.22
Koramangala,1846,5,5,2,2,16.85,11.78,1,72.5,269.95
HSR Layout,1475,3,2,3,27,5.1,1.84,1,80.3,162.64
Whitefield,413,1,1,3,11,23.82,9.63,0,90.3,51.9
Indiranagar,524,1,1,2,7,5.13,2.28,1,99.0,152.19
Hebbal,1544,3,3,2,15,18.87,11.69,0,45.1,140.42
Bellandur,2690,5,6,0,24,20.16,6.18,2,81.1,258.23
Bellandur,1288,3,2,1,23,9.67,10.2,0,97.5,159.47
Electronic City,867,2,1,1,0,4.33,2.21,0,62.4,86.43
Whitefield,436,1,1,1,16,4.56,10.65,1,60.0,67.86
Electronic City,780,3,2,0,5,24.64,1.16,1,80.8,94.65
HSR Layout,1290,2,2,0,27,18.27,0.47,0,64.1,118.52
Electronic City,749,2,3,2,0,11.53,8.57,1,52.9,71.11
Whitefield,706,2,2,1,23,6.81,1.46,1,49.7,94.89
Koramangala,1167,2,2,3,14,0.96,10.42,0,51.6,149.42
Jayanagar,2662,5,5,0,12,16.93,7.53,1,82.3,315.12
Jayanagar,1749,4,3,3,29,23.94,4.11,2,95.1,234.1
Hebbal,1404,2,3,1,5,3.12,3.47,2,88.4,162.3
Indiranagar,1331,3,3,1,20,18.99,1.17,0,66.9,157.25
Bellandur,1625,4,4,0,12,4.25,8.3,2,71.7,205.79
HSR Layout,1129,2,2,0,21,19.91,11.02,1,77.2,111.18
Bellandur,957,1,1,2,3,9.58,9.13,1,74.8,92.8
Sarjapur Road,1801,2,1,3,0,17.95,7.51,1,98.1,183.13
Hebbal,1060,1,1,2,22,23.19,,0,93.2,60.07
Indiranagar,624,1,1,2,9,15.69,9.97,3,42.6,123.72
JP Nagar,2654,4,5,3,24,23.06,11.59,3,90.1,268.79
Electronic City,429,1,1,1,3,6.26,3.3,0,46.8,37.74
Marathahalli,2766,6,6,3,12,24.46,5.16,0,81.4,254.3
Whitefield,1585,4,5,1,3,21.88,0.37,2,57.1,141.65
Bellandur,704,2,1,2,15,3.14,10.02,1,86.4,143.16
Electronic City,1216,3,3,1,8,10.63,0.44,2,40.5,115.19
HSR Layout,948,1,2,1,3,23.21,5.94,0,62.9,71.98
Bellandur,1871,3,4,1,25,2.41,7.0,2,41.3,177.55
JP Nagar,1851,2,3,3,19,11.62,0.86,2,97.2,209.34
Jayanagar,1547,4,3,1,7,18.23,2.27,2,40.9,190.54
Indiranagar,1809,5,6,3,26,1.32,9.53,0,49.3,286.18
Hebbal,1127,2,1,0,3,18.94,3.18,1,72.4,125.74
Indiranagar,3162,4,4,0,8,9.35,8.75,1,78.8,360.93
Jayanagar,2352,4,3,2,10,6.61,9.04,1,83.7,339.23
Bellandur,923,1,1,2,23,14.61,5.01,1,54.8,70.7
HSR Layout,1874,2,2,3,4,13.84,0.95,1,58.1,200.93
Indiranagar,1787,2,1,1,8,21.91,0.33,0,54.4,216.31
Indiranagar,1040,2,1,1,7,17.06,6.01,0,54.6,134.95
JP Nagar,996,2,2,0,29,10.84,1.04,0,86.9,135.71
Whitefield,2340,3,4,3,25,16.43,,1,96.9,243.63
HSR Layout,1190,2,2,1,3,18.88,4.69,2,75.7,176.76
HSR Layout,1385,3,4,1,19,23.46,8.26,1,49.4,146.94
Koramangala,2593,4,3,3,0,17.75,5.02,0,43.9,282.18
Jayanagar,4834,6,6,2,19,13.82,7.61,1,54.4,473.87
Koramangala,898,2,3,3,27,9.64,10.03,1,50.7,150.6
Jayanagar,1063,2,1,3,12,22.34,10.64,1,74.7,121.86
Indiranagar,1250,2,1,1,23,19.92,0.4,0,81.9,166.38
Jayanagar,1266,3,2,0,27,2.39,7.82,4,40.3,143.84
Marathahalli,1476,2,3,1,27,17.64,,0,66.4,110.26
Koramangala,916,1,2,1,4,13.7,,0,77.4,138.33
Indiranagar,598,1,2,1,21,3.04,0.89,1,51.6,90.86
Yelahanka,3148,5,4,3,19,14.34,1.02,1,94.1,234.52
Sarjapur Road,1680,2,3,3,29,5.22,6.06,0,72.9,152.97
Sarjapur Road,953,2,2,1,20,17.85,0.87,1,60.7,100.44
HSR Layout,1526,3,4,1,9,7.32,9.36,1,41.1,169.53
Marathahalli,3289,5,6,0,15,4.18,9.32,0,69.1,299.75
JP Nagar,778,2,1,2,7,2.51,1.58,3,60.2,147.35
Whitefield,1348,3,3,1,11,12.52,5.57,2,98.2,181.46
Koramangala,559,1,1,3,24,5.39,7.22,4,62.7,123.16
Yelahanka,1124,2,2,2,2,21.45,10.34,0,95.3,113.05
Indiranagar,1684,2,3,2,25,0.57,11.86,4,81.2,252.9
Marathahalli,650,2,1,0,3,21.17,0.4,2,44.4,89.09
HSR Layout,1083,2,3,2,16,13.27,5.82,1,96.0,131.89
Hebbal,1863,3,2,1,26,23.09,9.68,2,50.1,165.69
Koramangala,1659,3,3,1,20,5.51,9.59,1,66.9,241.71
Marathahalli,635,1,2,3,19,3.01,6.59,1,95.4,76.8
Koramangala,1474,3,2,1,21,15.81,2.35,2,89.7,187.04
Hebbal,1632,4,5,1,21,17.81,6.8,1,69.3,185.87
Whitefield,1273,1,1,0,12,9.63,,0,52.4,115.01
Whitefield,2185,3,3,2,25,0.84,5.03,1,70.6,233.09
JP Nagar,868,1,2,0,5,10.47,4.08,0,72.9,84.24
Sarjapur Road,1506,3,3,2,2,6.23,1.9,2,99.8,185.93
Jayanagar,632,2,3,0,13,9.01,,1,89.4,159.51
Electronic City,498,1,2,3,6,12.92,8.56,1,91.7,95.87
Electronic City,1844,3,2,0,2,17.71,6.61,2,99.2,182.76
Koramangala,1214,3,2,0,5,24.1,4.39,1,71.4,157.46
Hebbal,930,1,1,3,28,4.03,9.91,1,75.1,107.48
JP Nagar,668,2,2,1,12,17.16,2.09,0,67.3,97.02
Electronic City,1891,4,4,1,13,6.21,5.33,1,47.5,181.08
Jayanagar,524,1,2,3,14,5.91,7.91,3,71.5,111.22
HSR Layout,2072,4,3,3,25,16.02,9.89,0,75.0,196.28
Electronic City,1538,3,3,0,15,19.51,7.87,1,54.2,93.77
Bellandur,538,2,3,3,0,24.46,,0,87.0,109.88
Indiranagar,1286,2,2,3,14,19.34,1.4,2,47.5,158.64
JP Nagar,5165,6,7,2,29,4.35,0.8,0,70.1,444.8
HSR Layout,2308,3,2,2,23,6.02,6.81,1,79.8,219.62
Marathahalli,761,2,3,1,6,19.15,3.07,1,43.3,99.69
HSR Layout,1780,4,5,3,27,13.41,2.08,2,88.2,215.0
Sarjapur Road,551,1,1,0,8,7.74,1.2,1,58.2,63.67
Marathahalli,564,2,1,1,14,12.06,7.77,1,83.1,80.84
Yelahanka,1156,2,3,1,13,22.91,9.09,1,46.5,56.67
Indiranagar,1625,2,2,1,18,19.01,10.32,1,77.2,171.82
Indiranagar,1875,5,4,3,27,11.54,7.23,3,73.4,283.63
Indiranagar,1889,3,4,3,23,24.52,4.38,0,49.0,225.08
Hebbal,1575,3,2,0,17,19.97,5.75,0,77.5,199.33
Indiranagar,494,2,1,0,8,0.64,7.71,0,81.5,147.38
Koramangala,1160,3,3,1,0,3.25,8.61,1,69.9,239.21
Indiranagar,2044,4,3,3,11,14.07,7.81,0,74.7,292.52
Jayanagar,1531,3,4,0,9,9.07,11.55,0,93.2,243.4
Indiranagar,1326,3,4,2,6,20.41,,2,81.9,214.73
Indiranagar,1438,3,2,2,13,22.44,,1,94.4,214.03
Hebbal,1425,3,2,1,25,6.4,,2,73.1,171.56
JP Nagar,407,1,1,2,29,19.2,,1,50.5,26.85
Koramangala,2265,4,4,1,0,13.62,3.31,2,54.8,280.12
Hebbal,1129,3,3,3,14,10.1,9.83,2,50.6,153.24
Whitefield,1771,2,3,1,21,19.78,5.68,1,60.1,135.96
HSR Layout,400,1,1,1,0,14.34,7.36,2,68.7,87.36
HSR Layout,2992,6,7,3,12,16.06,5.27,1,55.4,325.55
Marathahalli,635,2,2,0,19,2.03,4.87,0,68.5,117.54
JP Nagar,4855,6,7,0,22,14.85,8.12,1,61.9,435.1
Bellandur,3849,6,5,0,1,7.87,,1,73.3,373.45
HSR Layout,579,1,2,0,2,12.59,3.85,3,65.7,93.3
Electronic City,1881,3,2,1,3,5.94,2.43,2,66.0,165.53
Bellandur,686,1,2,0,15,15.55,1.75,1,69.4,80.6
Indiranagar,844,1,2,2,21,4.11,1.54,2,99.3,129.81
Indiranagar,855,2,1,2,28,3.51,9.85,0,73.4,144.77
Koramangala,1535,3,4,0,11,5.12,3.58,0,83.4,207.85
Bellandur,1435,3,4,2,24,20.53,8.21,0,65.0,127.84
Electronic City,620,1,1,2,3,1.32,3.59,1,59.6,93.2
Koramangala,1529,3,2,3,21,18.37,8.07,4,95.0,245.15
Jayanagar,1073,2,1,3,11,1.88,11.81,0,84.5,166.64
Hebbal,441,1,1,0,6,15.0,0.98,1,74.9,78.68
Marathahalli,945,3,3,1,19,19.45,7.91,0,60.2,71.9
Bellandur,2991,6,5,1,21,6.16,3.53,0,55.5,288.91
JP Nagar,963,2,1,3,2,5.3,1.18,1,55.1,107.39
Indiranagar,437,2,1,3,4,7.58,,0,70.2,122.56
Indiranagar,1878,4,4,1,11,17.64,4.59,1,92.5,261.0
Sarjapur Road,721,1,1,0,11,6.74,6.58,1,92.9,123.66
Hebbal,1350,3,4,1,26,12.79,7.84,0,84.7,146.41
Hebbal,1092,1,1,1,25,3.79,6.9,2,72.5,116.25
Koramangala,3162,6,7,2,19,11.8,10.8,0,54.1,364.01
Whitefield,1092,3,4,1,22,15.81,2.01,0,68.7,96.58
Whitefield,639,1,1,3,21,2.26,9.98,1,81.7,65.77
Koramangala,927,2,2,0,6,20.48,6.43,2,75.7,92.52
JP Nagar,610,3,3,1,21,23.47,10.35,1,70.8,75.45
Yelahanka,1070,2,2,2,11,5.24,5.23,1,65.7,123.2
Koramangala,3176,6,5,3,1,19.11,5.89,1,85.2,395.8
JP Nagar,2384,3,3,3,13,8.18,5.18,1,90.5,221.53
Marathahalli,3688,6,7,2,22,17.08,1.34,1,83.4,312.2
Indiranagar,1562,4,5,3,15,8.01,1.91,0,96.3,271.7
Electronic City,1298,3,2,2,23,21.63,6.31,2,86.8,101.85
Yelahanka,693,2,1,3,6,9.0,6.49,2,67.0,101.34
Bellandur,1392,2,2,3,3,21.3,5.72,0,77.0,168.1
Yelahanka,1117,2,1,3,19,19.27,0.35,0,70.3,77.57
Electronic City,1841,5,5,3,27,5.31,,1,72.8,153.31
Sarjapur Road,647,1,1,2,4,4.35,1.78,1,93.7,93.26
Hebbal,1235,3,2,1,13,19.6,6.88,1,58.1,123.83
Indiranagar,505,1,1,3,8,10.06,3.6,3,40.8,62.77
Whitefield,1445,2,3,2,4,23.76,11.9,0,81.7,143.14
JP Nagar,1740,3,2,2,1,23.6,4.44,2,50.9,165.17
Koramangala,492,2,1,2,4,17.49,9.89,1,49.3,75.97
Koramangala,574,2,1,1,28,12.76,3.1,2,99.5,112.19
Whitefield,588,1,2,0,2,5.28,2.44,1,56.0,68.97
Yelahanka,1088,2,2,2,9,22.12,2.81,1,52.2,65.67
Indiranagar,556,1,2,2,7,2.51,4.13,0,51.5,110.11
HSR Layout,2561,6,5,2,25,9.57,10.22,1,64.7,281.0
JP Nagar,1525,3,2,1,9,8.32,9.21,1,64.6,165.29
Jayanagar,1668,3,2,3,28,23.98,5.34,1,77.9,151.17
Marathahalli,501,2,2,1,1,3.39,2.42,0,46.2,54.63
Electronic City,2444,3,4,2,13,22.31,0.77,4,78.1,190.2
Yelahanka,1715,3,4,0,26,11.68,7.5,0,67.2,151.98
Hebbal,825,1,1,2,3,1.66,8.54,2,52.5,84.76
Hebbal,514,1,2,3,20,18.36,7.35,1,86.7,100.6
Bellandur,1151,2,2,0,11,2.97,6.11,2,68.4,171.35
Sarjapur Road,928,1,1,0,19,6.31,11.68,0,83.0,66.81
Hebbal,950,2,3,1,28,20.09,0.49,1,95.2,135.42
Koramangala,814,1,2,1,13,4.29,,0,61.2,96.38
Yelahanka,1784,3,3,3,15,8.47,3.46,4,93.9,179.01
Sarjapur Road,400,1,2,1,4,9.34,4.72,3,52.0,97.09
Electronic City,2635,4,4,3,25,14.93,9.08,3,53.3,205.49
Koramangala,2078,4,5,0,15,19.85,,1,79.8,271.79
Koramangala,1347,2,3,0,26,6.15,8.58,0,46.2,164.56
HSR Layout,1109,3,4,0,28,5.54,4.12,0,67.3,201.6
Jayanagar,2177,4,5,3,3,5.94,,3,52.8,273.72
Yelahanka,1172,3,4,1,28,9.85,2.23,4,74.3,139.56
Indiranagar,1030,1,1,1,2,13.61,11.2,0,88.4,138.64
Whitefield,2245,3,2,1,0,0.83,9.53,0,42.5,189.96
Whitefield,3795,6,7,2,29,19.62,2.21,2,64.8,336.4
Marathahalli,703,1,2,0,3,23.2,4.77,1,83.8,97.19
Bellandur,1516,3,4,0,8,21.17,1.43,1,60.5,164.78
Sarjapur Road,660,1,1,2,0,1.41,7.28,1,42.5,79.87
Yelahanka,1581,3,2,0,15,13.35,11.53,3,75.5,127.22
Hebbal,782,2,2,0,22,20.44,1.13,1,47.2,50.29
JP Nagar,2337,5,4,2,2,8.93,3.25,0,62.2,254.62
Bellandur,1136,1,1,0,23,22.48,9.11,1,99.4,115.61
HSR Layout,1231,2,3,1,5,22.23,5.61,0,63.9,153.45
Hebbal,2943,5,6,2,12,3.97,4.2,1,90.6,311.06
Koramangala,802,2,2,0,16,12.59,7.29,0,91.6,201.17
Indiranagar,1749,5,5,1,14,1.13,3.67,1,55.8,264.19
Yelahanka,847,1,2,3,25,7.41,4.08,1,75.7,62.38
Jayanagar,2317,5,6,0,20,20.39,9.71,0,96.8,282.99
Bellandur,3206,6,5,2,29,24.39,4.82,3,76.4,298.26
Bellandur,1038,1,1,1,11,22.88,8.47,2,88.8,118.39
Indiranagar,400,1,2,3,28,1.54,1.98,0,67.8,102.52
Hebbal,822,1,1,3,7,23.2,4.91,1,83.2,106.3
Marathahalli,4573,6,6,0,26,20.65,6.71,0,41.3,364.49
Sarjapur Road,866,1,1,3,15,21.76,3.35,1,87.2,105.2
Hebbal,3178,6,7,2,2,22.91,5.17,1,80.3,315.17
Sarjapur Road,860,2,1,3,27,12.46,9.17,1,61.5,75.63
Bellandur,848,1,2,0,27,5.67,2.11,2,65.0,82.69
Electronic City,1842,3,2,3,3,1.02,6.11,1,59.6,168.97
Bellandur,1725,3,3,0,6,1.08,3.29,0,71.5,225.25
Bellandur,1917,2,2,3,14,16.24,5.04,1,46.5,174.79
Indiranagar,1203,2,3,1,10,8.76,,1,90.7,205.51
Koramangala,2120,5,6,0,15,12.65,7.93,1,68.7,308.74
Indiranagar,2036,4,5,2,21,3.72,9.25,1,42.6,292.82
Yelahanka,2258,4,3,2,13,24.4,6.1,3,73.2,145.65
Bellandur,852,2,1,3,22,3.68,,1,95.8,113.04
Sarjapur Road,2119,4,3,1,12,11.4,10.45,0,45.2,195.47
JP Nagar,901,3,3,3,8,11.36,2.4,0,47.4,110.27
Sarjapur Road,1101,2,3,3,24,0.71,7.03,3,63.2,147.46
Jayanagar,1088,2,1,1,17,16.86,6.42,1,84.1,128.01
Hebbal,693,1,1,0,2,13.69,3.58,0,76.3,107.57
Whitefield,462,2,3,2,19,12.69,11.44,1,67.5,75.51
Jayanagar,2352,4,4,1,21,20.54,8.18,1,99.6,284.41
Marathahalli,816,3,4,3,4,6.41,5.75,1,51.1,127.19
HSR Layout,1035,2,1,0,21,21.6,5.43,2,89.3,111.91
Yelahanka,803,3,3,3,26,21.69,1.29,1,47.4,92.32
Yelahanka,1042,1,1,0,23,20.76,9.41,2,50.8,51.47
Marathahalli,909,1,1,2,1,8.86,1.19,2,57.7,140.81
JP Nagar,2425,4,5,2,21,4.48,2.57,1,92.4,230.91
HSR Layout,867,2,3,0,24,12.14,2.14,1,66.7,88.49
Koramangala,3081,5,5,2,20,6.87,1.0,0,63.7,368.95
Bellandur,2245,4,5,3,16,1.78,9.99,1,69.4,225.38
HSR Layout,924,3,3,0,15,7.35,,0,77.9,135.3
JP Nagar,1431,3,2,3,28,11.99,7.58,2,65.4,157.72
Electronic City,1597,2,2,0,23,3.26,10.56,0,97.8,144.5
Whitefield,1906,3,3,3,19,23.64,8.17,2,48.1,167.74
HSR Layout,2013,4,5,2,23,16.57,8.28,1,68.5,247.71
HSR Layout,1330,1,2,1,12,3.84,10.7,1,64.9,163.63
Whitefield,710,2,3,3,19,20.4,1.28,3,81.6,78.2
Bellandur,1707,4,3,0,10,23.24,0.85,0,97.8,186.93
HSR Layout,1054,1,1,2,7,6.94,0.83,0,57.3,120.62
Whitefield,400,1,1,0,24,4.01,5.13,3,97.3,87.34
Whitefield,1487,1,2,3,20,8.4,11.37,0,89.7,141.86
Whitefield,801,1,1,0,4,20.89,10.47,3,88.6,98.94
Indiranagar,933,1,1,0,1,4.79,9.43,1,44.4,150.39
JP Nagar,1204,1,1,3,24,19.59,4.97,2,96.4,72.14
Indiranagar,511,3,4,2,26,18.05,9.93,2,90.3,141.04
Electronic City,1295,3,4,2,3,16.46,2.78,1,81.1,126.86
Jayanagar,1008,3,2,3,2,11.12,7.11,0,47.7,109.34
Koramangala,741,1,2,2,1,9.49,9.0,0,65.2,93.77
Indiranagar,1231,2,2,1,2,2.59,,0,90.4,229.93
Indiranagar,474,2,1,0,15,9.26,10.51,0,66.3,89.8
Jayanagar,1251,3,2,3,19,15.25,8.78,1,66.2,182.15
JP Nagar,1554,3,4,1,8,22.51,6.49,4,56.2,182.82
Jayanagar,1419,2,1,0,5,20.91,0.94,2,43.1,114.2
Koramangala,1852,3,2,3,25,1.29,8.4,2,70.8,241.11
Marathahalli,2278,4,5,2,14,3.9,5.48,2,86.5,268.72
Whitefield,1147,2,1,3,4,21.29,8.89,1,48.8,85.97
Hebbal,2192,3,3,3,28,23.51,0.63,2,93.6,241.52
Yelahanka,1145,2,3,0,8,1.87,6.98,1,73.3,118.74
Koramangala,817,1,1,0,23,17.68,5.47,1,88.7,109.49
Electronic City,967,2,2,0,5,9.46,5.27,1,80.0,110.78
Bellandur,1390,1,1,1,2,9.43,6.31,1,48.1,134.08
Electronic City,2180,5,5,2,22,16.25,1.66,1,94.4,216.62
Whitefield,1201,2,1,3,12,20.35,11.24,0,83.1,103.84
Koramangala,828,1,1,3,25,7.23,8.52,3,42.1,99.25
Electronic City,2656,4,5,2,21,17.78,1.2,2,74.8,213.86
Electronic City,545,1,2,3,27,16.08,,2,68.8,57.86
Jayanagar,831,2,2,0,14,13.17,2.69,1,91.5,155.03
Marathahalli,1961,4,4,3,10,15.26,3.03,2,47.4,183.06
Marathahalli,3170,6,7,2,29,0.94,6.01,0,75.5,312.72
Koramangala,1563,4,5,1,15,0.6,6.53,0,58.6,267.24
Whitefield,1377,4,5,1,14,13.99,1.92,1,54.7,168.83
Indiranagar,1023,3,4,2,23,13.34,11.69,1,41.4,143.23
Sarjapur Road,1622,3,3,3,27,2.25,9.93,4,59.9,164.18
HSR Layout,1288,2,3,3,5,12.55,7.68,0,63.8,181.48
Yelahanka,792,1,1,1,13,19.06,3.48,0,66.9,36.32
HSR Layout,1012,2,2,3,10,13.76,10.94,1,84.1,152.75
JP Nagar,745,1,1,1,25,13.18,3.92,3,64.2,76.97
Hebbal,1209,3,4,2,19,18.09,,0,51.7,132.52
Marathahalli,1312,2,1,2,9,4.71,4.36,0,63.9,149.03
Koramangala,2948,6,7,3,15,11.71,0.77,1,44.2,352.07
HSR Layout,864,1,1,0,11,4.13,0.93,1,98.3,124.24
Whitefield,1086,2,2,0,6,13.33,5.81,2,44.0,83.12
Yelahanka,2399,3,2,1,6,15.0,10.6,1,52.1,167.69
HSR Layout,3239,6,6,2,26,3.48,11.32,0,65.7,372.24
Yelahanka,1558,4,3,1,23,2.35,,1,96.0,146.13
Bellandur,1044,2,1,2,17,4.58,4.97,1,50.7,83.55
Whitefield,925,2,2,1,14,14.87,3.86,1,64.0,84.57
Hebbal,435,1,1,1,26,5.15,2.75,0,99.4,92.96
Sarjapur Road,720,1,2,1,5,7.24,6.55,3,76.1,107.57
Jayanagar,1269,2,2,3,29,17.71,5.89,2,76.9,152.36
Electronic City,1086,2,2,0,18,6.58,5.71,3,98.4,139.41
Yelahanka,1691,4,5,2,7,10.24,3.93,0,70.4,179.12
Hebbal,1078,2,2,1,19,23.26,7.07,2,40.2,70.37
Whitefield,805,3,3,0,14,20.71,7.37,1,41.9,110.63
Yelahanka,1448,3,2,1,29,6.76,10.53,1,80.9,125.0
Yelahanka,4760,6,7,1,3,15.14,,3,52.7,351.96
Indiranagar,1008,2,3,2,17,16.81,4.09,4,68.7,159.18
Indiranagar,1295,3,2,3,12,22.56,4.68,1,73.1,190.09
Jayanagar,1912,4,5,1,21,13.91,3.03,1,80.0,231.72
Hebbal,876,2,1,2,21,14.25,2.22,0,45.0,66.05
Whitefield,2417,5,5,3,0,22.27,1.48,1,85.6,261.23
Jayanagar,504,1,2,3,27,1.83,0.6,2,95.2,134.55
Indiranagar,959,1,1,0,7,15.89,5.13,3,55.3,147.37
JP Nagar,1011,2,3,0,18,10.71,11.52,1,62.8,104.58
Sarjapur Road,1304,4,4,1,16,22.79,6.55,1,84.6,163.24
Jayanagar,406,1,2,0,9,24.03,8.96,3,54.9,58.83
Koramangala,2525,3,4,2,0,4.67,4.89,2,72.5,332.21
Jayanagar,1507,2,2,2,0,7.4,4.74,1,79.6,211.23
Whitefield,2225,5,4,0,20,7.2,1.68,1,92.8,243.23
Whitefield,2914,6,7,2,4,2.97,3.74,2,60.7,325.37
JP Nagar,799,1,1,2,0,12.33,11.16,4,69.6,78.59
Marathahalli,400,2,1,1,20,13.07,5.98,0,51.1,25.0
Marathahalli,2254,4,3,1,22,14.54,,2,58.5,179.36
Indiranagar,1025,3,2,2,20,16.74,,3,45.7,152.07
Koramangala,643,2,1,0,24,2.04,4.98,2,51.9,109.17
Indiranagar,1648,2,1,2,19,15.75,9.96,2,60.8,191.55
Bellandur,4652,6,7,3,12,22.89,1.3,1,65.5,436.8
Bellandur,1130,1,1,3,8,11.65,6.36,1,82.4,122.49
Electronic City,2025,3,4,3,15,3.11,9.65,1,67.5,190.7
Bellandur,697,1,2,1,27,2.61,10.27,0,42.9,62.23
Marathahalli,475,1,2,0,7,7.4,4.88,2,85.3,83.52
Sarjapur Road,1984,3,3,2,13,18.94,,2,72.0,210.55
Bellandur,1620,4,3,0,28,6.89,11.6,2,96.4,194.03
Indiranagar,929,2,2,0,16,20.45,7.54,0,78.1,132.02
Yelahanka,3067,5,4,0,28,20.58,9.78,4,72.0,217.5
Whitefield,455,1,1,3,3,11.7,6.97,1,57.7,67.58
Sarjapur Road,610,1,2,2,6,7.87,9.52,1,54.2,89.78
Sarjapur Road,890,3,3,1,16,15.14,,1,53.8,80.01
Jayanagar,986,1,2,0,27,20.36,8.6,1,64.4,67.82
Indiranagar,2687,5,5,0,23,2.08,2.02,1,50.3,347.38
Whitefield,1233,3,2,3,15,23.86,1.17,0,90.7,127.43
Marathahalli,1079,3,2,3,13,16.32,,1,88.3,142.29
Sarjapur Road,597,1,1,2,15,10.25,3.25,1,83.7,101.03
Electronic City,2181,3,3,1,26,12.9,10.53,1,42.9,130.49
Indiranagar,642,1,1,1,1,9.95,2.51,0,44.3,76.92
Sarjapur Road,595,2,2,3,23,10.61,10.95,2,78.2,83.83
Koramangala,963,2,2,2,14,15.09,9.7,1,84.9,140.51
Hebbal,1313,2,1,0,10,1.98,,2,41.6,140.54
Jayanagar,808,2,3,2,12,4.8,2.95,3,57.4,155.75
Whitefield,1770,2,1,1,3,6.06,10.57,0,48.2,166.23
Bellandur,1027,2,1,3,23,10.48,7.13,2,53.9,115.96
Sarjapur Road,2141,5,5,0,0,9.59,1.19,4,71.1,237.81
Indiranagar,1584,4,3,0,14,18.19,11.19,0,46.6,182.03
Bellandur,3214,6,5,1,11,6.85,2.5,2,53.8,311.88
Hebbal,941,3,3,0,20,1.9,2.72,0,73.9,133.76
Electronic City,1909,5,5,2,8,1.86,8.51,2,70.5,207.83
Bellandur,449,1,2,1,6,0.78,7.08,2,91.5,112.25
Koramangala,5887,6,5,1,2,1.43,10.86,1,49.0,621.27
Marathahalli,1857,2,3,0,15,21.54,3.82,2,62.2,146.5
Sarjapur Road,1020,3,4,1,3,17.58,0.69,1,95.5,136.73
HSR Layout,1041,2,3,3,25,24.9,11.94,1,87.7,97.2
HSR Layout,1048,3,4,2,22,1.0,3.89,1,75.8,180.53
Bellandur,3301,5,4,1,13,21.3,2.11,0,86.1,306.08
JP Nagar,1967,3,2,3,21,17.55,11.82,1,66.9,175.82
Whitefield,940,3,2,0,12,16.19,6.84,3,94.6,136.9
Jayanagar,607,1,2,1,28,9.24,1.96,2,76.0,88.51
HSR Layout,2317,5,5,3,19,9.73,10.06,2,81.7,291.23
JP Nagar,1903,3,2,0,18,21.22,11.36,1,79.1,205.32
HSR Layout,1770,3,4,3,26,17.98,10.6,4,80.4,224.15
JP Nagar,1146,1,2,0,1,16.92,2.54,1,78.5,110.14
Whitefield,1018,2,3,2,9,1.25,0.82,2,44.4,94.56
Yelahanka,3032,6,7,1,27,5.02,4.58,1,76.2,268.81
HSR Layout,3191,6,7,2,24,24.08,4.39,1,87.0,349.0
Koramangala,1706,2,3,2,18,11.63,,1,40.0,190.49
Hebbal,2046,5,4,1,14,19.64,9.63,3,93.5,231.83
Sarjapur Road,1366,2,2,2,6,10.04,0.31,4,97.1,160.07
JP Nagar,565,2,1,2,14,19.23,8.16,3,47.7,64.29
Hebbal,700,1,1,3,16,3.42,11.82,2,72.1,111.54
Sarjapur Road,2254,4,5,0,23,1.53,,2,46.6,252.48
Indiranagar,2418,6,5,2,15,11.92,5.92,0,57.0,347.04
Indiranagar,2143,3,3,1,16,15.0,7.61,0,77.3,272.54
Jayanagar,1452,3,3,3,27,8.43,3.57,2,58.2,127.13
Hebbal,2187,5,6,0,15,18.04,8.68,1,61.9,237.74
Whitefield,1162,1,1,2,17,12.65,2.6,4,84.8,128.37
JP Nagar,1689,4,5,2,16,23.24,,0,74.5,154.14
Electronic City,1072,2,2,1,3,2.58,9.66,0,71.1,131.27
Indiranagar,671,2,2,2,1,2.13,,1,59.5,176.15
Whitefield,1931,3,2,1,16,22.68,8.83,0,82.2,204.42
Hebbal,2420,3,3,2,16,16.89,10.48,0,65.4,223.03
Indiranagar,4679,6,7,2,1,16.94,0.74,2,93.9,585.13
Indiranagar,1388,2,2,1,21,1.18,8.54,0,76.1,226.14
Electronic City,674,1,1,0,1,23.47,7.83,0,72.3,45.23
HSR Layout,1002,1,1,3,28,19.41,7.56,1,88.2,106.33
Bellandur,1114,1,2,1,14,19.23,3.69,1,69.1,82.63
Hebbal,1302,2,3,0,28,22.84,,0,56.8,121.67
Jayanagar,1555,3,4,0,27,14.66,1.36,2,49.3,155.33
Yelahanka,1465,3,2,1,27,10.17,3.42,1,73.7,135.08
Indiranagar,1840,4,4,3,15,12.28,4.99,0,65.5,260.85
Hebbal,1338,3,4,1,10,19.54,11.03,1,63.8,160.52
Indiranagar,400,1,1,2,28,19.33,8.27,0,61.0,34.0
Koramangala,1360,2,2,2,1,15.43,,1,80.3,197.54
Yelahanka,1259,2,2,0,7,5.84,11.05,3,71.1,139.46
Electronic City,1624,3,2,2,20,20.56,8.7,1,72.2,118.22
Sarjapur Road,984,1,1,3,29,16.36,6.01,0,58.5,76.59
JP Nagar,1357,3,2,1,23,5.92,5.66,3,76.8,181.41
Indiranagar,1629,2,1,3,11,12.28,11.21,3,64.2,197.8
Bellandur,1099,1,1,0,13,24.93,6.69,1,86.2,88.05
JP Nagar,1740,3,4,2,27,8.55,6.13,1,71.8,165.78
Yelahanka,1247,2,1,2,13,3.36,,0,57.4,101.47
JP Nagar,1308,3,4,1,23,1.03,7.2,1,48.9,121.65
HSR Layout,400,1,1,3,11,5.02,3.14,0,82.0,94.2
Indiranagar,640,2,1,3,1,5.08,11.99,0,62.3,170.18
JP Nagar,641,1,1,1,13,21.52,,1,43.9,47.36
Sarjapur Road,1352,3,2,2,22,4.33,8.26,0,94.9,198.91
Sarjapur Road,2415,3,3,0,24,21.63,5.98,4,63.2,165.89
Indiranagar,1124,3,3,0,11,2.62,1.64,2,84.8,198.8
Marathahalli,1913,3,2,1,23,22.71,11.52,0,67.5,115.29
Sarjapur Road,1714,5,5,1,28,6.78,4.16,3,93.5,165.08
JP Nagar,1296,3,4,1,8,15.48,7.95,0,41.7,131.93
Jayanagar,1645,3,3,3,28,4.41,8.9,1,55.6,173.04
Whitefield,1374,3,3,2,7,10.06,4.86,1,72.7,123.44
Sarjapur Road,1110,3,3,2,19,2.6,3.28,0,59.4,126.05
Hebbal,1488,1,1,1,15,14.7,0.9,3,84.6,152.06
Yelahanka,2659,5,6,0,9,8.97,,1,81.3,235.42
Marathahalli,1556,4,3,3,6,21.38,7.07,1,41.5,138.41
Hebbal,1353,3,4,1,14,4.95,8.65,1,76.0,190.38
JP Nagar,741,1,1,3,24,7.36,5.73,2,90.2,84.54
Electronic City,2614,5,5,1,8,4.84,2.95,0,58.9,210.32
Koramangala,553,1,2,3,3,14.31,11.95,0,48.4,106.99
Electronic City,470,1,1,0,22,3.24,11.62,1,84.3,97.17
HSR Layout,1472,3,4,0,5,5.14,10.35,0,94.0,192.83
Hebbal,739,2,3,0,27,17.12,11.01,0,79.4,91.97
Koramangala,2184,5,4,0,11,2.32,6.99,1,90.8,308.61
HSR Layout,475,2,1,2,14,18.71,4.54,2,99.9,80.69
Koramangala,2037,3,3,2,18,3.06,4.25,3,70.0,272.99
Koramangala,1885,3,3,3,25,14.84,11.22,0,96.1,243.48
Whitefield,1280,2,3,1,21,24.95,,0,60.7,92.19
Bellandur,400,1,2,2,23,4.76,5.4,1,84.7,75.33
Yelahanka,465,1,1,1,1,6.9,7.36,0,94.1,58.61
Electronic City,1369,3,2,3,27,22.51,9.7,3,71.3,130.21
Sarjapur Road,1056,3,2,1,18,15.84,8.49,0,77.6,113.88
JP Nagar,1790,4,3,0,23,12.57,10.46,4,98.2,189.77
Marathahalli,1156,1,1,0,19,14.29,7.38,1,55.1,84.89
Yelahanka,1102,2,3,2,19,7.74,7.07,3,61.4,98.1
HSR Layout,400,1,2,3,1,21.46,4.63,2,86.3,73.83
Whitefield,1886,2,2,2,14,18.76,1.06,1,60.5,139.81
HSR Layout,840,1,2,2,26,16.24,0.86,2,70.0,73.15
Bellandur,964,2,1,2,25,23.33,1.99,1,43.0,45.04
Marathahalli,666,2,3,3,11,14.66,0.88,0,73.9,92.77
Whitefield,514,1,2,0,28,13.04,,0,77.6,51.84
HSR Layout,2697,5,6,0,0,24.4,4.96,2,45.0,316.35
Bellandur,1859,3,3,2,22,5.55,0.51,1,54.6,196.16
JP Nagar,1876,4,4,1,13,3.98,0.46,1,66.0,215.56
JP Nagar,1065,3,4,0,3,4.48,6.37,0,86.9,159.44
HSR Layout,461,1,2,0,21,24.74,6.68,2,41.3,25.0
Yelahanka,3813,6,5,3,23,16.48,0.64,2,59.9,244.41
Marathahalli,1514,2,2,0,10,8.0,8.11,1,40.3,106.97
Indiranagar,1294,1,1,0,6,6.6,,1,71.3,161.69
Yelahanka,985,2,1,2,12,1.89,6.04,0,69.9,71.6
JP Nagar,400,1,2,2,13,3.73,2.07,1,85.3,89.28
Marathahalli,2248,3,4,3,6,22.75,0.66,1,40.2,148.69
Bellandur,671,1,2,3,21,18.81,2.71,4,85.5,96.22
Whitefield,1621,2,1,1,10,23.57,5.68,1,93.5,146.74
Jayanagar,1834,3,2,0,19,10.88,8.98,0,59.0,222.4
Hebbal,1442,2,1,2,19,15.23,3.33,2,60.0,139.43
Koramangala,1554,4,5,2,24,12.35,,1,40.1,173.35
HSR Layout,2516,5,6,0,10,22.09,10.38,1,65.7,248.03
Jayanagar,776,2,3,3,20,24.79,3.38,2,76.8,131.8
Electronic City,1314,3,2,2,8,23.35,6.36,0,47.4,81.9
Marathahalli,1060,2,1,3,26,15.15,5.03,3,79.4,94.26
Hebbal,436,1,1,2,27,2.01,0.52,1,61.9,59.59
Sarjapur Road,1405,2,3,2,24,15.63,4.82,2,80.4,136.74
Bellandur,2388,5,4,1,3,2.88,4.65,2,55.1,294.29
Indiranagar,2558,4,4,2,1,3.9,7.54,2,86.5,385.61
Koramangala,3333,6,5,0,1,5.19,,0,72.9,426.39
Sarjapur Road,452,3,2,0,24,9.41,8.13,3,72.0,82.13
Indiranagar,2939,5,6,0,8,15.0,4.39,1,69.3,386.68
Electronic City,1328,3,3,3,18,8.67,,2,90.5,159.89
JP Nagar,2894,6,5,2,14,11.58,10.67,0,73.3,283.23
Yelahanka,966,1,1,3,20,1.66,7.74,1,49.6,70.48
HSR Layout,896,1,1,1,20,15.68,4.8,2,77.5,118.53
Whitefield,615,3,4,2,17,16.6,,1,70.8,86.79
Indiranagar,1839,4,4,0,15,2.94,7.8,0,44.1,241.25
Koramangala,1592,3,4,1,1,19.74,5.89,0,74.9,237.08
Jayanagar,649,1,2,1,25,16.36,10.41,2,44.8,54.49
Marathahalli,400,1,2,2,11,12.5,9.79,2,83.5,73.29
JP Nagar,1508,3,3,0,28,14.05,6.39,0,79.3,141.57
Marathahalli,1605,3,2,3,0,12.82,11.51,1,69.6,157.44
Koramangala,697,2,3,2,1,1.82,11.45,2,84.9,170.04
Marathahalli,624,1,1,0,13,18.51,11.6,2,56.8,49.81
Indiranagar,1721,2,2,1,26,13.04,2.8,0,66.8,210.73
Jayanagar,3331,6,5,2,6,4.73,1.42,2,40.9,365.37
Bellandur,914,3,2,1,16,17.18,,0,99.3,162.89
Marathahalli,740,2,3,0,14,17.53,8.79,1,43.4,56.47
Yelahanka,1414,4,5,3,16,5.73,3.82,2,46.3,153.63
Jayanagar,1702,3,4,3,8,20.01,6.54,2,69.7,184.21
Electronic City,982,2,2,1,12,11.68,,1,62.6,81.61
Whitefield,3655,6,5,1,1,4.92,,0,71.9,352.7
Indiranagar,1970,4,4,1,26,16.61,6.59,0,90.1,250.98
Hebbal,973,3,3,2,14,15.12,1.09,0,49.5,122.18
Sarjapur Road,500,2,2,0,19,4.67,11.93,2,78.4,101.18
Jayanagar,2479,4,4,1,10,21.87,4.67,0,41.1,230.53
Hebbal,2311,3,4,1,18,21.44,2.62,1,87.4,192.37
Hebbal,1016,2,1,1,13,20.99,5.86,0,88.9,124.58
Hebbal,1455,2,3,3,26,10.28,3.95,3,62.8,154.6
Koramangala,1105,2,3,1,3,20.7,4.82,1,50.4,127.26
JP Nagar,1598,2,2,0,26,21.2,6.84,1,88.7,129.71
Jayanagar,683,2,3,3,29,24.92,,1,94.6,85.86
Indiranagar,631,2,1,0,10,23.96,,1,44.5,83.56
Bellandur,1874,4,4,3,15,9.88,5.29,1,74.8,208.44
Hebbal,2010,5,6,3,22,5.36,1.19,1,96.3,289.46
JP Nagar,916,2,2,2,25,7.67,10.67,1,78.6,155.68
Yelahanka,795,2,1,3,29,12.62,5.83,1,89.2,90.54
Koramangala,2256,5,5,3,1,20.23,11.09,1,53.8,328.33
JP Nagar,810,1,2,0,1,18.21,4.69,3,46.1,94.94
Marathahalli,1237,3,4,0,8,19.8,6.6,0,62.6,117.02
Indiranagar,1154,1,1,1,21,9.81,10.51,1,63.7,168.87
Electronic City,536,1,1,2,26,6.55,5.65,4,87.2,72.66
Koramangala,1334,4,4,3,22,1.09,7.67,0,64.4,256.63
HSR Layout,1264,3,4,2,20,15.84,3.12,1,54.2,135.45
Yelahanka,1463,3,2,1,28,19.98,3.01,1,93.2,133.16
Hebbal,1309,3,2,2,20,22.28,6.6,0,87.0,139.99
Whitefield,3884,6,7,3,3,12.17,7.44,2,80.0,362.6
Koramangala,2273,4,3,0,7,23.23,7.94,1,52.4,230.62
Bellandur,1226,2,1,2,22,5.46,9.27,1,52.3,77.72
Indiranagar,1289,3,4,3,25,13.1,11.09,3,69.5,197.87
Marathahalli,3166,6,5,1,17,5.74,3.03,2,71.9,309.61
Whitefield,1929,4,5,3,14,5.11,7.51,2,55.4,172.38
Whitefield,610,1,2,2,1,23.86,5.43,0,47.4,25.0
Yelahanka,2022,4,4,3,21,20.53,1.25,1,61.8,134.99
JP Nagar,2377,4,5,3,27,0.79,5.55,1,65.7,246.36
Bellandur,2921,6,5,2,10,7.08,,1,43.2,277.35
JP Nagar,962,2,2,2,16,5.53,,2,73.9,129.94
Marathahalli,924,3,3,1,6,4.1,,3,40.1,109.13
Whitefield,715,2,1,3,7,17.59,5.04,0,49.1,48.12
Bellandur,1422,2,2,0,29,14.39,7.92,1,48.8,125.37
Bellandur,1796,3,2,2,9,11.62,9.89,2,81.3,204.57
Sarjapur Road,905,1,1,3,23,5.14,6.59,0,69.2,86.86
Indiranagar,1110,3,2,0,2,7.3,3.79,1,90.2,181.29
Whitefield,400,1,2,0,12,9.22,1.26,1,55.9,49.04
Whitefield,2753,6,7,3,22,19.74,3.61,1,52.6,241.55
Bellandur,507,2,2,3,16,24.74,,0,88.2,63.99
JP Nagar,1475,1,1,3,12,5.01,7.77,2,66.7,133.75
Whitefield,1368,4,5,0,26,8.87,4.78,1,56.5,144.67
Bellandur,1231,3,2,3,18,7.36,4.95,2,65.1,142.76
Whitefield,1246,2,2,2,28,1.58,3.63,2,65.5,149.13
Bellandur,688,1,2,0,21,5.87,4.48,1,74.3,77.99
Sarjapur Road,1002,1,1,2,8,22.59,3.34,2,42.3,74.31
Indiranagar,2045,3,4,2,20,21.15,8.86,1,54.9,216.61
Bellandur,2406,5,6,3,28,4.61,,2,68.0,251.1
Jayanagar,952,1,2,2,15,9.47,8.87,3,72.5,122.59
Whitefield,509,2,1,3,29,8.11,1.07,0,49.5,71.32
Marathahalli,782,1,1,0,4,4.12,7.67,1,51.6,80.65
Indiranagar,3324,6,5,2,8,15.74,8.49,2,83.7,442.51
Sarjapur Road,808,1,1,3,27,14.15,9.38,1,87.1,75.73
Hebbal,1138,1,2,1,8,10.96,9.2,3,44.5,113.15
Bellandur,2615,6,5,3,5,21.46,6.2,2,99.4,295.64
Marathahalli,898,2,2,1,20,15.68,,1,66.0,77.77
Bellandur,1096,2,2,3,9,6.85,1.62,2,75.1,111.45
JP Nagar,1858,5,6,1,17,9.66,0.3,1,75.6,210.5
Whitefield,3077,5,6,2,10,4.18,0.22,1,60.8,306.38
Koramangala,841,1,1,1,23,14.99,11.25,1,72.7,111.15
Yelahanka,2580,6,6,2,27,14.87,7.37,1,75.0,183.73
Electronic City,1028,2,3,2,23,21.82,6.98,2,85.6,70.64
JP Nagar,737,2,1,3,14,21.47,4.64,1,79.7,75.94
Marathahalli,1377,3,3,2,6,21.01,9.62,1,66.8,127.83
JP Nagar,635,1,2,0,13,13.95,2.8,3,51.5,29.41
HSR Layout,1556,3,4,1,7,16.47,,0,41.5,163.38
Bellandur,6000,6,6,3,18,19.5,,1,79.1,528.15
Bellandur,2204,5,6,2,14,2.75,8.55,2,68.7,250.63
Jayanagar,1133,2,2,1,18,7.86,8.54,2,97.9,170.23
Electronic City,2140,4,5,1,17,4.64,3.92,1,45.9,186.93
Electronic City,719,1,2,0,16,13.03,11.22,1,44.4,50.76
HSR Layout,788,1,1,1,2,21.02,6.19,2,50.9,69.42
Whitefield,1150,3,4,3,2,6.15,3.24,2,62.6,148.97
Yelahanka,1259,1,1,3,6,18.41,8.15,0,50.5,81.07
Koramangala,589,1,1,2,27,10.44,9.06,1,67.8,91.64
Hebbal,1014,1,1,2,9,22.63,11.42,1,60.4,88.56
Koramangala,1108,1,1,3,24,15.86,1.06,1,100.0,160.57
Sarjapur Road,2802,5,6,1,27,24.43,6.57,0,98.0,251.32
Jayanagar,589,1,1,1,16,6.52,5.99,1,61.9,84.08
Hebbal,560,1,1,0,14,23.14,3.86,0,87.5,85.09
Sarjapur Road,1322,2,3,2,7,9.25,9.26,1,54.5,120.06
Whitefield,2260,4,3,1,16,15.74,2.49,2,43.5,207.2
Sarjapur Road,1625,3,4,1,2,4.78,4.07,2,42.4,177.58
Sarjapur Road,1417,1,1,2,3,19.11,9.24,0,41.8,91.94
HSR Layout,1024,2,2,3,26,24.47,,0,84.2,86.13
HSR Layout,1741,2,2,1,7,19.79,1.81,0,60.5,165.15
Sarjapur Road,1891,4,4,0,12,15.59,10.75,1,89.4,202.86
JP Nagar,1042,2,1,1,0,11.48,8.82,0,92.4,162.26
Hebbal,712,2,2,1,27,8.96,6.84,2,58.3,89.45
Indiranagar,715,2,1,0,17,10.77,7.39,0,57.3,73.41
Indiranagar,1946,5,4,3,10,8.54,7.59,1,58.5,295.93
Whitefield,513,1,2,0,20,20.9,6.09,1,68.5,71.44
Koramangala,3018,6,6,0,5,22.38,8.99,2,41.0,347.2
Jayanagar,934,3,4,2,15,23.77,8.64,1,40.7,111.55
Electronic City,1423,3,4,1,20,10.75,0.23,0,84.1,104.0
Whitefield,1765,4,5,3,28,13.88,1.5,0,88.5,207.91
Sarjapur Road,824,1,2,1,18,14.63,0.5,1,52.2,55.41
HSR Layout,932,2,3,3,25,16.45,2.19,0,75.6,89.91
Bellandur,1290,2,2,0,22,0.56,1.05,3,53.0,128.35
JP Nagar,750,2,3,2,27,21.15,2.49,0,84.1,85.24
Marathahalli,667,2,1,0,16,7.07,6.55,2,65.2,71.15
HSR Layout,701,2,1,1,17,12.07,8.1,2,89.4,125.55
Indiranagar,2333,4,4,2,10,21.12,11.04,1,96.9,296.63
Jayanagar,1494,4,3,2,13,24.92,8.92,1,73.3,183.02
Hebbal,776,2,3,1,11,19.97,0.57,1,94.0,98.79
HSR Layout,1939,4,3,3,24,1.11,5.73,0,42.0,205.36
JP Nagar,800,1,2,2,29,9.53,8.17,1,67.8,104.39
Hebbal,410,1,1,3,19,6.56,,2,70.2,79.15
Electronic City,1760,5,4,3,23,24.12,4.55,3,64.9,153.22
Sarjapur Road,2968,4,3,3,24,6.97,9.67,1,58.9,235.11
Bellandur,1631,4,3,2,6,23.61,0.76,1,83.4,177.26
Indiranagar,425,1,1,0,16,23.47,6.57,0,73.2,41.26
Indiranagar,1185,4,4,2,4,21.07,9.69,1,44.9,139.69
Jayanagar,1032,2,1,0,21,2.9,9.61,0,97.0,162.12
Yelahanka,1477,3,3,2,13,0.55,1.62,1,93.3,133.44
Koramangala,753,2,3,0,26,19.95,,0,61.2,78.44
Electronic City,999,2,2,0,23,21.16,1.11,1,54.8,69.82
Indiranagar,550,2,1,2,25,24.07,11.1,1,77.7,63.28
Koramangala,1356,1,2,3,12,5.85,,1,42.6,135.95
Indiranagar,561,1,1,3,23,18.46,1.56,0,69.8,79.77
Hebbal,1526,3,2,0,28,13.22,1.07,2,80.4,131.81
Sarjapur Road,794,2,1,1,11,8.55,4.25,1,64.4,79.71
Koramangala,400,1,1,1,13,15.35,,0,98.3,89.45
JP Nagar,1857,3,2,2,24,13.93,6.41,2,83.1,177.74
Yelahanka,1575,3,4,2,8,7.66,8.85,0,96.0,152.77
Sarjapur Road,2526,4,5,2,3,7.08,6.22,0,94.5,294.39
JP Nagar,400,1,2,1,21,12.42,11.75,3,47.9,56.87
Bellandur,837,1,1,3,18,12.11,2.68,1,80.1,110.55
Electronic City,1290,2,3,2,0,7.9,2.68,1,75.8,123.75
Electronic City,1643,2,3,2,28,6.96,8.52,2,43.3,148.4
Marathahalli,537,1,2,3,12,23.88,3.91,0,59.1,34.37
Marathahalli,1521,3,4,0,5,21.63,,2,72.1,156.92
Koramangala,876,3,3,2,0,20.51,9.55,0,72.9,152.81
Hebbal,433,1,1,1,24,5.75,2.87,1,88.8,67.13
Electronic City,794,2,1,1,26,5.14,9.04,3,75.3,65.73
Jayanagar,1592,3,4,2,21,20.33,,1,68.0,174.4
Koramangala,443,1,1,1,16,5.02,11.29,0,85.1,88.95
Marathahalli,1704,3,4,3,26,12.84,3.68,1,74.3,138.01
Bellandur,1402,3,4,0,28,5.92,9.05,0,93.0,158.02
Indiranagar,1044,3,4,0,2,9.76,10.13,2,94.3,234.65
JP Nagar,488,1,1,2,16,21.41,1.65,2,76.3,42.57
Hebbal,510,1,1,2,1,22.34,1.0,2,73.9,84.28
