location,property_type,bedrooms,bathrooms,area_sqft,age_years,floor,parking_spaces,metro_distance_km,clubhouse,swimming_pool,gym,security_rating,price_inr
Sector 89,Apartment,3,4,2199,12,20,2,3.05,1,1,0,5,45127167
Sohna Road,Villa,2,3,1246,24,5,3,6.36,1,0,1,2,22401617
Golf Course Extension Road,Builder Floor,1,2,633,8,41,2,9.4,1,0,1,3,28080166
Sector 83,Apartment,4,4,3385,13,32,2,9.47,1,0,1,1,61408315
Sector 89,Apartment,3,3,1540,0,27,4,0.1,1,0,1,2,29451832
Golf Course Road,Apartment,3,4,1556,8,4,1,13.82,1,1,1,1,54993949
Sector 92,Apartment,5,5,3600,3,41,3,12.36,1,1,1,3,69045949
New Gurgaon,Villa,3,4,1622,11,7,2,14.46,0,1,1,2,24786064
Sector 54,Apartment,3,4,2473,23,14,2,5.46,1,1,1,2,43154577
DLF Phase 5,Builder Floor,4,4,2960,13,39,3,10.01,0,0,1,2,73560012
Sector 83,Apartment,2,2,1096,8,24,2,2.6,1,0,0,4,15683891
Golf Course Extension Road,Penthouse,3,4,1039,2,18,2,12.27,1,1,1,2,38497505
DLF Phase 5,Builder Floor,5,5,1983,5,38,2,2.5,1,1,1,2,63616221
Sector 54,Apartment,5,6,2662,2,39,0,4.96,1,0,1,3,54129607
Sector 82,Apartment,4,5,2626,0,40,2,7.41,1,1,1,3,61189957
DLF Phase 3,Apartment,3,4,2262,21,1,1,8.96,0,1,1,4,51811104
DLF Phase 5,Apartment,4,5,2278,20,17,3,8.44,1,1,1,2,60107732
South City 1,Apartment,1,1,475,2,26,1,1.62,1,1,1,5,11593607
New Gurgaon,Apartment,2,3,1160,13,22,2,6.38,0,0,0,1,23611352
DLF Phase 5,Apartment,3,4,1808,19,39,3,13.85,0,1,0,2,51886742
Sector 57,Apartment,3,4,2348,1,18,3,13.1,1,0,1,4,42867255
Sector 82,Apartment,2,2,1549,11,38,2,8.9,1,1,1,5,31583701
DLF Phase 3,Apartment,3,4,1379,9,28,2,8.63,0,0,0,3,34411653
Golf Course Road,Apartment,2,3,1327,12,21,1,1.76,0,0,1,1,49171448
Sector 84,Apartment,3,3,1441,19,38,1,3.08,1,0,1,4,27206925
New Gurgaon,Builder Floor,4,5,1937,3,33,1,3.86,0,0,1,3,42289981
Sohna Road,Apartment,3,4,2236,18,30,3,7.37,1,0,0,2,45108390
New Gurgaon,Apartment,2,3,1144,21,42,1,11.0,1,1,0,4,14898508
Sector 54,Apartment,3,4,2068,0,8,2,6.96,0,1,0,2,38373278
Golf Course Road,Apartment,3,3,2024,24,30,1,1.98,1,0,1,4,51984661
Sohna Road,Apartment,3,3,1766,10,39,2,6.65,1,1,0,4,36215218
Sector 56,Apartment,3,3,1939,15,9,2,2.52,1,1,1,2,40350257
DLF Phase 3,Apartment,3,4,1885,18,33,3,11.29,1,0,1,4,42888463
South City 1,Villa,5,5,2194,18,43,1,2.58,1,1,1,3,47001541
Sector 70,Penthouse,2,2,1336,11,29,1,7.29,1,1,1,3,25955058
South City 1,Builder Floor,3,4,1503,2,31,1,10.43,1,1,1,1,32040277
Sector 70,Apartment,3,3,1350,22,3,1,3.5,0,1,0,1,27374293
Sector 56,Apartment,3,3,2158,23,38,2,1.23,0,0,1,4,40006711
Sector 65,Builder Floor,2,2,1034,17,11,1,8.49,1,0,0,3,17076217
Golf Course Road,Apartment,2,3,1510,16,5,1,0.91,1,1,0,2,48709550
Sector 65,Apartment,2,3,1507,4,31,3,8.86,0,0,1,4,23826986
South City 1,Apartment,5,5,2666,15,20,2,11.33,1,1,0,2,44530692
Sector 70,Apartment,4,4,2998,23,4,1,5.01,1,0,1,5,53192858
DLF Phase 2,Villa,3,4,1636,13,8,1,7.38,0,0,1,1,35747813
Sector 57,Apartment,4,5,2361,18,42,1,13.94,0,0,1,4,39879338
Sector 56,Builder Floor,2,3,1338,5,35,2,7.12,0,1,0,4,24059081
Sector 84,Apartment,4,5,3542,2,13,2,14.95,1,1,1,2,63275040
Sector 84,Apartment,3,3,2195,5,5,2,2.44,1,0,0,1,39620226
DLF Phase 3,Apartment,2,3,1183,11,40,1,10.66,0,1,0,2,31202525
Sector 89,Apartment,4,4,2457,19,19,2,9.82,1,0,1,2,45752105
DLF Phase 1,Penthouse,4,5,1513,10,18,2,13.1,1,0,1,1,32651029
Sector 65,Builder Floor,4,5,2962,6,33,2,1.48,1,0,1,5,53819103
Golf Course Extension Road,Villa,2,3,1451,0,4,3,4.28,0,1,0,3,37549964
DLF Phase 4,Villa,5,6,3198,15,18,1,2.07,1,1,1,3,76986975
Sector 56,Apartment,5,5,3502,15,24,1,14.0,0,1,0,5,58240344
Sector 67,Villa,3,3,949,16,43,3,6.46,0,0,1,1,23657770
DLF Phase 2,Apartment,2,2,897,14,29,1,13.66,0,1,0,4,16948287
Sector 56,Apartment,2,3,1704,20,31,1,4.49,0,1,1,1,32331658
New Gurgaon,Apartment,5,5,2819,8,28,2,1.98,1,0,1,2,57222688
Palam Vihar,Apartment,3,4,2118,4,9,2,4.52,1,0,1,1,40166913
DLF Phase 4,Apartment,3,4,1486,19,26,3,9.0,1,1,0,3,47247062
Sector 85,Apartment,2,2,1076,7,2,1,12.69,0,0,1,4,19669141
DLF Phase 5,Builder Floor,2,3,1719,20,6,1,5.84,1,1,1,5,47401191
Sector 89,Apartment,3,4,1733,0,29,1,13.73,1,0,1,1,28456040
DLF Phase 2,Apartment,3,3,2019,6,26,2,3.74,1,1,0,4,38615176
Sector 65,Apartment,5,6,3091,10,28,1,10.43,0,0,1,4,55533400
Sector 84,Apartment,3,4,1903,19,7,2,11.06,1,0,0,3,31761940
Sector 56,Builder Floor,4,4,2518,20,34,0,4.18,0,1,0,2,43755646
DLF Phase 2,Apartment,2,2,646,12,10,1,0.5,1,1,0,4,17351360
Golf Course Road,Penthouse,2,3,1333,21,41,2,5.54,1,1,0,4,43404556
Sohna Road,Builder Floor,3,3,1574,12,40,4,0.77,1,0,1,1,28126970
Sector 89,Apartment,2,3,1698,6,22,3,13.52,1,0,1,5,25517564
Sector 54,Apartment,2,2,983,10,27,4,14.31,0,1,1,1,19706597
Sector 65,Builder Floor,5,6,2669,17,39,2,11.06,0,0,1,3,52814142
Sector 57,Builder Floor,3,3,2827,0,22,0,10.93,0,1,1,4,47902147
DLF Phase 2,Builder Floor,2,2,1402,11,19,1,3.69,1,1,1,2,24891094
Sohna Road,Builder Floor,2,3,924,2,36,2,1.2,0,1,1,4,24408070
Sector 54,Apartment,2,2,1249,0,9,1,12.05,1,1,1,2,23690111
New Gurgaon,Apartment,5,5,2145,3,19,1,8.43,0,0,1,2,45584555
DLF Phase 4,Apartment,2,3,1272,5,2,1,10.26,0,1,1,2,39690401
Sector 56,Villa,2,2,974,4,28,2,11.72,0,1,0,5,16504587
New Gurgaon,Builder Floor,3,3,2583,10,39,1,6.2,1,1,1,1,46956545
Sector 92,Apartment,2,2,1317,19,22,1,2.25,1,0,0,3,23877339
Sector 83,Apartment,2,3,1347,22,6,2,11.95,1,0,1,5,21835578
Sohna Road,Apartment,2,2,1465,12,7,1,6.86,0,1,1,5,25553938
DLF Phase 4,Apartment,2,3,1497,10,6,2,12.42,0,1,1,2,37345174
Sector 56,Builder Floor,2,3,1007,5,33,2,6.62,1,1,1,5,24955290
Sector 65,Builder Floor,1,1,613,18,14,1,3.33,0,1,1,3,11286424
Sector 70,Villa,4,5,2150,24,1,3,2.65,0,1,1,3,42276813
Sector 83,Apartment,2,3,1786,14,25,0,11.18,0,0,1,4,29868081
Palam Vihar,Apartment,4,5,1120,20,6,2,8.67,1,0,1,5,27891240
Sector 85,Builder Floor,4,5,2077,12,28,2,6.13,1,1,1,4,38029002
New Gurgaon,Builder Floor,3,3,1766,9,18,4,7.43,0,1,1,3,42701647
Palam Vihar,Apartment,2,2,1238,0,27,2,8.29,1,1,1,5,27860344
New Gurgaon,Builder Floor,2,2,1232,12,2,1,3.67,1,1,0,2,24310490
Sector 65,Apartment,4,5,2374,5,40,2,5.73,1,1,0,2,52438012
Sector 85,Apartment,3,4,1731,20,21,1,4.46,0,0,1,5,33599253
Golf Course Extension Road,Apartment,3,3,1901,23,23,2,5.89,1,1,1,4,52861442
Sector 92,Apartment,1,2,664,19,2,1,7.56,1,0,1,4,17868861
South City 1,Apartment,5,5,4253,11,16,2,2.68,0,0,1,2,79336904
Golf Course Extension Road,Apartment,2,3,1698,16,4,1,5.96,1,0,0,4,41495390
Sector 57,Builder Floor,3,3,1926,17,34,2,5.84,1,1,1,2,35591508
DLF Phase 1,Apartment,3,3,1591,23,5,2,4.36,1,1,1,1,29029321
Golf Course Road,Apartment,1,1,540,7,34,1,14.98,0,1,1,2,33284208
Golf Course Road,Villa,3,4,1248,13,22,3,1.2,0,0,1,1,45623034
Palam Vihar,Apartment,4,4,2933,4,20,2,9.68,1,0,1,5,54025445
Sector 65,Apartment,4,5,2374,21,39,1,2.7,1,0,1,1,37992671
Palam Vihar,Builder Floor,4,5,2644,1,13,0,12.61,1,0,0,3,46048514
Sector 65,Apartment,3,3,1940,24,44,2,13.72,1,0,1,4,33798442
Sector 56,Apartment,3,3,1506,21,34,1,6.08,1,0,0,1,29212757
South City 1,Apartment,2,3,970,24,44,3,12.37,1,0,1,3,20551217
Golf Course Road,Apartment,3,4,1609,10,6,0,3.82,0,0,0,3,53224849
Sector 84,Villa,2,2,1336,2,29,0,2.19,1,1,1,4,25432780
Sector 89,Builder Floor,3,3,1766,21,33,3,4.81,1,1,1,2,31633162
Sector 85,Builder Floor,2,3,705,15,1,4,5.19,0,1,1,3,14477557
Golf Course Road,Villa,3,3,1369,20,7,0,6.02,0,1,1,1,53819086
Sector 89,Builder Floor,3,3,1687,15,22,2,5.66,0,1,1,4,31155696
Sector 56,Apartment,4,4,2382,8,32,1,6.23,1,0,1,1,46406450
Sohna Road,Villa,3,3,2016,12,14,2,10.68,0,1,1,2,35530092
New Gurgaon,Apartment,5,6,3027,9,24,3,3.76,1,1,1,4,62041013
Golf Course Road,Builder Floor,4,5,2196,16,19,1,0.38,1,0,0,3,62159096
New Gurgaon,Villa,3,3,1633,24,27,1,7.4,1,1,0,1,27628880
Golf Course Extension Road,Apartment,3,3,1884,20,23,0,6.78,1,1,0,1,46606583
DLF Phase 1,Apartment,2,3,1317,16,21,0,0.99,1,0,1,3,22821402
Sector 85,Apartment,4,5,2215,9,44,0,2.09,0,1,1,3,46152182
Sector 92,Apartment,3,4,1347,7,29,3,7.7,1,1,1,2,30947029
Sector 65,Builder Floor,5,6,2930,6,1,1,3.6,1,1,1,2,58207070
Sector 83,Villa,3,4,1527,13,31,2,13.18,0,0,1,3,28154028
Sector 56,Apartment,4,4,2561,21,27,3,2.68,0,1,1,4,47358865
Sector 56,Apartment,4,4,3229,17,44,2,0.4,1,0,1,3,60575102
Sector 70,Apartment,3,4,1232,20,36,2,6.77,0,1,0,3,26349776
Sector 92,Apartment,2,3,1522,18,27,0,14.79,1,1,1,5,30849864
Sector 56,Apartment,3,3,1996,17,15,2,9.54,1,1,1,4,32907194
Sector 56,Apartment,3,4,2263,13,25,1,5.38,0,0,1,4,36510045
Sector 54,Villa,2,3,1077,9,15,3,0.35,1,0,1,2,22031313
South City 1,Apartment,4,4,1590,0,40,1,7.33,1,0,0,2,33755583
DLF Phase 2,Apartment,3,3,1875,8,19,2,3.18,0,1,0,2,35351451
Sector 92,Builder Floor,5,5,3979,17,11,2,9.75,1,0,1,1,74173701
Sohna Road,Apartment,4,4,1806,12,41,2,8.79,1,1,1,4,38533380
South City 1,Penthouse,3,4,1417,16,33,1,4.05,0,0,0,5,28787288
Golf Course Extension Road,Penthouse,5,5,3411,22,41,1,1.13,0,1,0,2,71919994
Sohna Road,Apartment,3,4,1584,24,23,3,11.35,1,0,0,2,28226846
DLF Phase 1,Apartment,4,5,3333,21,12,0,8.82,1,0,1,2,57732275
New Gurgaon,Apartment,3,4,2073,15,2,1,12.65,1,1,1,2,36847777
DLF Phase 2,Apartment,3,4,1497,23,43,2,3.97,0,1,1,2,29471665
Sector 85,Apartment,3,3,1562,10,21,3,9.83,1,1,1,1,32076578
Sector 82,Apartment,3,4,1579,22,14,1,1.87,0,1,0,5,33385557
DLF Phase 1,Apartment,3,4,1781,8,34,2,4.45,1,1,0,4,38564164
DLF Phase 5,Apartment,3,4,1927,6,15,2,9.88,1,0,1,5,56478868
DLF Phase 2,Apartment,2,2,1264,21,21,1,12.4,1,0,1,3,24788493
Sector 92,Villa,5,5,2212,0,23,2,4.88,0,1,1,4,48863067
DLF Phase 3,Apartment,3,3,2178,8,21,3,12.0,1,1,1,2,47553652
Sector 89,Apartment,3,3,1678,9,14,4,10.2,0,1,0,3,27368818
Sector 85,Apartment,3,3,1410,15,21,0,5.3,0,1,1,3,31780316
Palam Vihar,Penthouse,4,5,2140,20,12,2,13.16,1,0,1,3,38509725
Sector 85,Apartment,5,5,3710,17,42,2,7.69,1,1,0,3,69447513
Sector 70,Builder Floor,3,4,1879,13,5,0,9.76,1,0,0,2,38342319
Sohna Road,Builder Floor,2,2,1277,10,2,2,7.48,1,1,1,3,21742268
Sector 65,Apartment,3,4,1308,23,22,1,6.85,1,0,0,5,23261468
New Gurgaon,Builder Floor,3,3,1855,3,6,1,12.73,1,0,1,2,37370356
Sector 56,Apartment,4,5,2958,18,44,1,4.49,1,0,1,3,54919810
South City 1,Builder Floor,3,3,1042,12,2,1,0.65,0,0,0,3,21997805
Sector 92,Builder Floor,5,6,2727,0,29,2,13.21,1,0,1,5,55726963
Sector 84,Apartment,3,4,2061,20,36,1,12.39,1,0,1,1,37841235
Sector 54,Apartment,5,6,3110,18,7,2,5.56,1,1,0,1,60886866
DLF Phase 2,Builder Floor,1,2,457,14,16,1,2.86,1,1,1,5,15325649
DLF Phase 4,Apartment,4,5,2623,19,33,2,10.17,0,0,1,1,59783635
DLF Phase 1,Apartment,5,6,2182,14,33,3,1.27,0,1,0,4,50132651
Sector 82,Apartment,5,5,2392,24,14,1,6.41,1,1,0,4,52668657
Sector 67,Apartment,1,1,493,10,43,2,1.38,0,1,1,4,12614393
Sohna Road,Builder Floor,2,3,1632,22,12,2,9.01,1,1,1,1,32427749
DLF Phase 4,Apartment,3,4,1098,4,43,2,0.51,0,1,1,4,41434788
Sector 56,Apartment,1,2,450,23,6,1,9.48,1,0,0,4,7591348
Sector 89,Apartment,2,3,1279,21,12,2,10.13,0,0,1,1,22897516
Sector 85,Builder Floor,2,3,1229,9,31,0,7.36,1,0,1,5,24426863
DLF Phase 5,Apartment,3,4,1602,17,12,1,2.71,0,0,1,2,46573211
Sector 89,Builder Floor,3,4,1805,6,10,2,1.61,1,1,1,4,34185822
South City 1,Apartment,1,1,450,0,40,0,4.77,0,0,1,1,12166247
Palam Vihar,Villa,2,3,1225,2,27,2,7.03,1,1,1,2,28011232
Sector 83,Apartment,3,4,1888,0,7,2,9.67,1,1,0,2,32001206
DLF Phase 1,Apartment,3,3,2310,16,36,3,0.12,1,1,1,3,45191819
Sector 65,Apartment,2,2,1734,14,33,1,10.69,1,1,1,2,30634477
DLF Phase 2,Villa,3,4,1687,4,27,4,10.72,1,0,1,4,32796642
New Gurgaon,Villa,4,4,1686,21,8,2,6.72,1,1,1,5,36277199
Sohna Road,Apartment,5,5,3269,15,5,1,5.22,1,1,1,4,58613098
Sector 85,Builder Floor,5,5,2906,11,8,1,12.65,1,0,1,3,53338328
Sector 83,Builder Floor,4,5,2300,18,40,2,11.79,0,0,1,2,39670816
DLF Phase 5,Apartment,3,4,1123,13,21,3,14.75,1,0,0,3,43839545
Palam Vihar,Apartment,3,3,1841,2,24,2,5.64,1,1,0,4,35762021
Sector 67,Apartment,3,4,1977,18,7,2,13.61,1,0,1,4,34067868
Sector 89,Apartment,3,4,2217,0,19,1,1.4,1,1,1,4,41910750
DLF Phase 3,Villa,2,3,1058,20,31,1,6.23,0,1,1,5,32512906
Sohna Road,Villa,3,3,1453,0,36,1,7.03,1,0,0,4,32079697
Sector 65,Builder Floor,3,3,1584,9,27,2,6.67,1,1,1,4,31229655
DLF Phase 2,Apartment,1,1,730,2,29,1,9.41,1,0,0,2,14241462
Sector 54,Apartment,4,4,3176,12,23,1,2.64,1,0,1,5,49154291
Sector 65,Builder Floor,1,2,756,5,20,1,13.01,0,0,1,2,10120672
Sector 85,Villa,2,3,1381,10,6,3,8.32,1,1,1,3,30387976
Sector 67,Villa,1,2,595,5,12,2,13.57,1,1,1,1,10843414
DLF Phase 5,Builder Floor,3,3,1851,2,12,1,0.14,0,0,1,2,50830361
Palam Vihar,Builder Floor,2,2,1275,15,3,3,9.49,1,0,0,5,28422476
Sector 65,Apartment,4,5,2258,8,42,1,6.25,1,1,1,2,40014692
DLF Phase 2,Apartment,3,3,2173,7,39,0,7.63,0,1,1,1,35235965
DLF Phase 5,Villa,3,3,1105,2,35,1,11.18,0,0,1,2,38811348
Golf Course Extension Road,Apartment,3,4,1183,4,19,1,3.48,1,1,1,1,37136689
Sector 65,Apartment,3,3,1105,20,4,1,3.15,0,1,1,5,27775938
Sector 83,Apartment,4,4,1950,13,31,2,10.57,1,0,1,2,37473034
South City 1,Builder Floor,3,4,2365,4,42,2,7.87,1,0,1,5,51339741
Sohna Road,Apartment,4,4,1734,18,38,2,3.58,1,0,1,5,30405607
Sector 57,Apartment,4,5,1754,4,33,2,7.31,1,1,0,3,41025825
Sector 82,Apartment,4,5,1937,20,6,3,6.95,1,0,1,3,37497653
DLF Phase 5,Builder Floor,3,3,2265,19,8,1,10.4,1,1,0,2,55625805
Sector 67,Builder Floor,2,3,1601,19,28,2,0.14,1,1,0,2,27731732
DLF Phase 5,Apartment,3,3,2226,1,15,2,8.84,1,1,1,5,59730383
Sector 54,Builder Floor,3,3,2252,24,31,3,9.12,1,0,0,3,41075685
Sector 56,Apartment,3,3,2493,6,8,1,11.21,1,1,0,2,41822291
Sector 92,Apartment,4,4,1393,0,6,1,13.35,1,1,0,2,31105249
Sector 67,Builder Floor,4,4,1714,20,29,2,6.66,1,1,1,2,38235215
Sector 57,Builder Floor,4,4,2007,17,34,2,5.2,1,1,0,3,33308394
New Gurgaon,Villa,2,2,1229,9,7,1,1.62,0,1,1,2,29915620
Sector 70,Builder Floor,1,1,614,5,40,2,5.12,1,1,1,5,17412852
Sector 85,Apartment,2,2,1232,6,10,1,1.12,0,0,1,2,25218457
Sector 82,Apartment,4,5,2867,11,13,4,12.06,0,0,0,4,53092140
Sector 56,Apartment,4,5,1326,17,22,1,12.12,1,1,1,1,29582474
Golf Course Extension Road,Apartment,3,3,1741,10,21,1,6.32,1,1,1,5,44684287
Sohna Road,Apartment,3,3,1911,21,1,0,3.97,1,0,1,2,36772196
DLF Phase 3,Penthouse,4,4,2217,18,41,2,1.86,1,1,1,4,53358046
Sector 82,Apartment,5,6,3132,24,42,1,12.78,1,1,0,3,53751383
Sector 83,Villa,4,5,2972,3,2,2,13.17,1,0,1,5,59026671
DLF Phase 4,Builder Floor,3,3,1826,18,29,3,4.07,1,1,0,5,47504019
New Gurgaon,Builder Floor,3,3,2697,12,11,1,9.36,0,0,1,2,48165838
Golf Course Road,Apartment,2,2,1466,18,37,2,3.95,1,1,0,3,47825307
DLF Phase 1,Apartment,3,4,1911,1,7,0,3.45,1,0,1,2,39395168
DLF Phase 4,Apartment,3,3,2011,8,35,1,0.42,1,1,1,4,51622190
Sector 54,Apartment,2,3,1408,7,30,1,8.7,1,0,1,1,22899932
Sector 65,Builder Floor,4,5,3343,20,16,1,2.33,1,0,1,3,61619238
DLF Phase 5,Apartment,3,3,2293,13,15,2,0.28,1,0,1,1,64472458
South City 1,Apartment,5,6,3359,8,40,1,1.66,1,1,0,4,68124298
New Gurgaon,Builder Floor,2,2,995,12,20,3,4.78,0,0,1,5,21135851
Sector 83,Apartment,3,4,1974,17,28,2,10.07,1,1,1,4,33522645
Sector 67,Villa,3,4,2043,5,37,2,3.12,1,0,1,1,32927552
Sector 67,Villa,2,2,1417,22,3,3,13.33,1,1,1,3,29812827
Sector 84,Villa,3,3,1491,21,29,3,4.4,1,1,0,2,27376000
Golf Course Extension Road,Apartment,2,3,1406,2,37,2,5.04,1,0,1,1,43444905
Sohna Road,Apartment,2,3,1424,9,9,2,3.35,1,0,1,3,29295429
Sector 67,Villa,2,3,861,9,27,1,3.88,0,0,1,1,11476643
South City 1,Apartment,2,2,863,9,32,2,1.2,1,1,1,5,19799690
Sector 83,Penthouse,4,4,3026,8,39,2,4.49,1,1,1,5,58190076
DLF Phase 4,Penthouse,1,1,480,11,31,3,12.91,1,0,1,2,18490850
Sohna Road,Villa,3,3,2445,23,26,1,10.36,0,1,1,5,40246672
Sector 83,Apartment,4,5,2243,7,40,1,13.14,1,0,1,4,40245200
New Gurgaon,Apartment,3,4,1961,23,3,1,1.66,0,0,1,2,39488265
Sector 56,Villa,5,6,3235,8,11,3,6.89,1,1,1,1,59653774
Sector 65,Apartment,3,4,1499,16,29,1,3.52,1,0,1,4,31690923
Sector 65,Apartment,4,5,3178,7,27,2,10.85,0,1,1,3,54912652
DLF Phase 5,Apartment,2,2,1122,17,10,2,14.56,0,1,0,1,34319080
Sector 83,Villa,4,4,2432,19,35,1,12.25,1,0,1,5,43870337
DLF Phase 1,Builder Floor,4,5,1289,16,23,2,0.63,1,1,0,1,30610618
Sector 57,Apartment,3,4,1238,5,6,2,4.82,1,1,1,5,29182948
Sector 65,Apartment,2,3,1515,9,11,1,0.53,1,0,1,4,24292510
DLF Phase 5,Apartment,3,4,1797,0,43,2,0.7,1,0,0,4,57989666
Palam Vihar,Penthouse,4,5,2072,20,27,4,1.28,1,0,1,4,46857004
Sector 92,Apartment,3,4,1560,24,31,4,4.22,1,1,1,2,31556520
Palam Vihar,Apartment,4,5,2707,0,30,2,4.63,1,1,1,5,53483876
DLF Phase 3,Villa,2,3,1552,8,3,2,6.07,0,1,0,1,41259127
DLF Phase 5,Builder Floor,4,4,2085,19,13,1,6.13,0,1,1,1,58980431
DLF Phase 2,Builder Floor,2,3,1506,2,40,4,11.59,0,1,0,1,27712861
Sector 70,Builder Floor,2,3,1155,23,21,1,2.21,1,0,0,2,19537012
DLF Phase 2,Apartment,3,3,2010,5,43,2,2.45,1,1,0,2,38910244
Sector 67,Apartment,2,2,702,6,11,0,9.44,0,0,0,5,9178714
Golf Course Extension Road,Builder Floor,1,2,450,8,3,1,8.62,1,0,1,2,22109400
Sector 56,Builder Floor,2,2,1429,4,38,1,2.39,1,1,1,4,32932319
Sector 67,Villa,3,3,1915,15,31,2,12.8,0,1,1,1,27535097
Sector 83,Villa,4,5,2626,1,24,2,5.0,0,1,1,4,44687318
Sector 70,Apartment,4,4,1795,2,42,2,5.57,1,0,1,2,40807873
Sector 54,Apartment,3,4,1622,2,12,1,6.36,0,1,0,1,38827729
Sector 56,Builder Floor,1,2,450,19,43,3,4.91,0,1,1,3,15164042
Golf Course Road,Builder Floor,3,4,1444,22,27,0,8.41,0,1,1,4,48846423
DLF Phase 4,Builder Floor,3,3,1790,9,21,1,5.89,1,1,0,3,51413702
New Gurgaon,Builder Floor,2,2,1291,21,25,2,3.97,0,0,1,5,26775699
DLF Phase 1,Villa,2,3,1000,2,30,3,13.58,0,1,1,4,16763390
Golf Course Extension Road,Apartment,2,3,1354,14,30,1,4.69,1,1,0,1,31538924
Sector 57,Apartment,4,4,2378,13,10,2,10.51,0,0,0,1,42264314
Sohna Road,Apartment,3,4,1705,22,3,2,5.27,1,0,1,3,29637029
DLF Phase 5,Apartment,4,4,2446,3,13,3,6.58,0,0,1,1,65760635
Sector 89,Apartment,2,2,1787,9,27,1,3.62,0,1,1,4,31007340
Sector 56,Apartment,2,2,1154,10,18,2,11.31,1,0,1,2,26770224
Sector 54,Apartment,3,3,2199,10,24,1,11.08,0,0,1,2,40402988
Sector 82,Apartment,3,3,2029,7,14,0,0.43,0,0,1,1,37131920
Golf Course Road,Apartment,1,1,565,22,39,1,1.0,1,0,1,5,26409895
Sector 82,Apartment,2,3,765,22,44,4,13.84,0,0,1,4,15878960
DLF Phase 5,Apartment,2,3,1024,8,4,1,13.34,1,0,1,5,39290750
Sector 89,Builder Floor,2,2,1221,7,16,3,7.64,0,1,1,3,23109393
Palam Vihar,Apartment,3,3,1755,11,10,1,7.45,0,0,0,1,29887673
Sector 89,Apartment,5,6,3907,16,37,3,12.21,0,1,0,3,67553873
Sector 56,Apartment,3,4,1491,22,27,2,2.16,1,1,1,5,35380773
Sector 65,Builder Floor,3,4,1738,14,1,1,9.84,1,1,1,4,37746063
Palam Vihar,Apartment,3,4,2025,18,5,2,7.19,1,0,1,5,36695413
DLF Phase 4,Builder Floor,2,3,1122,19,13,1,11.18,1,1,1,2,36772636
Sector 85,Apartment,1,2,736,5,3,1,0.55,1,1,1,5,18197411
Sector 83,Apartment,3,4,1343,4,17,2,8.93,1,0,0,5,25177758
Sohna Road,Apartment,3,4,1161,7,19,2,8.4,1,0,1,5,24426444
DLF Phase 4,Apartment,2,2,1119,17,37,2,12.63,1,0,1,5,39359152
South City 1,Builder Floor,4,5,2360,20,5,3,10.18,1,0,1,4,41585729
Sector 65,Builder Floor,3,3,1891,20,42,1,13.21,1,1,1,1,31439505
DLF Phase 2,Penthouse,2,3,1238,14,44,3,13.32,1,0,0,4,21921108
DLF Phase 4,Apartment,2,3,1085,2,24,3,6.18,0,1,1,3,37747309
DLF Phase 5,Apartment,3,4,1166,13,43,0,2.15,1,1,1,2,41334775
DLF Phase 3,Builder Floor,4,5,2333,14,33,0,9.49,1,0,0,1,51947074
Sector 57,Apartment,2,3,909,12,21,2,13.12,0,0,1,2,11237236
New Gurgaon,Apartment,2,2,1219,20,3,2,1.22,1,1,1,2,25157276
Sector 85,Apartment,3,4,1334,19,4,1,8.41,1,1,1,1,26293383
Sector 54,Apartment,2,2,1306,20,32,1,1.81,1,0,0,1,18439075
DLF Phase 3,Penthouse,3,3,2500,8,24,2,0.5,0,1,1,3,54193614
South City 1,Builder Floor,3,4,1495,22,35,2,10.23,0,1,1,4,22078333
DLF Phase 2,Builder Floor,2,2,845,16,18,1,10.26,0,1,1,1,12039030
Sector 57,Apartment,1,2,760,18,3,3,9.05,0,0,1,3,7323935
Sector 70,Apartment,3,4,2542,24,39,2,12.9,1,1,1,5,50765171
DLF Phase 4,Apartment,2,3,851,3,26,1,1.31,1,1,0,1,35616301
Sector 57,Apartment,2,2,1174,19,24,2,1.67,1,0,1,4,22635043
Sector 67,Apartment,4,5,2672,9,1,1,12.98,0,0,0,5,45764568
Sector 85,Builder Floor,2,2,1127,21,34,2,7.6,0,1,1,5,21488070
Sector 82,Builder Floor,3,4,1064,2,12,1,4.17,1,0,0,5,26176393
Sector 56,Apartment,2,3,815,18,17,0,11.1,1,0,0,5,17853210
Sector 83,Villa,3,3,1267,8,21,1,13.43,1,1,1,2,24451936
Sector 65,Builder Floor,2,2,908,4,21,1,10.38,1,1,1,4,17684204
Sector 92,Apartment,5,5,3060,13,3,2,11.9,1,1,1,3,55727642
DLF Phase 5,Apartment,3,3,2261,6,44,2,4.31,0,0,1,1,58209337
DLF Phase 2,Apartment,2,2,819,20,28,1,4.4,1,0,1,3,16658416
Sector 56,Apartment,3,3,1469,5,25,0,12.98,0,1,0,2,31737448
DLF Phase 1,Apartment,3,4,1333,23,44,3,9.26,1,1,1,5,31180110
Golf Course Extension Road,Builder Floor,3,3,1921,7,6,0,3.59,1,1,1,1,48123049
Sector 84,Apartment,4,5,1939,1,42,1,7.91,1,0,1,4,48376408
Sector 83,Apartment,3,4,1375,24,30,2,10.32,0,1,0,1,26695422
DLF Phase 3,Apartment,2,3,752,13,32,3,3.36,1,1,1,1,29394584
Sector 70,Apartment,3,4,2371,21,22,3,9.86,0,0,1,3,43334408
Sector 56,Villa,1,2,906,6,38,2,0.73,0,0,1,5,21756843
Palam Vihar,Builder Floor,4,4,2447,2,14,1,4.63,1,1,1,4,51660680
Golf Course Extension Road,Apartment,3,4,2423,19,34,2,10.14,1,1,0,1,52146076
Sector 84,Apartment,2,3,1041,21,43,1,2.33,1,0,1,2,18911912
Golf Course Road,Apartment,2,3,1199,22,26,1,3.41,1,1,0,2,40098804
South City 1,Apartment,4,4,2764,5,40,2,13.2,0,0,1,5,52282286
Palam Vihar,Apartment,4,4,1979,20,13,2,10.15,0,1,1,1,40134657
DLF Phase 4,Apartment,3,3,1733,13,30,1,7.53,0,0,1,5,50485030
Sector 84,Apartment,2,2,1120,11,19,1,3.24,1,0,0,1,21824127
Sector 57,Apartment,3,4,1983,17,42,3,5.19,1,1,1,4,40112308
DLF Phase 4,Builder Floor,1,1,608,11,41,3,8.66,1,1,1,2,21830474
Golf Course Extension Road,Apartment,2,3,996,6,39,2,2.41,1,1,0,3,32788396
South City 1,Apartment,2,2,1115,4,3,2,7.28,1,0,1,5,21441914
DLF Phase 2,Builder Floor,2,2,1512,11,31,3,6.19,1,1,1,4,32988117
Sector 84,Apartment,3,3,2030,8,12,2,7.2,0,0,1,2,38082936
Sohna Road,Villa,5,5,3323,10,15,2,1.67,1,0,1,4,64237495
South City 1,Builder Floor,3,4,2747,3,38,1,1.69,1,0,1,3,46366951
Sector 82,Apartment,2,2,883,13,40,1,14.47,1,0,1,1,11936393
Sector 82,Apartment,3,4,2098,11,14,2,14.69,0,1,1,1,36608807
Sohna Road,Builder Floor,3,4,1823,17,35,1,6.45,0,0,1,4,36019501
Sector 83,Apartment,2,3,1296,6,16,1,11.86,1,1,1,4,22503989
Sector 89,Apartment,5,6,3127,22,24,2,9.87,0,1,1,5,62457987
Sector 54,Villa,3,4,1505,0,17,1,1.84,1,0,1,4,30679180
DLF Phase 2,Apartment,5,6,2275,12,18,3,4.52,0,1,1,1,48982224
South City 1,Apartment,3,4,1799,15,42,1,4.77,1,0,1,4,32623773
Sector 84,Builder Floor,3,3,1471,4,17,2,8.98,1,1,1,2,34232157
Sector 83,Apartment,2,3,1096,18,16,2,8.74,1,1,1,2,26691408
Sector 82,Apartment,3,3,2135,24,21,2,13.86,1,1,1,1,38038159
Sector 67,Villa,2,2,856,8,24,1,11.87,1,1,1,4,16007385
Sector 82,Apartment,4,5,2292,22,34,2,12.87,1,0,0,4,39323019
DLF Phase 4,Penthouse,4,5,2990,8,36,3,13.38,1,0,1,4,67616387
Sector 83,Villa,4,4,2115,11,43,4,12.04,0,1,1,2,39596770
Sector 65,Apartment,4,4,3222,17,27,2,5.06,0,0,1,1,54289565
DLF Phase 4,Apartment,4,5,1531,23,39,3,3.3,0,1,1,5,52322161
DLF Phase 3,Apartment,2,3,1709,9,17,0,8.62,0,1,0,2,39643927
Palam Vihar,Apartment,3,3,1807,16,25,3,10.37,1,0,1,1,34536913
Sector 84,Apartment,3,3,1241,18,38,4,5.86,1,0,1,1,21766652
Palam Vihar,Builder Floor,3,4,2149,23,42,2,12.74,1,0,1,5,36720089
Sector 85,Apartment,3,3,1980,10,21,3,14.41,0,1,1,3,37749599
Sector 85,Apartment,2,2,1587,15,4,2,8.58,1,0,1,5,26727525
South City 1,Villa,2,3,769,7,25,1,6.9,1,1,1,5,19454214
Sector 84,Apartment,4,4,1786,23,30,3,12.66,1,1,1,1,33370549
Sector 65,Builder Floor,3,4,2123,14,33,2,0.46,1,0,1,3,43907867
South City 1,Apartment,2,3,1913,10,39,2,2.02,1,1,1,3,35398292
New Gurgaon,Apartment,4,5,2722,6,26,2,12.7,1,1,0,4,49243166
DLF Phase 4,Builder Floor,4,4,2808,1,25,3,11.01,1,1,1,5,69700017
Sector 65,Builder Floor,2,3,986,18,16,2,6.3,1,1,0,5,20956450
South City 1,Villa,4,4,2298,8,24,1,13.34,1,0,1,3,46155877
Palam Vihar,Builder Floor,5,6,2566,17,5,2,5.34,0,0,1,3,46671813
New Gurgaon,Builder Floor,5,6,3351,12,42,4,9.54,1,1,1,3,60777005
Sector 92,Apartment,4,4,2920,22,39,2,9.55,1,0,0,1,51016894
Sector 82,Apartment,3,3,1878,0,13,3,2.85,0,0,1,1,35142672
South City 1,Builder Floor,3,3,2134,18,30,3,4.34,0,1,1,1,38744803
Sector 83,Builder Floor,1,2,595,12,7,2,13.75,1,1,1,5,12258229
DLF Phase 5,Penthouse,2,2,1570,13,17,1,2.83,1,0,1,3,43573972
New Gurgaon,Apartment,3,4,1438,16,27,1,2.69,1,1,0,1,29825895
Sector 82,Apartment,3,3,2394,21,35,2,7.25,0,0,1,4,39378891
Sector 84,Builder Floor,2,3,999,19,5,2,1.47,1,1,0,3,15678042
Sector 85,Apartment,3,4,1806,0,42,3,13.43,0,1,1,3,35485005
DLF Phase 5,Villa,2,3,865,4,5,3,1.59,1,1,0,3,37617438
Sector 67,Villa,4,5,2683,19,24,1,9.29,1,1,1,1,46822033
Sector 89,Apartment,2,2,1236,13,7,2,5.16,1,0,0,2,22899970
Sector 67,Builder Floor,3,3,2110,17,7,2,12.08,0,0,1,4,38027613
Sector 85,Builder Floor,3,4,1071,12,14,1,8.89,0,0,0,4,20891013
Sector 70,Apartment,1,2,618,22,15,2,5.89,0,0,1,2,12380296
DLF Phase 4,Villa,5,5,3282,11,5,3,14.76,1,1,1,4,73273656
DLF Phase 4,Apartment,3,3,1384,14,37,1,1.09,0,1,0,1,40799491
Sector 92,Builder Floor,2,2,1349,23,4,1,8.71,1,0,0,3,26592044
Sector 92,Apartment,2,2,556,3,30,1,14.84,1,1,0,2,10316144
Sector 89,Villa,2,2,1164,8,20,1,10.4,1,1,0,3,21794865
Sector 67,Apartment,1,1,797,2,26,2,11.12,0,0,0,4,11388229
Sector 65,Apartment,3,4,1742,21,9,1,0.58,0,0,1,5,37610003
Golf Course Extension Road,Villa,3,3,1497,10,30,3,0.42,1,1,1,4,41793026
Sector 65,Apartment,4,4,2363,14,44,1,0.64,1,0,1,4,50953359
New Gurgaon,Apartment,3,4,1841,15,22,2,14.88,1,1,0,2,36567072
DLF Phase 4,Villa,2,2,1450,6,40,1,14.69,0,1,0,3,41043636
DLF Phase 2,Villa,2,2,1236,6,41,4,5.08,1,1,1,2,27857789
DLF Phase 2,Apartment,3,3,2120,21,44,2,4.44,1,0,1,1,43327303
DLF Phase 5,Builder Floor,2,3,1225,8,30,3,2.27,1,1,0,3,41787458
South City 1,Apartment,1,1,495,16,20,3,5.0,1,1,1,1,10282569
Sector 56,Apartment,4,5,1614,12,28,2,5.62,1,0,0,1,34045054
Sector 56,Apartment,1,1,652,8,7,3,11.25,1,0,0,2,8880957
Sector 57,Builder Floor,4,5,1016,8,4,1,13.01,1,1,1,4,24949632
Sector 67,Builder Floor,2,2,705,19,28,2,11.23,1,1,0,5,15160180
Golf Course Extension Road,Builder Floor,5,5,2021,11,35,1,9.73,0,1,1,4,61186872
DLF Phase 5,Builder Floor,3,3,2100,20,33,3,11.51,1,1,1,4,52473056
Sector 56,Apartment,4,5,1565,18,7,4,11.1,1,1,1,3,33670462
Sector 56,Apartment,2,2,1331,22,9,3,7.19,0,0,1,2,21322716
Golf Course Road,Apartment,4,4,1822,14,34,1,5.1,1,0,0,3,60195953
Sector 89,Apartment,4,5,2317,17,39,1,4.31,1,0,1,5,46738409
New Gurgaon,Apartment,3,4,1773,7,42,1,10.22,0,0,1,2,29221652
Sohna Road,Villa,3,4,1732,24,34,1,14.39,1,1,1,4,31786125
DLF Phase 1,Apartment,4,4,2037,5,13,1,8.76,0,1,0,1,33379590
Sector 84,Apartment,1,2,450,24,29,1,13.7,1,1,1,4,10594030
Golf Course Extension Road,Apartment,3,3,1811,5,35,4,0.31,1,0,1,4,44145527
Sector 70,Builder Floor,4,5,2712,2,10,2,11.94,1,0,1,2,48258629
New Gurgaon,Apartment,3,4,2085,2,30,2,12.82,1,1,1,4,41362390
New Gurgaon,Apartment,2,2,1222,1,44,2,9.5,1,0,1,5,22552969
Sector 84,Apartment,3,3,1908,4,26,2,14.02,0,0,1,4,36198251
Sector 57,Builder Floor,4,4,1968,19,35,4,8.89,1,0,0,1,43057273
Sector 84,Apartment,2,2,1325,11,28,2,3.68,1,0,0,2,27627330
DLF Phase 5,Builder Floor,2,3,1315,5,29,1,3.31,0,1,1,5,43173985
Sector 92,Builder Floor,2,3,1116,15,6,2,8.38,1,1,1,2,20986721
Sohna Road,Apartment,4,5,2426,4,3,4,13.61,0,1,0,1,42446859
Golf Course Road,Apartment,2,2,1192,5,29,1,1.18,0,1,0,3,48773733
Sector 54,Penthouse,3,3,1991,3,2,2,9.11,0,0,0,5,38564807
Sector 89,Apartment,3,4,1151,13,22,1,11.57,0,1,1,1,20955930
DLF Phase 4,Apartment,4,5,1524,2,27,1,1.82,1,0,1,3,51511320
Sector 85,Builder Floor,5,5,1941,16,22,3,1.84,1,0,1,1,37253256
DLF Phase 1,Villa,2,3,1075,4,10,1,5.56,1,1,1,3,24166303
Sector 67,Penthouse,2,3,1327,21,19,1,4.18,1,0,1,3,27858976
Sector 70,Builder Floor,4,5,1142,20,24,1,3.05,1,0,1,2,29169634
DLF Phase 1,Apartment,2,2,1226,20,27,4,3.06,1,0,1,4,24273570
Sector 54,Apartment,2,3,1534,5,36,1,2.05,1,0,1,4,33051346
Sector 84,Builder Floor,4,4,2552,19,43,3,9.2,0,0,0,1,43723840
DLF Phase 4,Apartment,5,6,1586,3,17,1,10.35,1,0,1,3,46089387
Sector 65,Apartment,3,3,2018,12,10,3,10.57,1,0,1,4,41353422
Sector 56,Villa,2,3,1267,7,17,4,8.03,1,1,1,1,28064761
Golf Course Road,Apartment,3,4,1656,10,44,1,14.3,1,0,1,1,53817819
DLF Phase 1,Apartment,2,3,1250,23,10,1,13.22,1,0,1,5,21798324
Golf Course Extension Road,Apartment,4,4,1618,18,10,1,14.37,1,0,1,2,46048129
New Gurgaon,Apartment,4,5,2428,22,38,3,5.89,1,1,1,2,48555427
Sector 83,Apartment,4,5,2668,4,17,1,13.18,1,1,1,3,49914655
Sector 70,Apartment,1,1,502,4,26,1,11.47,1,1,1,4,14500912
South City 1,Apartment,3,3,1602,2,26,1,5.17,1,1,1,3,35607550
Sector 92,Builder Floor,2,3,1041,1,34,1,1.69,1,0,1,4,21604264
Sector 92,Builder Floor,3,4,1600,2,4,1,10.27,0,0,0,4,38311098
Golf Course Road,Apartment,4,5,1935,14,27,3,2.13,0,1,0,4,59694738
Palam Vihar,Penthouse,2,3,984,6,21,3,4.48,1,1,1,4,16681874
DLF Phase 5,Apartment,3,4,2016,2,36,2,7.56,1,0,1,4,53435451
New Gurgaon,Apartment,3,3,1068,14,38,2,10.23,1,1,0,5,26824681
Sector 85,Villa,5,6,3128,10,31,2,13.9,1,1,1,5,63422549
Sector 82,Apartment,4,4,2687,15,7,2,8.94,1,1,0,4,46483554
Golf Course Road,Penthouse,4,4,1642,12,44,2,10.1,1,1,0,1,53899474
Sector 89,Apartment,3,4,1767,1,34,2,4.72,1,1,1,1,34551796
DLF Phase 1,Penthouse,2,2,943,19,18,2,10.34,1,0,1,2,19622572
DLF Phase 1,Apartment,3,4,2277,11,24,2,6.62,0,0,0,4,37360611
Sector 67,Villa,3,3,1713,20,13,1,12.87,1,0,1,1,32831945
DLF Phase 3,Apartment,3,3,2418,6,13,1,5.95,1,0,1,2,54124947
Sector 56,Penthouse,3,4,2355,0,25,1,7.08,0,1,1,1,41900059
New Gurgaon,Apartment,3,4,1929,13,5,2,6.55,1,0,1,2,34956470
DLF Phase 3,Apartment,2,2,1799,23,39,1,12.19,1,1,0,3,37935839
Sector 57,Penthouse,2,3,759,9,29,2,14.31,0,1,0,1,14195038
Sohna Road,Apartment,3,4,2407,2,44,2,4.98,1,1,1,4,44075808
DLF Phase 3,Builder Floor,3,3,1687,10,33,3,7.18,0,1,1,4,49467061
Sector 67,Builder Floor,3,3,1746,21,24,1,10.62,0,1,1,5,33251845
Golf Course Road,Apartment,3,3,1606,19,10,2,13.44,1,0,0,3,53394771
Sector 67,Builder Floor,2,3,793,20,25,2,7.46,1,1,0,3,16670126
South City 1,Apartment,4,5,2718,14,41,1,1.72,0,0,1,1,50872073
Sector 92,Villa,4,5,1705,5,10,2,5.59,1,0,1,2,36188891
Sector 92,Apartment,3,3,1551,17,39,3,8.3,0,1,0,5,33169734
Sector 65,Apartment,3,4,1570,12,16,1,6.32,0,0,1,3,30763905
Sector 67,Villa,3,3,2218,14,28,3,2.88,0,0,1,3,38245996
DLF Phase 2,Villa,3,3,1769,2,12,3,0.65,0,1,0,4,28148417
New Gurgaon,Apartment,4,4,1031,14,44,2,10.34,1,1,0,4,22618861
South City 1,Builder Floor,3,3,1422,23,32,3,14.89,1,1,0,2,25316468
Sector 83,Apartment,3,3,1143,23,29,2,13.8,0,0,1,1,20792376
South City 1,Apartment,3,3,2011,0,27,2,10.28,1,0,1,2,34508168
Golf Course Road,Apartment,3,3,1303,9,26,4,12.64,1,1,1,1,42564105
Sector 89,Apartment,3,4,1545,23,3,1,3.91,0,1,1,5,36774441
New Gurgaon,Apartment,3,3,2535,17,26,1,9.37,1,1,1,3,43951967
Sector 67,Apartment,3,4,2067,7,39,1,1.0,1,1,0,2,38944831
Sector 84,Penthouse,2,3,873,11,1,2,10.64,0,1,1,1,17934442
South City 1,Penthouse,5,6,3577,4,35,1,14.55,1,1,1,5,63430520
Sector 57,Builder Floor,4,5,1998,0,27,3,12.93,0,0,0,2,43120720
Sector 84,Apartment,3,4,2145,7,4,2,8.06,0,1,0,3,38183889
DLF Phase 2,Apartment,3,3,1626,4,19,3,11.85,1,1,1,5,31059123
Sector 89,Builder Floor,1,2,465,16,22,1,14.16,1,0,1,4,6071821
Sector 89,Builder Floor,1,2,452,14,6,1,3.32,1,1,0,3,7724619
Golf Course Extension Road,Apartment,2,3,1280,3,9,1,11.92,1,1,1,4,33915390
Palam Vihar,Villa,3,3,2183,12,11,1,4.12,1,0,1,5,41705107
Sector 56,Builder Floor,4,5,2608,16,22,2,13.17,1,1,0,5,49904236
Sector 56,Villa,3,4,1618,12,9,3,1.57,1,0,1,4,29653073
Sector 92,Builder Floor,3,4,1045,24,29,1,2.76,1,1,1,1,21828933
Sector 57,Apartment,3,4,1531,1,43,2,10.84,1,1,0,5,32659086
Sector 84,Apartment,2,2,849,23,10,2,2.7,1,1,1,2,15578689
Sector 82,Villa,2,3,1583,3,34,0,2.46,0,0,1,2,31689153
DLF Phase 2,Villa,4,4,2176,24,31,2,8.38,1,0,1,5,45605647
DLF Phase 4,Apartment,5,5,3210,1,22,1,12.54,0,1,0,4,76465111
Sector 89,Apartment,3,4,1655,11,4,3,4.1,1,0,1,4,33823259
Sector 84,Apartment,3,4,1980,18,2,3,12.63,0,0,1,3,32769393
DLF Phase 5,Builder Floor,4,4,2802,17,5,1,12.14,1,0,0,4,62866465
Golf Course Extension Road,Penthouse,2,3,1851,9,15,2,8.73,0,1,0,1,41261289
Sector 85,Apartment,4,5,2144,4,19,1,9.73,1,0,1,1,44544661
New Gurgaon,Apartment,3,4,2238,10,38,2,0.7,0,1,1,2,39173871
Palam Vihar,Apartment,3,3,1916,0,15,3,5.57,1,1,1,5,42827797
Golf Course Extension Road,Penthouse,2,2,1038,2,8,3,4.02,1,1,0,2,33184130
Sector 84,Villa,3,4,1587,16,20,1,2.34,0,1,1,5,28586540
Golf Course Extension Road,Builder Floor,4,5,2663,14,12,1,5.91,1,0,0,2,61550561
DLF Phase 4,Apartment,2,2,1116,13,4,2,5.39,1,1,0,5,34519419
Sohna Road,Apartment,3,3,1844,23,38,4,10.96,1,0,1,5,36178610
Sector 67,Apartment,2,2,1386,14,43,3,9.01,1,1,0,2,22368066
DLF Phase 4,Apartment,4,4,3797,15,39,1,13.71,0,1,1,3,72745218
Golf Course Road,Villa,3,3,1813,3,36,3,2.27,1,0,1,1,56632675
DLF Phase 5,Builder Floor,4,4,1768,18,15,3,0.99,0,0,1,4,49785905
Sector 65,Penthouse,3,3,1967,23,1,1,8.07,0,0,1,1,35632780
DLF Phase 4,Penthouse,2,3,1064,24,31,3,0.12,0,1,1,4,39365263
Sector 57,Apartment,1,1,865,7,9,1,11.84,0,1,1,5,13137587
DLF Phase 4,Builder Floor,2,2,1060,5,23,1,7.64,1,1,0,2,40672239
Sector 89,Villa,2,3,1205,15,26,1,7.37,1,0,0,2,19217396
Sector 70,Villa,3,4,2061,2,40,2,5.5,1,1,1,4,40072147
DLF Phase 5,Apartment,1,2,668,7,44,3,5.69,0,1,1,2,28329099
Sector 85,Apartment,3,3,2383,4,39,2,6.52,1,1,0,2,38580486
Sector 56,Apartment,3,3,2080,4,18,1,0.34,0,0,0,2,39863194
Sector 89,Villa,3,4,2784,11,33,1,1.34,0,0,1,1,53126975
Sector 65,Apartment,3,4,1988,24,41,2,7.63,1,1,1,2,34637746
Sector 85,Apartment,3,4,2345,0,39,2,2.34,1,0,1,3,45139616
Sector 84,Builder Floor,5,5,2671,6,14,2,11.7,1,1,0,4,48936051
Sector 54,Apartment,2,3,1752,23,1,1,4.19,1,1,1,1,28241588
DLF Phase 3,Apartment,3,3,1653,10,13,3,1.56,0,0,1,1,37724672
South City 1,Apartment,3,3,2424,9,15,3,3.6,0,0,0,5,48280497
Sector 84,Builder Floor,3,3,2174,2,37,2,5.42,1,1,0,5,38215170
DLF Phase 1,Apartment,3,3,1828,7,5,2,0.63,1,0,1,2,36107936
Sector 82,Builder Floor,3,4,2428,0,14,3,2.21,0,0,1,1,50208175
Sector 57,Apartment,3,4,1794,7,14,2,4.93,1,1,0,1,35638445
Sector 82,Villa,3,4,2374,22,5,2,4.73,1,1,0,2,41581502
DLF Phase 3,Apartment,5,5,3264,19,11,2,12.03,1,1,0,4,70362993
Palam Vihar,Apartment,5,6,2735,10,32,1,12.66,0,1,1,1,48387179
Sector 89,Villa,2,2,1289,6,5,2,2.98,1,1,1,5,21097814
Sector 67,Apartment,2,2,1209,15,36,3,1.95,0,1,1,2,23879047
Sector 65,Apartment,4,4,2152,6,15,1,9.55,0,1,1,1,41860012
Sector 92,Apartment,5,6,3163,12,7,3,12.09,1,1,1,5,61493147
DLF Phase 1,Builder Floor,2,2,1313,9,5,2,14.46,1,1,0,3,15828075
New Gurgaon,Builder Floor,3,3,769,16,30,2,0.2,1,1,1,1,15888793
Sector 84,Builder Floor,5,6,3350,2,15,2,6.26,0,1,1,2,64314545
Sector 67,Apartment,3,4,2111,6,30,2,11.04,1,1,0,5,39429411
DLF Phase 1,Apartment,2,3,1606,10,14,3,12.45,0,1,0,1,30314801
Sector 56,Apartment,3,3,1280,12,24,2,1.03,1,0,1,5,29047982
Sector 82,Apartment,5,5,2287,4,24,3,10.24,1,1,1,2,51537556
Golf Course Extension Road,Apartment,4,5,2517,24,35,2,4.41,0,0,1,1,60879602
Palam Vihar,Apartment,4,4,2000,22,5,2,1.21,0,0,0,2,39837933
Sector 85,Apartment,4,4,1733,18,12,4,7.39,0,1,0,4,34940695
Sector 83,Villa,2,3,1084,14,20,1,2.46,1,0,0,1,21743005
Sector 70,Apartment,4,5,2198,0,5,2,11.08,1,0,0,1,44509468
Sector 85,Apartment,2,3,915,4,36,1,11.14,0,0,1,5,22550350
Golf Course Extension Road,Builder Floor,5,6,2284,12,21,3,12.65,1,0,0,1,56544570
Sector 84,Apartment,3,4,1749,9,39,2,5.73,1,0,1,4,36137054
Sector 85,Builder Floor,4,5,1588,4,3,3,0.3,1,1,1,5,33979993
Sector 65,Villa,2,3,789,22,29,3,3.97,1,1,1,5,16656682
Sohna Road,Villa,3,4,1830,0,25,1,7.07,1,0,1,3,37199808
Palam Vihar,Apartment,2,2,1621,9,27,1,10.44,0,1,0,1,28251040
DLF Phase 2,Villa,3,3,2107,17,36,2,5.79,1,1,1,3,40548572
Golf Course Extension Road,Apartment,4,4,3084,21,22,2,8.09,1,0,1,4,64161063
DLF Phase 4,Apartment,3,3,1041,7,38,1,7.91,0,1,1,1,37905023
Sector 85,Apartment,3,3,1208,19,35,1,2.56,1,0,0,3,23048327
Golf Course Road,Penthouse,1,1,601,2,1,2,9.38,0,1,1,3,39515969
Sector 57,Apartment,5,5,3585,18,3,0,6.64,0,0,1,5,59498194
Sector 57,Apartment,3,3,2067,18,24,3,12.14,0,1,1,3,42793190
Sector 70,Builder Floor,4,4,1647,1,8,3,10.39,1,0,1,3,37947371
Sohna Road,Apartment,4,4,3035,16,39,3,1.76,1,1,0,1,47008365
Sector 89,Apartment,4,4,2354,15,18,0,7.38,0,0,1,1,41159859
DLF Phase 3,Apartment,3,4,2126,20,41,0,10.57,0,1,1,5,48211425
Sector 85,Apartment,4,4,2061,9,3,2,1.4,1,0,1,1,41476407
DLF Phase 5,Apartment,3,4,1151,20,18,4,11.91,1,0,0,4,36801606
Sector 70,Apartment,4,4,2873,15,16,1,3.41,1,0,1,5,49417077
DLF Phase 4,Builder Floor,4,5,2663,4,32,1,7.6,1,0,1,4,66343436
Golf Course Extension Road,Apartment,1,1,450,19,1,1,14.11,1,1,0,1,13805878
Sector 92,Apartment,3,4,1519,2,26,2,8.61,1,0,1,1,33751630
Sector 65,Villa,1,1,696,2,12,2,6.42,0,1,0,5,13106948
DLF Phase 2,Apartment,2,3,1257,1,38,1,0.2,0,1,0,3,27676066
Sector 54,Builder Floor,3,3,2010,20,21,2,2.09,1,0,1,2,33360206
Sector 70,Apartment,4,5,2106,3,41,2,8.72,1,0,1,2,38580939
Palam Vihar,Apartment,2,2,1598,21,13,2,7.46,1,1,0,1,29737110
South City 1,Apartment,3,4,1753,17,12,2,5.52,0,1,1,4,33548481
Sector 83,Apartment,4,5,1074,1,13,3,13.86,0,0,0,5,21929205
Sector 92,Apartment,4,5,2459,23,18,2,5.05,1,1,0,3,43475441
Golf Course Road,Apartment,3,4,2054,5,19,2,8.1,1,1,1,1,61874371
South City 1,Apartment,4,5,2566,2,19,3,8.57,1,0,1,4,45852711
DLF Phase 4,Apartment,3,4,1620,20,6,3,7.96,0,1,0,1,36472708
Sector 82,Apartment,2,3,652,2,7,1,7.22,1,0,1,2,11552471
DLF Phase 1,Apartment,2,3,1018,1,7,1,5.12,1,0,1,1,23980205
Golf Course Extension Road,Apartment,2,2,1044,2,28,3,13.64,1,0,0,4,27374375
Sector 65,Apartment,3,3,1523,16,28,1,6.82,0,1,1,2,31784003
Sector 56,Builder Floor,5,5,3428,13,19,3,7.97,1,1,0,1,63726464
DLF Phase 5,Apartment,4,5,2213,6,16,0,9.88,1,0,1,2,58721765
Sector 65,Builder Floor,3,4,2380,21,17,3,1.11,1,0,1,5,47175135
Sector 85,Builder Floor,3,3,1705,20,22,2,11.74,1,1,1,4,27551789
Sector 56,Apartment,2,2,1540,5,19,3,7.74,0,0,0,4,25860484
Golf Course Road,Villa,3,4,1890,7,29,1,9.89,0,1,1,5,58049274
Sector 65,Villa,4,5,2547,18,19,4,11.6,1,0,1,4,46133949
Golf Course Extension Road,Apartment,2,2,1008,18,35,1,13.12,1,1,1,4,30576056
Sector 85,Apartment,1,2,450,11,25,1,5.94,1,0,1,1,10776794
DLF Phase 2,Builder Floor,3,3,1769,4,20,1,12.19,0,1,1,3,31574415
Sector 56,Builder Floor,3,4,2508,4,37,3,3.96,0,0,1,1,50175150
Sector 82,Apartment,3,3,1607,13,19,2,9.94,0,1,1,5,28217195
Sector 65,Apartment,3,3,1540,16,42,2,1.63,0,1,1,5,30275284
Sector 84,Apartment,3,4,1727,15,13,2,0.4,1,0,1,3,35698100
DLF Phase 4,Apartment,2,2,1695,3,12,3,1.53,1,1,1,1,46835116
Golf Course Extension Road,Apartment,3,4,2130,24,15,2,4.86,0,0,1,1,44655759
Sector 57,Apartment,3,4,2309,7,4,2,0.56,1,0,1,1,43305719
Sector 89,Apartment,4,5,1291,2,15,2,9.49,1,1,1,2,28472813
South City 1,Builder Floor,5,6,2422,20,17,3,4.82,0,0,0,2,52575171
Golf Course Extension Road,Apartment,4,5,1957,4,27,1,11.07,1,0,1,1,55623113
South City 1,Apartment,3,3,2277,22,11,1,0.78,0,0,1,2,39803740
DLF Phase 2,Builder Floor,3,4,2077,23,23,1,3.33,1,1,0,1,36215805
Golf Course Road,Villa,3,4,2243,24,15,1,6.18,0,1,1,5,64879709
Sector 85,Apartment,5,5,1687,6,31,2,5.8,1,0,1,1,42168739
Golf Course Road,Apartment,2,3,1510,17,26,2,2.05,1,1,1,2,51631717
Sector 67,Apartment,3,3,2076,23,7,4,14.91,0,0,1,3,39212060
Sector 89,Apartment,3,4,1411,7,13,1,4.34,0,0,1,5,30806430
DLF Phase 2,Apartment,3,3,1717,10,13,3,10.84,0,1,1,4,33335877
Sector 65,Apartment,2,3,949,13,20,2,3.38,1,1,1,3,21496086
Sector 82,Apartment,3,4,1759,17,34,1,13.18,1,0,1,3,30216798
Sector 70,Apartment,4,5,2651,12,10,2,5.88,0,1,1,4,52508232
Golf Course Road,Apartment,3,4,2389,5,37,4,13.52,0,0,1,5,64751557
Sector 85,Apartment,4,5,1873,12,27,1,5.19,1,0,1,4,39715438
DLF Phase 5,Apartment,3,3,1602,0,34,2,0.23,0,1,0,5,51118368
Sector 85,Apartment,5,5,2227,10,36,1,7.8,1,1,1,5,48148680
DLF Phase 3,Apartment,3,4,2121,6,16,1,7.92,0,1,1,5,50818011
DLF Phase 3,Villa,3,3,1138,9,21,2,1.89,1,1,1,3,39386698
Palam Vihar,Apartment,1,2,624,1,16,3,3.6,1,0,1,5,13280832
Palam Vihar,Builder Floor,2,3,856,15,17,2,11.77,0,1,0,4,14750421
Sector 56,Builder Floor,3,4,1819,4,15,2,0.65,1,0,1,3,39296754
Sector 89,Apartment,3,3,2285,15,13,3,7.39,1,1,1,5,47083433
DLF Phase 3,Apartment,3,4,1585,22,33,1,8.0,0,1,1,2,38493458
Sector 65,Apartment,2,2,1261,15,5,3,10.36,0,1,1,2,24233862
Sector 83,Apartment,4,5,1899,14,27,2,0.66,0,1,0,5,37043012
Sector 84,Builder Floor,4,5,2337,8,1,3,8.83,1,0,1,2,44101704
Golf Course Extension Road,Apartment,2,2,763,0,44,3,0.15,0,1,1,1,31004622
Sector 67,Apartment,3,4,2097,8,30,3,4.05,1,0,1,3,41317229
DLF Phase 2,Apartment,4,4,2167,10,23,1,7.55,1,1,1,1,42914457
DLF Phase 4,Apartment,3,4,1712,4,15,2,13.68,1,1,1,3,48217618
Sector 56,Builder Floor,2,3,1219,5,36,2,1.99,1,0,0,4,20748933
Golf Course Extension Road,Apartment,3,4,973,7,19,2,2.62,1,1,1,2,32683728
Sector 84,Apartment,2,2,1006,14,30,2,10.07,1,1,0,2,22725659
Sector 92,Penthouse,2,3,1237,15,16,0,5.69,1,1,0,2,21581535
Golf Course Road,Apartment,2,2,1155,17,18,1,9.39,0,0,1,5,42211512
Sector 89,Apartment,3,4,2714,11,26,1,14.96,0,1,1,3,46827229
DLF Phase 5,Apartment,2,3,1552,22,17,3,14.8,0,1,1,5,51149703
Sector 56,Apartment,5,5,3097,3,11,3,5.37,1,1,1,2,59909610
Sector 57,Apartment,2,3,913,24,29,1,7.61,0,0,1,4,19508239
Sector 67,Apartment,2,3,1061,21,9,3,13.58,0,1,0,2,15256854
Sector 89,Apartment,3,3,2076,15,17,1,1.47,1,1,1,5,37947000
New Gurgaon,Apartment,2,2,1221,22,27,2,6.84,1,1,1,2,23328210
Golf Course Road,Apartment,3,3,2335,10,37,1,5.73,1,0,1,1,65435687
DLF Phase 4,Villa,3,4,1828,21,22,3,4.49,1,0,0,1,49767168
DLF Phase 3,Apartment,2,2,1232,23,8,2,14.91,1,1,1,5,31318979
DLF Phase 3,Apartment,2,2,1654,21,3,1,11.03,1,1,0,1,36268551
DLF Phase 4,Apartment,3,4,1339,6,38,2,5.89,1,1,1,3,48463043
DLF Phase 5,Penthouse,1,1,842,23,35,1,12.45,1,0,0,3,33781110
Sohna Road,Apartment,4,4,2830,14,32,1,7.4,1,0,1,5,51376366
Sector 83,Apartment,3,4,3158,16,8,1,13.11,0,0,0,1,50598593
Palam Vihar,Penthouse,3,3,1505,14,44,1,4.07,0,0,0,3,27741334
DLF Phase 3,Villa,3,4,2484,9,27,3,3.43,1,1,0,1,54107917
Sector 65,Builder Floor,3,3,1856,3,32,2,3.78,0,0,0,2,37611551
Sohna Road,Apartment,5,5,2870,21,36,1,8.12,0,1,1,1,52347342
Sector 67,Apartment,1,2,642,16,34,1,4.44,1,1,1,1,12663788
DLF Phase 4,Builder Floor,1,1,617,3,25,0,2.29,0,0,1,5,28890944
Sector 70,Villa,2,3,981,21,31,1,14.92,1,1,1,2,7942138
Sector 70,Apartment,2,2,1163,22,42,2,13.52,0,1,0,3,17000978
Sector 67,Apartment,2,2,1285,21,13,1,9.56,0,1,1,3,21976226
Golf Course Road,Apartment,3,4,1621,10,15,2,13.38,1,1,1,1,55550872
Sector 84,Builder Floor,3,4,2026,3,13,2,14.04,0,0,1,4,42173858
DLF Phase 4,Apartment,5,5,2792,11,33,1,10.17,1,0,1,4,68660349
Sohna Road,Apartment,2,2,1328,22,31,3,7.83,1,0,1,3,18771912
Sector 84,Apartment,2,2,1294,9,25,1,13.24,1,1,1,1,24717771
DLF Phase 3,Apartment,5,6,3315,13,40,1,8.56,0,1,1,1,70620451
Sector 84,Apartment,4,5,1644,17,23,1,1.99,1,1,1,2,41498966
Sector 57,Apartment,3,3,2260,5,38,1,5.57,0,0,1,5,45198989
DLF Phase 2,Apartment,3,3,1436,4,3,1,6.74,1,0,0,4,25597148
Sector 67,Apartment,4,4,2295,1,16,1,14.04,0,0,1,1,40895286
Sector 92,Apartment,3,4,1528,24,2,3,9.92,0,0,0,3,32096941
DLF Phase 2,Apartment,2,2,1219,12,23,3,13.14,1,1,1,4,23244312
Sector 92,Apartment,4,5,2337,22,34,2,11.39,1,1,1,5,45933818
Sector 54,Apartment,3,4,2073,13,30,2,4.72,1,0,1,1,37661498
Palam Vihar,Apartment,2,2,1212,2,10,2,10.81,1,0,1,4,29149487
Sector 82,Apartment,3,4,1635,22,1,1,3.01,0,0,0,1,30071636
Sector 54,Apartment,3,4,1045,10,22,1,6.18,0,1,1,5,26707532
South City 1,Apartment,4,4,2895,21,33,1,12.11,1,1,0,2,45827504
DLF Phase 3,Penthouse,2,2,1344,22,25,2,9.22,0,0,0,4,28298341
DLF Phase 3,Apartment,4,4,2918,3,22,1,12.4,1,1,1,5,70428478
Sector 65,Builder Floor,3,3,1722,12,16,1,3.9,1,1,1,2,30130541
DLF Phase 5,Apartment,3,3,1949,7,30,1,11.27,0,0,1,2,54801792
Sector 92,Builder Floor,2,2,1017,7,18,1,3.11,1,1,1,5,24945311
Golf Course Extension Road,Builder Floor,3,3,1487,22,24,1,8.23,1,1,1,3,41113588
Golf Course Extension Road,Apartment,5,6,2801,12,5,1,6.56,1,1,0,5,70142171
Sector 67,Apartment,3,3,2187,22,37,1,8.39,0,1,1,1,31673175
Sector 57,Apartment,2,2,1123,9,23,1,2.12,0,0,1,3,25442661
New Gurgaon,Apartment,3,3,1777,12,42,1,5.48,1,1,1,2,27006365
Sector 67,Villa,4,4,2535,12,27,1,10.04,0,0,0,4,48355813
Sector 65,Builder Floor,1,1,603,23,12,1,8.42,1,1,1,2,17505130
Sector 67,Penthouse,3,3,2226,16,10,2,8.28,1,0,1,4,43541149
Sector 56,Apartment,3,4,1485,5,34,1,7.71,1,1,1,4,31791244
DLF Phase 1,Builder Floor,2,2,1227,1,33,1,14.16,1,0,1,5,22781595
Sohna Road,Villa,3,4,1999,16,16,1,14.03,0,1,1,5,35822764
Palam Vihar,Apartment,2,2,740,11,29,1,5.47,1,0,0,2,12075248
Sector 83,Apartment,4,5,2548,22,18,1,5.34,0,0,1,5,46206797
Sector 67,Builder Floor,3,4,2363,5,27,4,8.37,1,1,1,2,40160634
DLF Phase 3,Apartment,3,4,1652,4,7,3,1.52,0,1,1,5,42771687
DLF Phase 3,Villa,3,3,1344,4,36,0,4.61,1,0,1,5,41651852
DLF Phase 5,Apartment,2,2,1330,24,27,2,3.54,1,0,1,4,44109693
Sector 54,Builder Floor,4,4,2500,8,10,1,3.43,0,1,1,3,49098371
Golf Course Extension Road,Apartment,3,3,2439,21,10,1,9.61,1,0,1,5,54351941
New Gurgaon,Apartment,3,3,1983,2,11,2,5.83,0,1,0,5,33030341
Sector 56,Apartment,3,3,1403,22,30,1,2.65,0,0,1,2,25330827
Sector 56,Builder Floor,3,4,1384,19,3,2,13.32,0,1,0,4,25988906
Sector 92,Builder Floor,2,3,1440,4,29,2,13.12,1,1,1,4,22798971
DLF Phase 2,Apartment,2,3,1299,6,14,2,12.95,0,0,1,3,19523759
DLF Phase 3,Apartment,2,2,1183,11,13,4,5.92,1,1,0,3,36291498
Sohna Road,Villa,4,4,2496,6,19,3,0.95,0,1,1,3,50093582
Sector 54,Apartment,2,3,1323,9,25,3,1.69,1,0,0,5,23213652
Sector 67,Builder Floor,1,1,652,7,10,1,4.21,1,0,1,2,16623037
Golf Course Extension Road,Apartment,4,4,1556,16,15,0,3.38,1,0,0,1,46820642
Sector 67,Apartment,2,2,1540,4,28,2,13.12,0,1,1,2,26817883
DLF Phase 2,Apartment,3,4,2339,14,40,4,14.8,1,0,1,4,37897617
Golf Course Road,Apartment,2,3,1706,8,38,2,12.27,0,1,0,3,56345655
Sector 57,Builder Floor,2,2,1645,22,7,4,10.97,1,1,0,1,32189093
Sector 92,Apartment,3,4,2397,10,14,1,8.87,1,0,0,4,46258413
DLF Phase 2,Apartment,1,2,559,12,30,1,11.57,0,1,0,3,12743023
Sector 85,Villa,4,4,2568,17,40,1,14.21,0,1,0,1,44485685
Sector 83,Apartment,3,3,2290,16,12,2,9.06,0,1,1,2,40253035
Sector 65,Apartment,2,3,695,23,28,3,2.4,0,1,0,4,19210041
Golf Course Extension Road,Villa,2,3,1138,8,14,1,2.54,0,0,1,5,35922866
Golf Course Extension Road,Builder Floor,3,3,1083,9,1,3,8.8,1,1,1,1,33714878
Sector 84,Apartment,2,2,1278,4,4,2,5.07,0,1,1,1,21820107
Sector 67,Villa,2,2,1554,10,18,2,13.66,1,1,0,2,29961856
Sector 54,Builder Floor,3,4,1807,21,36,3,9.21,1,1,1,2,40137899
Golf Course Road,Apartment,4,5,2081,14,32,1,10.18,1,0,1,4,64296192
South City 1,Apartment,3,3,1918,1,28,3,0.19,1,0,1,5,46051693
Sector 70,Builder Floor,3,3,1973,20,28,1,7.53,1,1,0,3,29296737
Golf Course Road,Builder Floor,4,4,2670,19,38,1,6.52,1,1,1,1,66708705
Golf Course Road,Apartment,2,2,859,23,32,2,10.62,1,1,1,1,36041665
DLF Phase 2,Villa,4,5,2536,23,8,3,5.8,1,1,1,4,42038575
Palam Vihar,Builder Floor,4,4,2503,13,25,2,14.65,1,0,1,3,44932947
Sector 92,Apartment,3,3,2198,4,20,2,10.09,1,1,1,3,44583263
Sector 82,Apartment,5,6,2947,23,33,3,9.93,0,0,1,3,48368572
Sector 84,Apartment,2,2,1752,5,30,1,13.8,1,0,1,4,33088658
Sohna Road,Builder Floor,2,3,1223,21,37,3,14.93,1,0,0,1,16471343
DLF Phase 5,Apartment,4,5,2132,14,16,2,3.05,1,0,1,2,58056805
Sector 84,Apartment,3,4,1378,3,25,1,12.18,1,0,0,1,27216705
Sector 92,Builder Floor,2,2,1056,9,38,1,2.52,1,0,1,2,21021731
DLF Phase 1,Villa,2,3,976,18,42,1,6.91,1,0,0,2,21111025
Palam Vihar,Apartment,4,4,2312,8,10,1,1.59,0,0,1,4,44532308
Sector 85,Builder Floor,4,5,3344,20,5,1,9.39,1,1,1,3,60722427
Sector 82,Apartment,3,4,1187,9,8,1,7.08,0,0,1,4,28659835
DLF Phase 5,Villa,5,6,2027,3,33,2,9.47,1,1,1,2,63130237
Golf Course Extension Road,Apartment,2,2,1134,21,37,2,10.2,0,0,1,1,37158913
Sector 85,Apartment,2,2,818,3,1,2,9.33,0,1,1,2,15704882
Golf Course Road,Builder Floor,3,4,1387,5,31,1,4.48,0,0,1,4,48974448
Palam Vihar,Apartment,4,4,2589,7,7,3,12.57,1,0,1,1,45500173
New Gurgaon,Apartment,2,3,1185,15,23,1,8.32,1,1,1,3,29323601
DLF Phase 5,Builder Floor,2,3,1322,7,24,2,7.4,1,1,0,4,46477262
Sector 89,Builder Floor,4,5,2730,15,14,1,14.81,1,0,1,5,52951398
Sector 56,Builder Floor,5,6,3939,5,23,2,4.32,1,0,1,2,74615117
Sector 82,Builder Floor,3,3,1959,16,9,1,7.97,1,1,0,3,35202178
Sector 56,Apartment,2,3,1537,0,8,3,10.27,1,0,0,3,29441158
Sector 83,Apartment,5,5,3074,18,8,3,1.97,0,0,1,1,54374699
Sector 65,Apartment,4,5,2618,17,3,2,5.38,0,1,0,4,54858997
Sector 85,Apartment,3,4,1958,16,32,1,12.05,0,1,0,2,34088013
South City 1,Villa,4,5,2559,16,4,1,3.63,1,0,1,5,46161818
DLF Phase 1,Apartment,4,5,2515,11,38,3,7.45,0,1,1,2,43502144
Sector 83,Apartment,5,6,4274,11,2,2,9.5,1,1,1,4,81901531
Palam Vihar,Apartment,4,4,2790,5,9,3,10.1,1,0,0,3,54635176
Golf Course Road,Villa,3,3,1612,6,1,1,10.95,0,1,0,5,54622246
DLF Phase 3,Apartment,3,4,2784,7,11,4,13.0,1,1,1,1,53686414
DLF Phase 2,Apartment,3,3,1641,2,29,3,5.95,1,1,1,4,35735561
DLF Phase 2,Apartment,3,3,1797,16,26,2,10.63,0,1,1,2,31720751
Sector 67,Apartment,4,5,1934,20,27,0,11.01,1,0,1,4,35743706
Sector 57,Apartment,5,6,3501,7,38,2,4.57,1,1,1,1,70408659
Sector 83,Villa,3,4,2509,10,29,3,14.53,1,1,0,2,40044394
DLF Phase 5,Villa,3,4,1173,19,33,3,12.99,0,0,1,5,37312040
South City 1,Apartment,3,3,1683,17,28,1,4.42,0,1,1,2,26538337
New Gurgaon,Builder Floor,3,3,2268,15,31,1,10.16,1,1,1,2,37224757
Golf Course Extension Road,Villa,3,3,1355,24,19,3,10.8,1,1,1,1,33518453
Sector 67,Builder Floor,1,1,680,12,26,2,6.53,1,1,1,2,15430386
Sector 92,Apartment,3,4,1253,8,29,3,12.97,1,1,1,4,24689936
Sector 67,Apartment,2,3,1314,18,11,3,10.38,1,0,1,3,24314178
Golf Course Extension Road,Apartment,1,2,610,6,41,3,9.91,0,1,0,1,21444850
Sector 56,Apartment,4,5,4257,16,32,1,3.39,0,0,0,1,74186791
Sector 82,Builder Floor,2,2,1408,7,21,1,6.18,0,0,1,1,27132369
New Gurgaon,Villa,3,3,887,7,38,1,6.57,1,1,0,4,21852475
Golf Course Road,Villa,2,3,1179,2,34,3,11.03,1,1,1,4,51539401
DLF Phase 5,Apartment,2,2,1430,15,40,2,9.31,1,1,1,4,42268097
South City 1,Apartment,4,4,2168,11,22,1,1.38,1,1,1,4,42888669
DLF Phase 2,Penthouse,3,4,1608,14,27,1,4.68,1,0,1,2,31984589
New Gurgaon,Builder Floor,4,4,2171,20,8,1,7.15,0,0,0,1,41045615
Sector 82,Apartment,3,4,2029,3,40,3,11.08,0,1,1,1,32518791
Sector 83,Villa,2,2,848,22,31,2,11.18,1,1,0,5,19404852
Sector 89,Villa,3,3,1564,6,1,2,7.41,1,0,1,3,29616936
Sector 57,Apartment,3,4,2233,10,39,0,1.84,1,0,0,2,42807385
Palam Vihar,Apartment,3,4,1595,23,34,3,4.46,0,0,1,3,27936795
Sector 89,Apartment,4,5,2093,4,24,1,3.89,1,1,1,2,47510429
Golf Course Extension Road,Apartment,3,3,1221,12,28,2,11.74,1,1,1,2,40304125
DLF Phase 4,Apartment,3,4,2071,10,4,1,2.78,0,0,0,2,56042341
DLF Phase 3,Builder Floor,4,4,2638,4,18,1,7.03,1,0,0,1,60203460
Sector 92,Apartment,5,6,3680,7,29,0,10.09,0,0,1,3,65849045
Sector 54,Apartment,3,3,1752,20,23,2,14.48,1,0,1,3,25844585
DLF Phase 1,Apartment,2,3,1288,16,37,2,14.99,1,0,1,4,22899189
Golf Course Road,Apartment,3,4,1929,10,27,1,14.3,0,0,1,3,60011938
Sector 54,Villa,3,3,1201,18,16,1,10.8,1,1,1,4,26851276
DLF Phase 1,Apartment,5,5,4647,17,27,3,11.22,0,0,0,5,76909959
New Gurgaon,Apartment,3,4,2210,9,9,1,11.41,0,1,1,4,49352100
Golf Course Extension Road,Builder Floor,2,2,1222,4,5,1,12.95,1,0,1,2,37604234
Golf Course Road,Apartment,5,6,2843,23,8,2,14.28,1,1,0,1,71932649
Sector 70,Apartment,4,4,3141,24,18,3,6.74,0,1,1,2,52918892
DLF Phase 2,Apartment,2,2,1226,24,35,1,6.31,0,0,1,5,17820649
DLF Phase 4,Apartment,4,5,2911,0,6,4,6.96,1,0,0,1,69502453
Sector 54,Apartment,3,4,1557,16,43,1,9.93,1,0,0,5,34532517
Sector 82,Apartment,3,3,1432,16,23,1,11.65,0,0,1,2,27478523
Sector 85,Apartment,4,4,2309,0,26,1,13.07,0,0,1,1,48349714
DLF Phase 1,Villa,3,3,1804,24,39,2,6.9,1,1,1,5,38354052
DLF Phase 3,Apartment,2,2,1318,0,24,1,5.51,1,1,1,4,40939357
DLF Phase 3,Apartment,3,4,2416,22,10,2,14.75,0,0,1,3,55218321
Golf Course Extension Road,Builder Floor,4,5,3022,21,15,1,3.56,1,1,0,2,66123574
DLF Phase 1,Apartment,2,2,1569,8,38,1,3.41,0,0,0,4,28436781
Sector 54,Builder Floor,3,4,1492,24,20,3,10.76,1,0,1,5,24552046
Golf Course Road,Apartment,3,3,1676,3,29,2,2.78,0,1,1,5,58504387
Sector 92,Penthouse,3,3,2206,8,6,1,6.05,0,0,1,1,39946700
DLF Phase 3,Apartment,3,3,2310,13,9,2,4.46,1,1,1,4,58668795
Sector 89,Apartment,4,5,2815,14,5,2,2.61,0,1,1,5,52069378
DLF Phase 2,Apartment,3,3,1563,15,39,1,8.74,0,1,1,1,25952943
Sector 85,Penthouse,3,4,1362,15,19,2,5.67,1,0,0,3,23324884
Sector 65,Apartment,2,3,1265,12,5,1,6.99,1,1,1,3,28608669
Sector 56,Apartment,3,3,1425,13,20,2,3.02,0,0,1,1,28590089
DLF Phase 5,Apartment,4,5,2657,21,11,3,11.54,1,1,1,4,66107592
Sector 57,Builder Floor,2,2,1550,20,27,1,4.79,1,1,1,1,27469609
DLF Phase 2,Apartment,3,3,1879,8,29,1,5.21,1,0,0,1,31035819
DLF Phase 2,Villa,3,4,1251,22,7,1,3.86,1,1,1,4,22533115
Golf Course Road,Apartment,3,3,1586,8,3,4,6.57,1,0,1,3,59434001
Sector 56,Apartment,2,3,1442,20,5,2,7.01,1,0,0,5,26179763
Sector 85,Apartment,4,5,2665,3,13,0,7.99,0,0,1,3,51075485
Sector 65,Apartment,2,3,1355,9,16,2,14.52,1,0,1,4,24799171
DLF Phase 4,Apartment,3,3,2542,2,12,1,13.58,1,1,1,2,58239566
Palam Vihar,Apartment,3,4,1946,20,39,2,9.18,0,0,1,4,32968029
New Gurgaon,Builder Floor,3,3,1933,8,27,2,0.68,0,1,1,3,34535390
Sector 84,Apartment,2,2,1439,18,33,4,9.22,0,1,0,3,28255535
Sector 82,Apartment,4,5,1743,15,15,1,1.44,0,1,1,4,38544295
Golf Course Road,Apartment,2,3,1075,15,21,2,10.68,0,0,1,4,40259307
Sector 83,Apartment,2,2,993,16,44,2,5.91,0,1,1,4,21609330
Sector 84,Apartment,3,4,2075,17,17,3,12.58,0,1,0,3,34257266
DLF Phase 3,Apartment,3,4,1413,9,37,2,14.14,1,1,1,1,41399168
Sector 56,Apartment,1,2,678,20,15,2,6.31,1,0,1,2,9079657
DLF Phase 5,Villa,2,2,1139,18,20,1,6.96,0,1,1,1,38456009
Sector 70,Villa,4,5,2200,21,19,2,8.89,1,1,1,3,40274892
New Gurgaon,Apartment,4,4,2910,14,1,3,3.04,1,1,1,1,58271495
Sector 67,Apartment,2,2,826,14,4,3,13.92,1,1,1,4,21149005
Golf Course Road,Builder Floor,3,4,1594,10,3,2,6.55,1,0,1,5,56776412
Sector 65,Apartment,3,4,3030,7,8,1,2.59,0,0,0,4,52567757
Sohna Road,Apartment,3,3,2577,21,41,3,11.46,1,1,1,2,42537137
DLF Phase 5,Apartment,4,4,1383,15,44,0,3.37,1,0,1,4,49390525
Sector 82,Builder Floor,2,3,1057,9,5,1,2.24,1,0,1,5,20510665
Sector 83,Builder Floor,4,4,2435,8,9,2,8.49,0,0,1,3,48378547
DLF Phase 1,Apartment,3,4,1207,14,1,1,10.11,1,1,1,1,24483659
Sector 83,Apartment,3,3,2647,21,43,4,8.59,0,1,1,4,45892839
DLF Phase 5,Apartment,3,4,1812,4,30,2,9.88,1,0,1,1,53731115
DLF Phase 3,Builder Floor,5,5,2869,19,7,2,1.82,1,0,1,2,69561951
Sector 92,Apartment,1,2,653,1,22,2,7.19,1,0,1,1,13343172
Sector 82,Apartment,1,2,651,21,20,3,5.42,0,1,0,2,16346116
Sector 67,Builder Floor,2,2,960,15,29,2,14.6,1,1,1,2,20294246
Sector 83,Apartment,5,6,3920,17,27,1,0.84,0,0,1,4,73293132
South City 1,Builder Floor,3,3,1868,15,25,3,4.54,0,1,1,5,33977635
Sector 54,Apartment,3,3,2349,4,35,1,14.13,1,0,0,1,37022968
New Gurgaon,Apartment,1,1,519,0,27,1,14.75,1,1,1,2,10546048
DLF Phase 2,Apartment,4,4,1394,18,11,2,12.39,1,1,1,2,26376810
Palam Vihar,Builder Floor,4,5,3204,9,17,1,1.23,1,1,0,2,53500162
Golf Course Road,Villa,3,3,2110,20,31,4,8.46,0,0,1,3,57722642
Golf Course Road,Builder Floor,2,2,1527,12,18,2,6.06,1,1,1,1,44758305
Sector 70,Apartment,2,2,1544,22,19,4,12.12,1,0,1,1,28305195
Sector 54,Builder Floor,3,4,1808,23,38,1,0.92,1,1,1,2,31040872
Sohna Road,Apartment,3,3,1645,22,29,4,3.04,1,0,0,1,25840139
Sohna Road,Apartment,2,3,1174,22,15,1,7.39,1,1,1,1,19521027
DLF Phase 1,Villa,3,4,2031,10,7,0,2.45,1,1,1,3,40925403
New Gurgaon,Apartment,2,2,1277,14,37,0,10.42,1,1,1,2,21279934
Golf Course Extension Road,Apartment,4,5,1375,1,37,2,12.33,1,1,1,1,46486872
Golf Course Road,Apartment,3,3,1750,5,7,1,10.6,1,1,1,5,58419835
New Gurgaon,Apartment,2,3,1595,20,22,2,6.66,1,0,0,2,28076743
Sohna Road,Apartment,3,4,1799,10,12,1,13.19,0,1,1,1,31091310
Sector 89,Apartment,3,3,2734,14,8,1,2.15,0,1,1,3,49145949
Palam Vihar,Apartment,2,3,930,8,18,2,3.98,1,1,1,5,14267871
New Gurgaon,Villa,4,4,2595,11,28,1,7.39,0,1,0,4,47524003
Sector 92,Builder Floor,1,2,462,3,18,3,1.01,1,1,1,4,16709663
Sohna Road,Apartment,2,2,960,22,31,2,1.53,1,1,1,5,17933963
Sector 70,Apartment,1,1,481,23,17,3,6.02,0,1,1,4,9455629
Sector 85,Apartment,2,2,1818,13,23,1,14.16,1,0,1,5,24878725
Sector 83,Apartment,2,2,1129,21,11,4,13.64,0,1,1,1,21342184
Sector 57,Apartment,1,2,501,2,15,2,7.04,1,0,0,4,10496776
Sector 82,Builder Floor,3,3,1798,20,30,4,2.22,0,1,1,4,33612828
Sector 56,Apartment,2,2,1137,16,31,0,2.75,1,0,1,5,20782744
Palam Vihar,Apartment,3,3,2140,12,6,2,5.73,1,0,1,1,39642042
Sector 83,Apartment,1,1,450,7,12,3,3.23,1,0,1,1,8796398
DLF Phase 4,Apartment,1,2,466,11,23,1,1.34,0,0,0,2,24538300
Sector 92,Villa,2,2,1437,11,39,2,10.14,1,0,1,2,21664618
Sector 67,Builder Floor,4,5,2126,11,40,3,8.76,0,1,1,1,40491795
Palam Vihar,Apartment,3,3,1482,1,36,2,4.44,0,0,1,5,32179919
DLF Phase 5,Villa,4,4,1952,9,35,1,11.71,1,0,0,3,55365364
Palam Vihar,Apartment,2,2,1402,22,3,2,11.66,0,0,1,3,23638342
Golf Course Extension Road,Villa,4,4,2780,8,42,1,7.42,1,0,0,2,64398335
South City 1,Builder Floor,1,1,734,0,28,3,1.54,1,1,1,4,18701854
Sector 57,Apartment,2,2,874,3,15,0,13.79,1,1,0,3,19447885
Sohna Road,Apartment,3,4,1286,22,13,1,10.06,1,1,1,4,19778359
Sector 83,Apartment,3,4,2277,13,19,1,3.78,0,0,1,4,37801867
Golf Course Road,Apartment,5,5,3143,15,40,2,9.2,1,0,1,1,85312238
Sector 83,Builder Floor,1,1,515,24,18,4,6.13,1,0,1,3,11872650
Golf Course Road,Apartment,5,5,2889,17,31,1,9.57,1,1,1,3,75459993
Sector 70,Apartment,3,4,1281,1,37,1,7.16,1,1,0,4,30515978
New Gurgaon,Builder Floor,3,3,1577,5,21,1,7.33,1,1,1,4,30558000
DLF Phase 1,Penthouse,1,2,622,2,39,3,11.06,1,0,0,1,13943145
Sector 57,Apartment,2,3,1299,19,5,2,9.24,1,0,0,5,20382820
Sector 67,Apartment,5,6,2938,18,17,1,1.29,1,0,1,3,57858738
Sector 89,Apartment,3,4,1720,12,19,2,1.07,1,1,0,3,34141016
Sector 84,Apartment,3,4,2107,16,4,1,4.64,1,0,0,1,39960183
Sector 54,Villa,5,5,2929,13,26,2,6.51,0,1,1,1,62452128
Sohna Road,Apartment,2,3,1074,21,24,1,4.2,1,1,1,5,21666481
South City 1,Apartment,3,4,1479,10,39,3,9.81,0,1,1,4,24619111
DLF Phase 5,Apartment,3,3,1057,15,38,3,3.01,1,0,1,3,42544132
Sector 56,Apartment,2,2,1381,10,19,3,10.59,1,0,1,4,25140258
Golf Course Extension Road,Builder Floor,2,3,1609,17,30,2,11.62,1,1,0,3,32567366
Sector 56,Builder Floor,3,3,1452,1,26,2,1.95,1,1,1,1,29309137
DLF Phase 4,Apartment,3,3,1266,22,11,1,9.8,1,1,1,1,41467646
Sector 57,Apartment,3,3,1538,20,39,2,14.43,1,0,1,1,30455939
Sector 70,Apartment,2,3,1281,7,3,2,2.97,0,1,1,5,29363963
DLF Phase 2,Villa,5,6,2646,13,22,3,13.65,1,1,1,3,57032535
Sector 57,Villa,1,1,526,1,17,1,9.13,1,1,1,1,10127541
New Gurgaon,Apartment,3,3,1765,12,11,3,8.91,0,0,1,5,30429980
DLF Phase 1,Apartment,3,4,1842,9,39,2,0.87,1,0,1,4,32422499
South City 1,Builder Floor,2,3,1303,7,27,1,11.25,0,0,1,5,24126937
Sector 56,Apartment,2,2,1117,6,43,2,7.23,1,1,1,5,21510531
Sector 56,Villa,4,5,2224,12,29,3,10.85,0,0,0,2,39225911
Sector 92,Apartment,4,5,1323,23,12,3,12.16,1,0,1,4,23722263
Palam Vihar,Apartment,2,2,1461,18,13,2,7.9,1,0,0,2,23489131
DLF Phase 3,Apartment,3,3,1905,23,11,0,4.03,0,1,1,3,41451156
Golf Course Road,Apartment,3,4,2434,14,31,3,2.21,1,1,0,5,65217264
Golf Course Road,Apartment,2,3,1343,21,11,2,2.49,1,1,1,5,53174014
New Gurgaon,Builder Floor,3,4,1769,1,41,1,13.02,1,1,1,5,35441455
DLF Phase 2,Apartment,4,4,1567,21,43,1,1.94,1,1,0,5,32999074
Sector 85,Apartment,2,2,742,4,36,1,5.83,1,0,1,2,19169801
South City 1,Apartment,5,5,3733,18,2,1,5.08,1,1,0,3,65581902
DLF Phase 2,Apartment,2,2,1357,0,23,3,13.0,1,0,1,2,26986886
Sector 65,Apartment,3,4,2415,6,36,1,7.22,1,1,1,5,47272179
Palam Vihar,Apartment,3,3,2191,17,14,0,14.95,1,0,1,3,34121403
DLF Phase 5,Builder Floor,3,3,1644,0,37,1,11.08,0,0,1,4,49285678
Sector 92,Apartment,3,4,833,0,27,2,12.78,1,0,1,2,16679035
Golf Course Extension Road,Apartment,2,2,1369,6,12,1,1.57,1,0,1,1,34754825
Sector 83,Apartment,3,4,1373,16,29,0,3.87,1,1,0,4,26060081
Sector 92,Builder Floor,4,4,2296,24,6,1,2.12,0,0,0,4,43095055
DLF Phase 1,Villa,2,3,1315,5,44,2,7.01,0,0,1,5,22428303
DLF Phase 1,Builder Floor,4,5,2046,19,23,1,10.8,1,1,1,5,40603758
Sector 84,Apartment,2,3,968,11,10,2,2.62,0,1,1,4,20068211
DLF Phase 1,Apartment,4,4,2227,19,34,1,2.04,1,1,0,2,41670287
New Gurgaon,Apartment,2,3,627,14,44,1,9.26,1,1,1,3,16769192
Sector 92,Apartment,2,2,910,12,12,1,3.53,1,1,1,2,24174277
Sector 67,Apartment,2,2,906,11,32,1,7.24,0,1,0,2,12412906
Sector 57,Apartment,3,3,1700,20,26,1,0.86,1,1,0,4,34307581
Sector 82,Apartment,3,3,1402,1,7,1,10.24,1,0,1,2,34727457
DLF Phase 3,Apartment,3,3,1583,20,32,1,8.17,0,0,0,3,41028105
Sector 70,Builder Floor,2,2,1075,17,33,2,9.75,1,0,1,4,21638545
South City 1,Apartment,3,4,2693,3,18,1,4.2,1,1,1,2,44038406
Sector 54,Apartment,3,4,2123,9,35,3,4.25,1,1,1,5,45425100
Palam Vihar,Builder Floor,3,3,1749,10,20,3,12.04,0,1,1,2,37669240
Sector 65,Apartment,2,2,1325,20,31,3,10.81,0,0,1,4,24435868
Sector 67,Builder Floor,1,1,728,5,5,1,8.74,1,0,1,4,16374285
Sector 67,Apartment,4,4,2561,5,32,3,9.46,1,1,1,5,53023620
DLF Phase 1,Apartment,2,2,910,8,42,1,1.5,1,1,1,4,22553607
Sector 56,Builder Floor,2,3,1161,19,19,1,12.86,0,0,1,1,21526277
DLF Phase 3,Builder Floor,1,2,463,12,1,0,11.57,0,0,0,4,12489405
DLF Phase 4,Builder Floor,3,3,1661,4,7,3,8.9,1,1,1,2,56001450
Sector 83,Apartment,3,3,1733,5,22,1,13.79,1,1,1,3,36103527
Sohna Road,Apartment,3,4,2242,3,34,3,2.61,1,1,0,2,46075549
Sector 83,Apartment,2,2,977,5,10,1,10.33,1,0,0,4,20295586
Sector 84,Apartment,3,3,1432,17,42,3,14.45,0,1,0,1,20114524
Sector 89,Villa,2,2,999,12,26,3,4.72,1,0,0,2,12711318
Palam Vihar,Apartment,4,5,2058,22,32,3,0.33,0,1,1,3,42760960
Sector 82,Villa,3,4,1666,2,42,2,11.05,1,1,1,2,33663694
Sector 83,Apartment,3,3,1938,9,27,3,0.2,1,0,1,5,40827810
Sector 82,Apartment,2,3,980,3,12,4,13.1,1,1,1,1,19975654
DLF Phase 2,Apartment,2,3,1232,24,40,1,0.94,1,1,1,4,22567246
Sector 54,Villa,3,3,1853,14,23,2,9.83,0,1,1,2,32960671
DLF Phase 1,Builder Floor,3,4,2032,11,14,2,5.72,0,0,1,2,36132476
Sector 82,Builder Floor,2,3,1140,14,34,1,3.13,1,0,1,2,19030599
Sector 89,Builder Floor,5,6,3582,20,17,3,13.48,1,1,0,2,60272843
DLF Phase 4,Builder Floor,5,6,3258,24,6,1,11.22,1,1,1,3,75773713
Sector 54,Villa,3,4,1936,9,27,2,5.17,1,1,1,5,40383118
DLF Phase 5,Apartment,5,6,2614,11,8,1,4.33,1,1,0,5,62169835
DLF Phase 3,Apartment,2,2,1276,21,33,1,11.07,0,0,0,1,29099918
Sector 67,Apartment,1,1,649,7,35,1,12.56,0,0,0,1,8840591
Sector 56,Penthouse,1,1,516,20,17,3,10.77,0,1,1,3,9660461
Sector 54,Villa,3,4,2301,20,26,1,9.64,1,1,1,5,42639688
Sector 85,Apartment,2,2,1934,2,7,3,3.5,1,0,0,1,36656220
DLF Phase 2,Builder Floor,5,6,2540,6,24,3,12.81,0,1,0,4,49756266
Golf Course Extension Road,Villa,2,3,1068,17,25,2,11.27,1,1,0,5,30305201
Sector 57,Apartment,2,2,1075,2,35,1,7.81,1,0,1,2,16347768
Sector 56,Apartment,4,5,1666,14,26,1,7.72,0,0,1,5,34324851
Sector 85,Villa,2,2,954,1,5,2,8.58,1,0,0,4,15341954
South City 1,Apartment,2,3,1440,14,38,0,12.44,1,0,1,2,22463163
Golf Course Extension Road,Builder Floor,3,3,1765,12,35,2,11.16,1,1,0,5,41277427
Golf Course Extension Road,Apartment,2,2,1737,23,30,4,12.86,1,0,1,2,44219473
DLF Phase 3,Villa,2,2,1119,19,25,1,7.66,0,0,0,2,24741527
Sector 65,Penthouse,2,2,1316,9,24,2,9.41,1,1,1,3,22290883
Golf Course Extension Road,Villa,3,4,1420,23,30,4,12.83,1,1,1,4,41714840
Sector 84,Apartment,5,5,2922,23,20,3,3.56,1,1,1,3,59376144
DLF Phase 1,Villa,4,5,2449,23,3,3,6.72,0,0,1,5,43337631
DLF Phase 5,Villa,2,2,610,23,32,3,9.35,0,1,1,2,34608259
Sector 83,Apartment,3,3,1453,7,8,1,13.74,0,1,1,5,27806906
Sector 82,Builder Floor,3,3,2067,15,23,3,0.34,0,0,1,5,42344897
DLF Phase 2,Apartment,5,6,3407,24,16,3,3.27,1,1,0,3,63133241
Sector 57,Apartment,2,2,850,15,35,2,3.59,0,0,0,5,13074324
Golf Course Extension Road,Apartment,3,3,1648,1,25,1,4.97,1,1,0,4,43244567
DLF Phase 4,Apartment,4,5,1073,8,15,2,4.3,1,1,1,2,43011384
Sector 92,Apartment,5,5,2997,7,8,1,8.89,1,1,0,1,59880009
Sector 85,Builder Floor,2,3,1552,10,34,1,13.3,0,0,1,4,28354330
New Gurgaon,Apartment,2,2,1565,0,25,2,9.59,1,1,1,1,33009438
DLF Phase 4,Builder Floor,2,2,1555,20,44,2,3.7,0,1,1,1,39526626
Sector 67,Apartment,1,1,673,10,19,2,12.97,0,1,1,3,6502647
DLF Phase 1,Apartment,3,4,2286,17,43,1,9.52,0,0,1,1,40907899
DLF Phase 3,Apartment,3,3,1720,20,13,3,3.36,1,1,1,2,44479201
Sector 83,Builder Floor,3,3,1580,14,12,1,5.49,0,0,1,3,29441763
Palam Vihar,Apartment,2,2,1519,23,15,1,11.87,1,1,0,4,23350383
DLF Phase 4,Builder Floor,2,3,1280,8,23,2,11.11,0,1,0,4,37600322
South City 1,Villa,2,3,697,8,40,1,8.69,1,0,1,4,13839960
Sector 83,Apartment,2,3,1540,0,2,1,2.26,1,0,1,5,31897990
Sector 89,Apartment,4,5,2276,6,40,1,12.07,1,1,1,3,46545012
DLF Phase 1,Apartment,2,3,1013,11,23,3,4.68,0,0,1,3,24567907
DLF Phase 5,Villa,1,2,737,23,5,2,11.6,1,1,0,3,29451934
Sector 89,Apartment,3,3,2154,9,34,1,9.75,1,1,0,2,39716014
Palam Vihar,Villa,3,3,1398,18,10,1,4.04,0,1,1,3,22607395
Sector 54,Apartment,3,3,1734,15,27,2,3.26,1,0,0,2,32981430
Sector 67,Villa,4,4,1891,5,42,3,2.05,1,1,1,4,43077731
Sector 92,Builder Floor,2,2,953,10,4,2,3.7,1,1,1,5,18584197
DLF Phase 5,Penthouse,3,4,543,18,4,3,2.45,1,1,0,1,38607187
New Gurgaon,Apartment,2,3,916,24,8,2,9.29,0,0,0,5,13890852
DLF Phase 4,Builder Floor,2,3,1152,18,6,2,9.02,0,0,1,5,36889610
DLF Phase 4,Apartment,5,5,1016,17,25,3,8.83,1,1,1,5,44242856
DLF Phase 4,Apartment,2,3,815,24,27,3,9.66,0,1,0,1,27047943
DLF Phase 4,Builder Floor,3,3,2054,14,40,3,12.24,1,0,0,2,50649275
Sector 92,Villa,2,3,804,15,20,2,13.71,1,1,0,4,16357023
New Gurgaon,Penthouse,3,3,1733,13,27,3,3.53,1,1,0,1,33814252
Sector 85,Builder Floor,4,5,1474,7,7,2,8.86,1,0,0,4,28264147
Sector 85,Apartment,4,4,2629,7,23,3,1.27,1,1,1,2,52364573
Sector 83,Apartment,4,5,2217,1,20,0,1.89,0,1,0,4,48055017
Sector 57,Builder Floor,3,3,1414,5,34,2,9.85,0,1,1,2,31271093
Sector 85,Apartment,2,3,459,12,29,3,7.35,1,0,0,1,13974884
Palam Vihar,Apartment,3,3,1424,12,44,1,11.4,1,0,1,1,24122915
DLF Phase 2,Apartment,3,3,2079,20,5,2,6.44,1,1,1,4,40040350
New Gurgaon,Apartment,1,1,817,11,27,3,2.0,1,0,1,4,11323619
DLF Phase 4,Apartment,3,3,1707,1,12,1,13.09,1,1,0,5,47955891
Sector 65,Apartment,4,5,2343,20,17,2,1.34,1,1,0,5,42489746
Golf Course Extension Road,Apartment,3,4,1515,19,37,2,2.92,0,1,1,4,45418338
Sector 82,Apartment,2,3,1544,24,34,2,4.23,1,0,1,5,27815488
Golf Course Extension Road,Penthouse,4,4,2265,11,30,0,14.93,1,1,0,4,48245935
Palam Vihar,Apartment,2,3,1450,16,36,1,6.31,1,0,0,3,24569736
New Gurgaon,Apartment,2,2,1269,5,6,1,7.58,0,1,1,5,20255860
Sector 84,Builder Floor,3,4,1851,6,32,1,11.57,1,1,0,4,33839957
Sector 83,Apartment,3,3,1371,5,32,1,9.58,1,0,1,3,27068443
Sector 89,Villa,3,4,2548,20,9,2,12.64,0,0,1,5,45176416
Sector 57,Builder Floor,2,2,1610,3,22,2,7.35,1,1,0,1,32056155
Sector 70,Apartment,2,2,1836,20,10,3,14.59,1,1,1,4,26226621
Sector 84,Apartment,2,3,892,8,29,1,11.97,1,1,1,1,17323040
DLF Phase 5,Villa,5,6,3184,4,11,2,6.08,1,1,1,5,79572811
DLF Phase 2,Villa,3,4,1466,9,28,1,5.78,0,0,1,3,25661765
Sector 92,Apartment,2,2,1324,14,2,3,13.95,1,1,0,4,22677836
Sector 83,Apartment,1,1,640,7,21,2,10.3,0,0,1,3,13694396
Sector 70,Apartment,2,2,1084,22,31,3,9.36,1,1,0,1,15849232
Sector 70,Penthouse,3,4,1703,3,41,0,11.39,0,0,1,4,35293865
DLF Phase 1,Apartment,2,2,1785,4,17,2,8.46,1,1,1,1,27924708
DLF Phase 3,Villa,3,4,1743,6,27,2,2.47,0,1,0,1,49180541
Golf Course Extension Road,Builder Floor,3,3,874,5,30,3,4.86,0,0,0,3,33049108
Sector 82,Apartment,4,5,2099,12,41,2,8.41,1,0,1,5,39823314
Sector 89,Apartment,3,3,1339,18,8,2,0.37,1,0,1,1,29159311
Sector 92,Apartment,3,3,1413,9,37,1,6.62,1,1,1,1,36223723
DLF Phase 2,Apartment,2,3,1398,14,5,2,11.36,0,0,0,2,27625177
Sector 89,Apartment,4,4,2898,2,26,1,2.55,1,1,1,3,55145293
Sector 57,Apartment,3,3,1445,17,6,0,1.06,1,0,1,1,32105855
Sector 89,Builder Floor,2,3,1045,13,16,1,12.56,1,1,0,2,26204255
DLF Phase 5,Apartment,4,4,2009,2,1,4,9.3,1,1,1,3,58997428
Sector 85,Apartment,2,3,1625,10,9,1,2.73,0,0,1,4,30161947
Sector 83,Penthouse,1,2,728,9,21,3,12.11,0,1,1,5,11306036
DLF Phase 4,Villa,2,2,1389,16,7,4,9.91,1,1,1,3,39306145
Sector 65,Villa,4,4,1822,12,43,3,5.08,1,1,1,1,37138640
Golf Course Extension Road,Penthouse,3,3,1082,24,15,3,5.71,1,1,1,2,33578030
Sector 70,Apartment,4,5,3089,1,24,3,2.42,0,0,1,2,61446252
South City 1,Apartment,2,2,1737,12,5,1,12.55,1,0,1,4,23706726
Sector 65,Builder Floor,3,4,1062,18,38,1,7.68,1,0,1,2,22573460
DLF Phase 3,Builder Floor,3,3,2741,4,29,2,8.4,1,1,0,1,58048936
DLF Phase 5,Apartment,4,4,2340,15,11,2,13.26,1,1,1,3,60379901
Sector 84,Builder Floor,1,2,623,9,4,1,0.34,0,1,1,4,15985658
Sector 56,Apartment,2,2,830,11,10,2,1.1,0,1,0,5,20743092
Sector 56,Apartment,2,2,703,19,34,2,2.51,1,0,1,5,15871238
Sector 54,Apartment,4,4,1132,12,4,3,0.55,1,1,1,1,29724624
Sector 84,Apartment,3,3,2232,20,10,2,9.91,0,1,1,4,38732010
DLF Phase 5,Apartment,3,3,1765,15,33,2,9.54,0,1,1,4,52745029
Sector 67,Apartment,3,4,1993,21,18,2,3.24,1,1,0,1,41249317
Sector 56,Villa,5,5,3793,20,12,2,2.33,1,0,1,4,71778076
Sector 57,Apartment,4,5,2346,0,23,4,2.27,1,0,0,2,54517969
Sector 84,Apartment,3,3,2509,21,44,1,14.3,1,1,1,2,44390612
DLF Phase 1,Villa,2,2,968,8,25,2,10.43,1,0,1,1,13178713
DLF Phase 4,Villa,2,3,1083,15,37,2,8.82,1,1,0,1,37296710
DLF Phase 4,Villa,5,5,2368,18,4,2,4.91,0,0,1,2,59316178
Sector 85,Builder Floor,3,3,2150,14,13,1,6.55,1,1,1,3,43222119
Sector 57,Builder Floor,2,3,1511,17,18,1,1.43,0,1,0,1,25801912
Sector 85,Apartment,3,4,1609,21,29,1,14.97,1,1,0,2,24819386
Sector 70,Apartment,4,4,1619,11,44,1,11.35,1,1,1,3,34957225
Sector 82,Apartment,3,4,2316,13,30,3,9.36,0,1,1,3,40996435
Golf Course Road,Apartment,3,4,1430,2,38,2,8.86,0,1,1,2,53332604
Sector 56,Apartment,4,5,2174,3,28,1,7.61,0,1,0,2,43986796
Sector 82,Builder Floor,3,4,1349,5,7,1,3.94,1,1,1,4,31337096
DLF Phase 4,Apartment,2,2,1280,15,24,1,3.47,0,1,1,3,39708158
Sector 85,Apartment,5,5,2461,12,41,3,8.29,1,0,0,5,51979867
Sector 85,Apartment,5,6,3490,11,10,2,1.15,1,1,1,4,67388223
Sector 84,Builder Floor,4,4,2086,21,37,4,1.21,1,1,0,4,41418502
Sector 65,Apartment,3,4,2025,11,27,1,8.46,1,1,1,3,37386492
Golf Course Extension Road,Villa,2,2,941,1,21,3,13.81,1,0,1,3,30399562
Sector 83,Apartment,4,4,3086,12,36,1,13.72,1,1,1,3,53836387
Sector 54,Apartment,2,3,1060,2,43,1,0.26,0,1,1,1,25475968
Sector 70,Apartment,4,5,2450,12,29,0,1.7,0,1,1,2,50932083
DLF Phase 3,Builder Floor,4,4,1734,24,7,2,8.79,1,1,0,2,46191298
Sector 89,Apartment,3,3,1793,1,13,1,12.74,1,0,1,2,34895617
Sector 85,Builder Floor,4,4,1755,18,23,2,14.32,0,1,1,3,34284719
Sector 56,Apartment,4,5,2375,8,25,3,12.92,1,1,1,4,47213214
Golf Course Road,Apartment,2,2,930,19,41,1,10.2,0,0,1,3,38892771
Sector 67,Villa,3,4,1734,0,13,1,3.09,1,1,1,3,34666189
Sector 56,Builder Floor,2,3,1330,12,37,3,1.18,1,0,1,4,24545850
Sector 85,Builder Floor,3,4,1223,1,30,2,0.81,1,0,1,5,29767645
Sector 92,Villa,2,2,1187,14,26,3,9.22,1,1,0,1,19091809
Sector 83,Villa,3,4,1971,18,12,1,0.64,1,1,1,5,35932977
Golf Course Road,Builder Floor,4,4,2626,24,1,1,11.11,1,0,1,3,66145255
Sector 67,Builder Floor,5,6,4342,24,18,1,10.72,1,0,1,2,77832858
DLF Phase 4,Builder Floor,2,2,991,15,21,3,1.29,1,0,1,2,39725568
South City 1,Builder Floor,3,3,1798,10,24,3,13.61,0,1,1,4,33631636
Sector 70,Apartment,3,4,2534,14,17,4,7.88,0,1,1,3,45604688
DLF Phase 1,Builder Floor,5,6,2038,5,42,2,13.58,0,1,1,4,45877955
Sector 92,Apartment,3,3,835,13,9,3,13.53,1,0,1,4,16669849
DLF Phase 5,Villa,3,3,2024,5,40,2,3.04,0,0,1,1,56217807
Sohna Road,Villa,5,6,3730,18,28,2,5.77,0,1,1,4,73781159
Sector 65,Apartment,3,4,913,4,15,3,2.11,0,0,0,3,22767244
DLF Phase 2,Builder Floor,4,4,2220,10,13,1,11.65,1,1,1,1,41931959
Sector 65,Apartment,4,4,1829,3,28,1,7.61,1,1,0,2,37781901
DLF Phase 5,Apartment,5,6,3216,8,17,1,13.94,1,0,0,1,76148331
Palam Vihar,Builder Floor,2,2,1190,8,9,3,3.2,0,0,0,3,24094651
DLF Phase 5,Apartment,3,4,2349,16,21,1,10.36,1,0,1,5,60627865
Sector 67,Builder Floor,4,5,1646,7,30,1,14.84,1,1,0,1,27735853
Sector 57,Builder Floor,3,4,1962,14,11,4,10.01,1,1,1,5,39682653
Sector 56,Apartment,3,4,2061,8,30,1,1.12,1,1,1,1,37025652
DLF Phase 1,Apartment,2,2,1214,4,36,1,8.87,1,0,1,1,24806908
DLF Phase 3,Apartment,1,2,450,3,25,2,2.78,1,0,0,4,21412276
Sector 85,Apartment,3,4,1974,19,7,3,0.55,1,0,0,5,38137751
Sector 65,Penthouse,3,3,1493,17,20,1,5.09,1,0,1,5,30148370
DLF Phase 3,Builder Floor,3,3,1067,8,35,2,4.06,0,1,1,1,32353415
Sector 57,Apartment,3,4,1955,20,10,0,11.85,0,1,0,3,31983463
DLF Phase 2,Builder Floor,3,4,2122,2,35,2,5.67,1,1,1,3,43862125
DLF Phase 3,Apartment,3,4,1541,21,1,1,11.02,1,1,0,5,37716238
Sector 70,Builder Floor,3,4,2150,8,14,1,0.34,1,1,0,4,38419502
DLF Phase 4,Apartment,3,4,2154,8,5,2,0.32,1,1,1,4,58902978
Sector 89,Builder Floor,3,4,1792,20,40,3,0.54,1,1,0,3,36341573
Sector 67,Apartment,2,2,1366,23,44,2,3.37,0,1,0,4,23665715
Golf Course Extension Road,Penthouse,3,3,2210,3,38,3,5.67,0,0,1,1,53305372
Sector 65,Apartment,3,4,2020,20,34,2,9.16,1,0,0,1,35739331
DLF Phase 3,Builder Floor,3,3,839,6,24,0,14.79,1,1,0,5,31445408
South City 1,Villa,2,2,494,6,4,1,5.38,1,1,1,2,16068709
South City 1,Apartment,4,5,2996,22,27,3,0.93,1,1,1,3,57013795
Sector 57,Villa,2,2,1007,7,5,2,3.0,1,0,0,3,23419920
DLF Phase 2,Builder Floor,4,4,2122,20,43,4,13.48,1,1,1,2,45110959
Palam Vihar,Apartment,1,2,864,0,13,1,10.52,1,1,0,4,18024754
Sector 57,Apartment,5,6,2486,8,40,1,11.87,1,1,1,1,49572847
Sector 65,Builder Floor,3,4,1741,24,21,1,1.95,0,0,1,1,26886647
Sector 65,Apartment,3,3,1805,22,37,1,2.11,1,1,1,3,30057009
Sector 82,Apartment,2,3,1140,11,32,1,1.77,1,1,1,3,24841920
DLF Phase 2,Apartment,1,1,788,5,38,2,12.87,1,1,1,4,13843328
Sector 85,Builder Floor,2,3,1095,12,31,2,3.23,1,1,0,4,21244531
Sector 67,Apartment,2,3,1401,4,32,1,9.68,1,1,1,3,28777278
Sector 70,Villa,3,4,1829,20,15,1,7.79,1,0,0,4,35458039
DLF Phase 5,Penthouse,2,3,1470,18,30,2,8.21,0,0,1,2,44124527
Sector 56,Penthouse,4,4,1631,0,43,2,3.01,1,0,1,1,35179292
Sector 65,Builder Floor,2,2,569,21,7,2,9.57,0,1,1,3,17562685
Sector 56,Apartment,4,5,2416,23,38,2,0.74,1,0,1,2,45539038
Sector 54,Builder Floor,3,3,1444,17,31,3,14.9,1,0,1,2,29627648
DLF Phase 2,Apartment,2,3,1610,7,44,2,0.5,1,1,0,5,30965375
DLF Phase 5,Apartment,3,4,1765,23,26,3,0.85,1,1,1,3,49520627
Golf Course Extension Road,Apartment,2,2,1261,7,36,2,4.94,0,1,1,5,37208136
Golf Course Road,Apartment,2,2,1113,14,43,1,12.49,0,0,0,2,47808365
Palam Vihar,Builder Floor,3,4,1526,18,26,1,3.93,1,1,1,3,33688528
South City 1,Builder Floor,3,4,1824,9,44,2,7.13,1,1,0,5,35762067
DLF Phase 3,Apartment,4,5,2968,23,2,2,0.37,0,0,0,1,64100445
Sector 67,Apartment,3,3,1668,15,43,2,1.28,0,1,0,3,31252554
DLF Phase 3,Penthouse,5,6,2732,10,43,1,9.16,1,0,1,5,65995844
New Gurgaon,Apartment,5,6,3563,11,9,2,3.0,0,1,0,4,72209194
Golf Course Road,Apartment,4,5,1456,15,5,3,10.44,0,0,0,3,50997457
Sector 54,Apartment,3,4,2299,15,27,2,11.8,1,1,1,4,42330290
Sector 84,Builder Floor,2,3,974,19,12,2,12.77,1,1,1,3,19665909
Sector 56,Builder Floor,2,3,1464,2,35,4,2.09,1,0,1,5,29285869
Sector 65,Apartment,3,3,1923,8,29,2,6.89,1,0,1,5,35695567
Sector 84,Apartment,3,4,924,7,16,1,14.21,1,0,1,3,21645691
DLF Phase 4,Builder Floor,2,3,1203,9,19,3,11.6,1,1,0,2,36092157
DLF Phase 2,Builder Floor,3,3,2351,12,43,1,1.84,0,0,1,5,45624534
Sector 54,Apartment,1,1,557,17,27,2,7.59,0,1,1,3,9088741
Golf Course Extension Road,Villa,4,5,2281,12,18,1,13.84,0,0,1,3,53880742
DLF Phase 2,Apartment,2,2,985,12,41,0,6.66,0,1,1,1,15552119
Sector 85,Apartment,3,4,2302,14,13,1,12.58,1,1,1,4,38798140
New Gurgaon,Villa,4,4,2140,12,30,1,7.49,1,1,1,1,40102686
DLF Phase 4,Apartment,2,2,1701,15,26,1,1.69,1,0,1,4,43919521
Sohna Road,Builder Floor,3,4,2285,7,6,1,2.3,1,1,0,4,40266007
Sector 92,Apartment,4,4,3145,18,3,3,0.8,1,1,1,1,59633536
Sector 70,Apartment,2,3,1222,9,23,3,3.01,1,1,1,2,29637397
Sector 65,Penthouse,2,2,1063,11,12,3,13.41,0,0,1,3,18754626
Palam Vihar,Apartment,2,3,1333,13,41,3,9.79,1,0,1,5,22601451
New Gurgaon,Villa,3,3,2451,5,41,2,11.11,1,1,1,3,41912565
Sector 85,Apartment,3,4,2544,20,15,3,9.36,0,1,1,1,44316319
Sector 54,Apartment,2,3,679,23,1,2,5.86,0,0,0,2,13192330
Sohna Road,Apartment,3,4,2936,8,8,2,3.33,0,0,1,5,47551996
DLF Phase 2,Builder Floor,2,3,1270,6,31,2,13.89,1,0,0,5,17530648
Sector 82,Apartment,4,4,2836,5,11,1,7.77,0,1,0,2,51915133
Sector 57,Villa,2,3,949,21,17,3,7.27,1,1,1,5,21864419
Sector 89,Apartment,4,4,1860,0,27,2,14.94,1,1,0,5,42243584
Sector 92,Penthouse,3,3,1195,20,31,1,5.82,1,0,0,2,21536252
Sohna Road,Apartment,4,5,3354,13,27,1,12.83,1,0,1,1,61478428
Sector 89,Villa,3,4,1511,23,14,1,12.95,1,1,1,1,26980740
DLF Phase 5,Builder Floor,3,3,1761,5,23,3,3.57,1,0,0,5,49952293
Sector 54,Builder Floor,3,3,1673,11,5,4,1.51,1,0,0,1,38450749
Sector 82,Villa,4,4,1828,16,30,1,14.64,1,1,0,1,29837115
Sohna Road,Builder Floor,3,4,1716,4,34,1,6.45,1,0,0,5,33912557
Sector 89,Builder Floor,3,4,1836,10,19,1,0.13,1,1,0,5,35131267
South City 1,Apartment,3,3,2324,4,31,3,7.54,0,0,1,1,42994551
Sohna Road,Apartment,4,4,1806,11,16,1,9.33,1,0,0,4,39042447
Sector 89,Villa,3,3,1554,2,27,3,11.66,0,0,1,2,25033389
Sector 85,Apartment,3,4,2031,23,26,2,14.15,0,1,1,1,32766921
Sector 56,Builder Floor,3,3,1819,8,39,3,13.74,0,1,1,1,36305576
Golf Course Extension Road,Apartment,3,3,1826,5,29,2,14.11,0,1,0,4,43290079
Sector 57,Apartment,5,5,2320,21,39,2,0.58,1,1,1,3,43124065
DLF Phase 1,Apartment,4,4,2835,1,44,2,10.71,1,0,1,3,51490856
Sector 89,Builder Floor,3,4,2393,1,29,3,3.47,1,0,1,2,43747706
DLF Phase 5,Apartment,3,3,2354,21,31,3,2.89,0,1,1,5,62705902
Sector 89,Apartment,4,5,2291,11,2,2,12.02,1,0,0,1,43105065
DLF Phase 1,Apartment,3,4,715,7,6,2,6.32,0,1,1,4,17783854
Sector 82,Apartment,5,5,3163,1,9,3,13.76,1,1,0,5,63616831
Sector 83,Apartment,2,3,1228,8,15,3,0.73,1,0,1,5,26116138
South City 1,Apartment,2,2,914,15,20,2,12.05,0,1,1,3,12920450
Golf Course Extension Road,Builder Floor,2,2,969,24,2,0,2.14,1,0,1,1,27383833
Sector 65,Apartment,3,3,1381,14,3,1,2.73,1,0,1,2,26469595
Sohna Road,Apartment,5,5,3192,13,30,3,7.21,1,0,0,4,65713286
DLF Phase 5,Apartment,1,1,484,19,8,1,5.99,1,1,1,1,25918080
Sector 56,Apartment,4,5,2492,3,40,1,7.34,1,0,1,5,45111629
New Gurgaon,Apartment,3,4,2798,3,21,1,14.11,1,0,1,5,48928821
DLF Phase 5,Apartment,4,4,2295,10,39,2,9.9,1,0,0,2,63186559
Sector 84,Apartment,3,4,1312,20,43,2,4.43,1,0,1,3,26759852
DLF Phase 5,Apartment,4,4,1586,23,13,1,2.68,1,1,1,2,54362872
Palam Vihar,Builder Floor,1,2,646,17,40,1,6.36,0,0,1,2,12822616
Sector 82,Villa,4,5,3521,4,41,3,6.83,1,1,1,1,66070546
Sector 67,Builder Floor,2,2,947,1,37,3,9.06,1,1,0,3,22553548
DLF Phase 1,Apartment,3,4,894,14,32,1,4.06,1,1,1,5,26468186
Sector 54,Apartment,4,5,3356,10,14,1,11.54,1,0,1,3,62472896
South City 1,Apartment,2,3,1904,23,1,2,1.57,1,0,1,1,29074800
DLF Phase 1,Apartment,2,2,1411,16,27,3,8.45,0,1,1,1,21308888
Sector 54,Penthouse,3,4,1980,15,24,3,9.39,1,0,0,2,37800869
Sector 85,Apartment,3,4,1828,14,22,2,3.18,1,1,0,1,32448138
Sector 85,Apartment,3,4,2086,22,14,3,12.41,1,0,1,3,33461854
New Gurgaon,Apartment,2,3,1377,2,8,1,9.27,1,1,1,2,29486298
Sector 83,Builder Floor,1,2,639,19,27,1,9.72,1,0,1,2,8987722
Sector 67,Apartment,3,4,1400,14,3,2,7.52,1,0,1,2,30446418
Golf Course Extension Road,Apartment,2,3,1277,23,33,3,13.65,0,1,1,3,35595887
DLF Phase 1,Apartment,4,5,2344,18,21,2,10.44,0,0,0,2,42579680
Sector 83,Apartment,1,2,487,12,32,4,5.79,0,0,1,4,13056485
DLF Phase 1,Apartment,3,3,1915,15,40,3,3.66,0,0,1,4,37327976
Sector 84,Apartment,1,2,531,22,41,2,1.16,1,0,1,3,12969572
Golf Course Road,Apartment,2,3,1218,11,44,1,2.56,1,0,1,5,42463423
DLF Phase 2,Apartment,3,4,1991,16,41,1,14.89,0,0,1,5,34522423
Sector 84,Apartment,3,4,2051,15,32,3,6.16,1,1,1,2,34580244
Golf Course Road,Apartment,1,2,535,8,24,1,13.49,1,0,1,3,30872987
Sector 70,Apartment,1,1,663,5,11,0,2.64,0,1,0,2,9316088
Sector 85,Builder Floor,2,2,1391,18,37,3,6.44,1,1,0,2,21819065
Golf Course Road,Builder Floor,4,4,2945,22,21,3,14.41,1,0,1,4,73472922
Sector 56,Apartment,3,3,1928,12,18,1,1.46,0,0,0,1,39796598
Sector 85,Apartment,1,2,684,20,11,3,8.95,0,1,0,3,12164971
Sector 57,Apartment,3,4,1623,23,27,0,13.8,1,1,1,1,29662419
Sohna Road,Builder Floor,3,4,2882,7,43,1,14.25,1,0,1,4,45479829
Sector 56,Builder Floor,4,4,2364,11,38,2,12.71,1,1,1,1,49431711
Sector 84,Apartment,5,5,3784,8,1,3,12.85,1,1,1,4,69766187
South City 1,Villa,2,2,1063,21,29,0,9.82,1,0,0,5,21590309
Golf Course Road,Apartment,2,2,1304,3,21,1,3.38,1,1,1,4,47271645
Sector 70,Apartment,2,3,1294,12,29,1,10.99,0,0,0,3,24345000
Palam Vihar,Builder Floor,4,5,2695,1,9,4,14.68,1,1,1,5,48104938
Palam Vihar,Villa,5,5,2406,2,7,2,7.94,1,0,1,2,50445106
Golf Course Road,Builder Floor,3,4,1963,4,38,2,3.98,0,0,1,3,62239329
Golf Course Extension Road,Builder Floor,2,2,1064,23,31,1,8.64,1,1,0,3,35630110
Sector 65,Apartment,3,3,2144,17,27,2,10.39,1,0,0,3,43395784
DLF Phase 3,Builder Floor,2,2,954,20,42,2,3.2,1,0,1,1,30565849
Sector 70,Apartment,2,2,1285,13,32,3,10.82,1,1,1,1,19859183
Palam Vihar,Villa,3,4,1788,24,5,1,8.85,0,0,1,2,29834694
Sector 89,Apartment,1,2,859,1,33,4,9.22,0,1,0,1,14727959
South City 1,Builder Floor,2,2,1512,14,15,2,4.66,1,0,1,3,30926654
Sector 83,Apartment,3,3,2376,7,5,1,2.41,1,1,0,4,44003945
Golf Course Extension Road,Builder Floor,1,2,491,15,20,1,9.39,1,0,1,2,21610898
Sohna Road,Apartment,2,3,1092,2,38,2,8.83,0,1,0,2,27951053
Sector 85,Builder Floor,2,2,1198,23,37,3,5.14,1,0,1,3,21333998
Sector 67,Apartment,4,4,3040,19,17,2,4.51,0,1,1,5,51714334
New Gurgaon,Apartment,4,4,2610,19,4,2,5.27,1,0,1,1,49074992
Sector 57,Apartment,1,1,495,22,21,1,7.4,0,0,1,5,4904859
Sector 56,Apartment,3,3,1503,4,34,1,14.62,1,0,0,3,26453119
New Gurgaon,Villa,2,3,1533,3,40,2,11.48,1,0,1,5,28927251
South City 1,Apartment,3,4,1971,22,5,2,12.79,1,0,1,3,41422604
Sector 57,Penthouse,4,4,2429,11,4,3,7.63,1,1,1,1,45507874
Sector 82,Apartment,4,4,2382,18,22,1,7.94,1,0,1,1,45419850
Sector 92,Apartment,3,3,2176,14,14,1,3.14,1,0,1,2,38737993
DLF Phase 2,Builder Floor,5,5,2261,24,4,1,10.84,1,1,1,5,45322337
Sector 67,Builder Floor,5,6,3036,12,8,3,6.38,1,1,1,5,63911769
DLF Phase 2,Apartment,4,5,2462,4,3,2,11.16,1,1,1,5,50829577
Sector 89,Apartment,3,3,1276,11,29,1,6.19,1,1,1,5,27707389
DLF Phase 2,Builder Floor,3,4,1712,18,26,1,1.72,1,0,1,4,32713652
DLF Phase 3,Apartment,3,3,2760,1,30,1,2.68,0,1,1,2,64272011
Golf Course Road,Penthouse,1,1,483,6,12,2,12.19,1,0,1,2,36346228
DLF Phase 3,Penthouse,2,3,1235,22,15,3,3.95,1,1,1,4,34288032
Sector 56,Builder Floor,3,3,927,4,41,4,4.04,1,1,1,5,27465645
Golf Course Road,Apartment,3,4,1741,19,2,2,13.95,1,1,1,4,57782481
South City 1,Builder Floor,4,4,1798,10,1,1,9.9,1,1,0,5,34784734
Sector 83,Apartment,1,1,550,17,28,2,1.8,1,1,0,4,10464428
Sector 84,Apartment,2,2,1319,17,40,3,2.24,0,1,0,2,26172303
Sector 89,Apartment,4,4,1769,6,35,1,4.16,1,0,1,4,38643116
DLF Phase 3,Apartment,3,4,1901,9,34,3,8.95,1,0,1,3,44705338
Sector 85,Villa,2,2,981,22,4,3,11.32,1,1,1,5,16878249
Golf Course Extension Road,Builder Floor,5,6,2065,19,18,2,4.19,1,0,1,4,58334346
Sector 57,Builder Floor,4,5,2950,13,12,2,13.07,1,1,0,5,50765585
Sector 92,Apartment,3,3,1396,19,21,2,1.73,0,1,1,1,26532912
Sector 65,Apartment,4,5,2162,19,10,2,3.19,1,0,1,5,40491962
DLF Phase 5,Apartment,3,3,1560,10,21,0,14.56,1,1,0,4,48889804
DLF Phase 3,Penthouse,4,5,2521,1,40,1,2.11,0,1,1,5,63979090
Sector 54,Apartment,4,5,2418,12,25,1,13.33,0,1,0,3,36945138
DLF Phase 4,Villa,2,2,1153,12,17,3,10.59,1,0,0,3,32953387
DLF Phase 5,Apartment,3,3,1502,8,6,2,1.19,0,1,1,4,48495583
DLF Phase 1,Apartment,1,2,562,16,14,2,7.31,0,1,1,4,13371742
Sector 85,Builder Floor,1,1,641,14,37,3,7.83,1,1,1,5,8434715
Sector 65,Apartment,4,4,2466,23,40,1,13.99,1,1,0,2,45545111
Sector 67,Villa,3,4,2271,21,40,2,6.37,1,1,0,3,44897970
Sector 57,Villa,4,5,2827,22,18,2,6.76,1,0,0,3,50836306
DLF Phase 2,Apartment,4,4,3019,20,30,1,1.78,1,1,0,1,54900346
DLF Phase 5,Apartment,5,6,3947,21,9,1,9.62,1,1,1,1,87358768
Sector 67,Apartment,4,4,2504,21,14,4,3.24,1,1,1,2,42845330
Sector 83,Villa,3,3,2158,15,17,3,1.26,1,1,1,3,39359095
Sector 83,Apartment,2,3,1293,24,34,0,14.95,1,1,1,4,24506072
DLF Phase 3,Builder Floor,2,2,1571,9,22,4,4.12,1,1,1,3,42650436
Palam Vihar,Builder Floor,3,4,1062,19,32,3,2.2,1,0,1,4,26539548
DLF Phase 4,Builder Floor,3,3,1667,11,12,1,10.52,1,0,1,4,46183443
Sector 54,Apartment,3,3,1972,4,16,1,12.34,1,1,1,2,38808441
South City 1,Builder Floor,3,3,2039,19,22,1,1.05,1,0,1,3,37535895
Sector 70,Villa,5,6,2987,16,38,2,1.67,1,0,1,5,53293688
DLF Phase 3,Apartment,4,5,1468,9,39,2,1.44,0,1,1,3,41363767
Sector 83,Apartment,3,3,1725,5,2,1,0.8,1,1,1,3,33528608
Palam Vihar,Penthouse,2,3,1428,20,8,2,9.93,1,1,1,1,21180859
Sector 82,Apartment,1,2,555,19,44,1,8.87,1,1,1,2,9529767
Sector 56,Villa,2,2,1225,5,1,1,9.98,1,0,1,5,25847872
Sector 57,Apartment,4,5,3473,11,41,2,7.63,1,0,0,5,67306814
Sector 54,Apartment,2,3,1147,20,40,1,12.28,1,1,0,5,18762997
Sector 83,Villa,3,4,1733,18,41,2,8.25,1,1,1,4,31672569
Sector 56,Apartment,3,3,1881,1,5,3,13.79,1,1,1,2,39020954
Sector 84,Apartment,2,2,1266,12,36,1,7.34,1,0,1,1,20767208
Sector 89,Apartment,2,3,1237,21,17,0,11.88,1,1,1,4,25222656
DLF Phase 2,Apartment,3,3,1965,19,41,1,6.17,0,1,0,5,35346117
South City 1,Apartment,3,4,1300,10,30,2,6.58,1,0,1,4,27092719
DLF Phase 2,Apartment,4,4,2332,14,15,2,12.75,1,0,0,4,42377320
Golf Course Road,Penthouse,4,5,1712,12,20,2,1.7,0,1,1,5,64837851
Sector 89,Apartment,3,3,1823,2,36,2,8.52,1,0,1,5,35881948
Sohna Road,Builder Floor,4,5,2738,13,2,1,10.92,1,0,1,1,45656096
DLF Phase 3,Apartment,3,3,1741,7,4,1,11.28,1,0,1,2,48141882
Sector 70,Builder Floor,5,6,2337,8,24,1,8.91,0,0,1,3,49674381
Sector 83,Apartment,2,2,1079,14,42,2,6.78,0,0,1,3,20575621
DLF Phase 1,Penthouse,3,3,2556,22,2,1,3.99,0,0,1,3,34511068
New Gurgaon,Apartment,3,3,2408,17,2,3,13.65,1,0,1,1,38902754
DLF Phase 3,Apartment,2,3,1048,7,1,2,5.61,0,1,1,4,31879816
Palam Vihar,Apartment,2,3,1046,10,13,1,12.0,0,0,1,5,15909437
Sector 85,Apartment,3,4,1754,4,6,2,0.57,1,1,0,2,34741829
Sector 57,Apartment,2,2,1547,14,22,4,3.56,1,1,0,3,25583880
Golf Course Road,Apartment,2,3,709,14,17,0,5.25,0,0,1,2,37510778
South City 1,Builder Floor,5,5,2611,6,22,1,10.11,0,0,0,2,52505655
New Gurgaon,Apartment,4,4,2630,20,43,2,4.86,0,1,1,5,50913807
DLF Phase 1,Apartment,4,4,2565,17,6,2,0.72,0,0,0,1,49019225
New Gurgaon,Apartment,4,5,2160,11,3,1,2.69,0,1,1,5,41758096
Sector 56,Builder Floor,5,5,2823,11,6,3,3.96,1,1,1,1,60794032
Golf Course Road,Apartment,3,4,1939,3,17,2,2.72,1,0,1,4,61808894
South City 1,Apartment,2,3,1085,10,35,3,3.14,0,1,1,2,16567534
Sector 65,Apartment,4,4,1804,20,37,1,11.56,1,1,1,3,37017673
DLF Phase 4,Builder Floor,4,5,2296,5,35,3,6.24,1,0,1,2,58423410
Sector 67,Builder Floor,3,3,1879,20,23,1,6.14,0,0,1,5,33062217
Sector 84,Apartment,3,3,907,9,8,1,14.5,0,1,1,1,20123544
Sohna Road,Villa,3,4,1964,14,7,3,6.76,1,1,1,4,39200105
Sector 92,Builder Floor,5,5,3681,0,10,1,13.92,1,0,0,4,70061354
DLF Phase 3,Apartment,3,3,1649,16,26,3,4.56,0,0,1,1,41494311
Sector 65,Villa,5,5,2762,2,10,2,6.07,0,0,0,1,57506455
Golf Course Extension Road,Apartment,4,5,1986,24,19,4,6.0,1,0,1,1,49574441
Sector 65,Apartment,3,4,1735,10,23,2,8.24,1,0,1,4,37301521
DLF Phase 2,Apartment,3,4,1565,17,31,3,8.81,1,0,1,2,26456842
Sector 70,Apartment,3,3,2407,9,33,0,3.8,1,1,0,2,39254157
Palam Vihar,Apartment,1,1,617,20,2,2,11.92,0,1,1,4,10991237
South City 1,Villa,2,3,598,8,28,2,7.5,0,1,1,3,11204923
DLF Phase 5,Apartment,4,5,2719,6,32,3,0.2,1,1,0,5,74467991
Sector 57,Apartment,3,4,2522,10,33,1,8.91,1,0,1,4,46263352
New Gurgaon,Apartment,2,3,1342,7,9,2,11.99,0,0,1,3,27420473
Sector 54,Villa,2,3,1533,1,29,2,3.83,1,1,1,5,33368126
DLF Phase 5,Apartment,5,5,3474,4,15,1,0.66,1,1,1,2,87664888
DLF Phase 3,Apartment,3,4,2216,8,18,2,12.13,0,1,0,1,52508788
Sector 84,Apartment,4,4,2927,0,18,3,14.65,1,0,1,5,55056313
DLF Phase 2,Apartment,2,2,1467,16,7,1,1.24,1,1,1,1,26518100
DLF Phase 1,Penthouse,3,3,1933,9,14,2,14.08,1,0,1,3,38553609
Golf Course Extension Road,Penthouse,1,1,450,7,29,4,5.45,1,0,1,4,28130946
Sector 70,Apartment,3,4,1342,17,19,0,14.13,0,0,1,4,24259708
DLF Phase 5,Villa,3,3,1350,24,5,2,9.77,1,1,1,1,46914660
Sector 89,Builder Floor,2,3,492,9,41,2,13.36,1,0,1,5,12065813
Sector 54,Villa,3,3,1617,8,5,3,11.81,0,1,0,5,30335671
South City 1,Apartment,3,4,2394,3,15,2,0.52,1,1,1,3,48188495
DLF Phase 2,Apartment,3,4,1196,1,26,2,1.08,0,1,1,4,31151839
Sohna Road,Apartment,4,4,2807,18,24,1,7.93,0,1,1,1,51373766
Sector 57,Builder Floor,2,3,1348,9,19,2,2.03,1,0,1,2,26912413
DLF Phase 3,Apartment,3,3,1896,16,20,3,6.97,0,1,0,4,45476737
DLF Phase 2,Apartment,5,6,3827,2,43,1,14.32,1,1,0,4,65992153
Golf Course Extension Road,Apartment,4,4,2376,20,9,0,4.49,1,0,1,3,56369527
DLF Phase 5,Builder Floor,5,5,4065,18,28,3,7.38,0,1,1,4,94179285
New Gurgaon,Apartment,3,4,1716,18,16,2,5.83,1,0,0,3,35848752
DLF Phase 5,Builder Floor,4,5,2592,21,11,2,9.48,1,0,0,3,63001488
Sector 92,Penthouse,3,3,1740,18,34,3,2.99,1,1,1,2,35607066
Sector 67,Apartment,2,2,941,18,25,3,3.97,1,1,0,5,20966084
New Gurgaon,Builder Floor,4,5,1645,14,40,4,12.9,1,0,0,4,39364874
Sector 92,Apartment,3,3,2041,24,21,3,12.19,0,1,0,3,37521095
Golf Course Road,Villa,2,2,1577,17,5,2,11.86,0,0,1,3,48847522
Sector 92,Apartment,2,2,1268,16,11,3,11.59,1,1,1,5,25712432
Sector 85,Builder Floor,4,5,2687,9,43,2,6.95,0,1,1,5,49183694
DLF Phase 2,Builder Floor,2,2,764,23,9,3,10.96,1,1,1,3,15869585
Golf Course Road,Villa,2,2,1307,13,11,3,5.87,1,1,1,4,53545774
Sector 57,Builder Floor,3,4,926,18,37,1,1.6,0,1,0,4,21762741
DLF Phase 3,Apartment,2,2,865,22,41,1,5.96,0,1,1,4,25297916
DLF Phase 1,Apartment,4,4,3147,17,1,1,2.46,0,1,1,5,60525557
DLF Phase 1,Villa,3,3,1805,10,26,3,5.92,1,0,0,4,33753563
Sector 89,Apartment,3,3,1844,10,10,3,4.53,1,0,1,4,33347740
DLF Phase 5,Apartment,5,6,3387,11,40,2,9.03,0,1,0,4,85409393
Sector 67,Villa,3,3,2135,7,19,2,5.49,0,1,1,5,39033909
Sector 89,Builder Floor,3,3,1686,15,16,3,10.61,1,1,1,1,31629786
Sector 65,Builder Floor,4,4,2564,24,37,1,7.73,0,1,1,1,44614677
Sector 83,Apartment,3,3,1770,23,41,1,13.8,1,1,1,4,37244209
Sector 89,Builder Floor,2,2,771,7,4,2,1.46,1,1,1,1,12172605
DLF Phase 3,Apartment,4,5,2201,23,14,3,10.35,0,0,1,4,52843010
Sector 65,Builder Floor,4,5,2631,13,30,3,10.12,1,0,1,5,45896013
DLF Phase 5,Apartment,4,4,2184,22,7,1,14.26,1,0,0,4,60467751
DLF Phase 2,Builder Floor,5,5,2736,17,12,1,5.64,0,1,1,2,50572657
Palam Vihar,Penthouse,4,5,2838,23,24,2,4.65,0,0,0,3,49458077
Golf Course Extension Road,Apartment,4,5,2490,20,39,3,2.67,1,1,0,5,59347210
Sector 67,Penthouse,4,5,2597,21,43,2,4.05,1,0,1,2,48397386
Sector 82,Apartment,1,1,450,3,22,2,7.58,0,0,1,2,6339926
Palam Vihar,Villa,3,3,1988,16,30,1,12.58,0,1,1,3,38095012
DLF Phase 3,Builder Floor,4,4,1779,12,39,3,4.34,0,0,1,2,44623019
New Gurgaon,Apartment,3,3,1789,4,20,1,2.45,0,1,1,3,34244236
Sector 92,Builder Floor,2,2,902,2,26,1,4.15,1,1,1,4,17738281
DLF Phase 5,Villa,2,2,1461,8,5,3,1.6,0,1,1,5,49703607
Sohna Road,Apartment,2,3,1712,19,40,4,13.91,1,1,1,5,29584251
Palam Vihar,Apartment,3,4,1738,17,42,2,13.1,0,1,1,5,37054766
DLF Phase 1,Builder Floor,4,4,2312,19,6,2,4.7,1,0,0,3,34090921
Sohna Road,Builder Floor,5,5,3721,18,34,1,3.78,1,1,1,3,70050415
Sector 85,Builder Floor,4,4,2720,18,5,0,13.59,1,0,0,2,43312302
Sector 92,Builder Floor,4,5,2360,20,10,1,0.13,0,0,1,5,43067094
Sector 83,Apartment,3,4,1954,15,28,2,9.05,0,0,1,2,35194650
Sector 85,Builder Floor,3,4,2652,0,3,1,13.75,0,1,1,4,49381885
Sector 92,Apartment,3,4,1517,4,13,3,7.68,1,1,1,2,40730012
Sector 65,Apartment,3,3,1553,23,2,1,0.14,0,1,1,5,28088663
Sector 67,Apartment,2,3,1422,14,35,2,3.36,0,0,0,3,23614314
Sector 67,Apartment,3,4,2687,11,28,2,13.84,1,0,0,2,43834167
Sector 56,Apartment,3,3,1874,24,37,2,0.35,0,1,0,2,32676097
Golf Course Extension Road,Apartment,3,3,1081,0,23,1,5.98,1,1,0,3,40476998
Sector 70,Builder Floor,5,5,3273,13,43,3,11.87,1,0,1,3,60611356
Sector 83,Apartment,3,4,1579,17,23,2,12.59,1,0,1,5,35269912
Sector 82,Apartment,2,2,1333,17,35,2,7.22,1,1,1,4,28753590
Sector 65,Apartment,3,4,1229,5,41,2,3.56,0,0,1,5,29930187
Sector 57,Apartment,3,4,1180,0,39,1,9.04,0,1,0,2,24849942
Sohna Road,Apartment,2,3,1116,16,32,2,4.03,0,1,0,5,16453105
Sector 85,Apartment,2,3,1662,17,2,2,3.9,0,0,1,5,29276213
South City 1,Apartment,3,3,1223,14,44,3,12.13,0,0,1,3,21868414
Sector 85,Builder Floor,5,5,2775,11,16,3,2.4,1,1,0,4,55279344
Sector 67,Apartment,3,4,1185,12,16,1,0.18,0,0,1,4,25320366
Sector 85,Apartment,4,4,2562,19,3,1,5.12,0,0,1,5,45691454
Sector 82,Apartment,4,5,2524,1,28,1,7.42,1,1,1,3,49734491
DLF Phase 4,Villa,2,3,801,3,29,4,10.61,0,1,0,3,27792291
Sector 84,Apartment,3,3,2340,2,20,0,11.74,1,1,1,2,40731834
DLF Phase 5,Apartment,3,3,992,18,36,2,9.99,0,1,1,1,42223600
Palam Vihar,Apartment,2,3,1641,24,33,2,9.43,1,1,1,2,30862682
Sector 83,Apartment,3,3,2377,7,22,2,10.02,1,0,1,2,42323401
Sector 57,Apartment,4,5,2571,11,8,1,4.15,1,1,1,2,44414496
Sector 56,Apartment,2,2,1450,11,24,1,5.8,0,1,1,1,24791079
Sector 85,Apartment,4,5,2300,9,37,2,9.28,1,0,1,3,43139809
Sector 84,Apartment,4,5,1537,24,20,1,1.08,0,0,1,3,32611291
Sector 85,Apartment,5,5,3165,0,12,1,4.5,1,1,1,4,62646901
Golf Course Extension Road,Builder Floor,2,2,760,4,20,1,6.16,1,1,1,4,31534261
DLF Phase 4,Builder Floor,5,6,2992,19,20,2,8.05,1,1,0,5,67843286
DLF Phase 5,Builder Floor,3,3,1280,10,4,1,7.35,1,1,1,5,39943152
South City 1,Villa,1,1,736,8,30,1,10.8,0,1,0,5,11248151
Sector 83,Apartment,4,5,2612,13,31,1,7.15,1,1,1,4,46533815
DLF Phase 3,Apartment,3,4,2084,2,22,1,13.57,1,1,1,4,50171346
Sector 85,Apartment,3,3,1942,4,15,2,5.77,0,1,1,2,37359221
South City 1,Builder Floor,3,3,2589,23,38,1,7.93,1,1,1,3,40398098
New Gurgaon,Villa,1,2,743,20,37,2,0.15,1,1,1,4,15596057
Sector 70,Apartment,3,4,2515,8,28,1,4.73,1,1,0,1,47420978
Sector 82,Villa,3,4,1421,17,11,3,13.01,1,0,1,2,32304824
Sector 84,Apartment,3,4,1572,5,14,1,5.07,0,1,0,1,27927790
DLF Phase 1,Villa,3,4,782,20,11,3,3.87,0,0,1,1,17880621
New Gurgaon,Apartment,5,6,2725,24,9,3,8.2,0,1,0,3,49735964
Sector 84,Apartment,3,4,1785,6,24,2,1.27,1,0,1,1,41551029
South City 1,Apartment,4,5,2643,15,10,3,8.02,1,1,1,1,44255267
Sector 54,Apartment,5,5,2628,7,38,1,4.62,1,1,1,1,54891244
Sector 84,Apartment,3,3,2109,22,43,1,5.81,1,1,0,1,35473156
Sector 70,Apartment,1,1,693,9,41,1,11.89,0,1,1,2,8321824
Sector 92,Builder Floor,1,2,533,4,37,1,9.96,1,1,1,2,10776020
Sector 89,Apartment,3,3,1397,10,42,1,6.75,1,1,1,3,29511738
New Gurgaon,Apartment,2,3,1218,20,32,2,8.7,1,0,0,3,15927088
Golf Course Extension Road,Apartment,3,3,1841,12,20,0,11.53,1,0,1,1,43990604
Sector 67,Builder Floor,2,3,1029,19,14,1,11.21,1,0,1,5,18248796
Sector 85,Apartment,2,3,1127,1,38,1,2.86,1,1,0,1,18971623
South City 1,Apartment,3,3,1204,13,4,2,4.58,1,0,1,1,27743389
Sector 70,Apartment,5,6,3474,8,24,4,5.29,1,1,1,3,63617309
DLF Phase 1,Apartment,3,3,2091,9,32,2,2.89,1,1,0,4,43620500
Golf Course Extension Road,Builder Floor,5,5,3034,9,10,2,0.28,1,1,1,3,70093820
Sohna Road,Apartment,5,5,3535,9,43,1,2.69,0,0,1,2,58365102
Sector 85,Apartment,2,2,1236,18,16,3,12.14,1,0,1,3,26184966
Sector 57,Builder Floor,2,2,1652,10,39,1,8.23,0,0,0,4,24230076
DLF Phase 1,Apartment,4,4,1674,10,32,4,5.19,0,1,1,1,33869597
Palam Vihar,Apartment,4,4,2513,2,18,2,9.16,0,0,0,4,45152341
Sector 84,Apartment,3,3,2179,18,25,1,11.12,0,1,1,3,35974373
Sector 89,Penthouse,5,5,4044,23,7,4,5.38,0,1,1,5,72477036
Golf Course Road,Apartment,1,2,710,21,18,3,7.04,1,0,1,2,37565913
DLF Phase 3,Builder Floor,2,3,909,0,18,2,1.06,1,0,1,4,25929559
DLF Phase 5,Apartment,3,3,1104,11,3,0,9.0,0,1,1,3,40514149
DLF Phase 2,Apartment,3,4,1728,14,1,2,5.41,1,0,1,1,36268158
Sector 92,Builder Floor,2,3,1301,13,33,1,6.56,0,1,0,3,23850217
DLF Phase 4,Villa,3,3,2196,2,7,1,6.4,0,1,0,1,55844101
Sector 56,Apartment,1,1,450,19,10,1,9.52,1,0,1,5,10878553
Sector 56,Builder Floor,3,4,2056,12,44,2,8.63,1,1,1,2,33878755
New Gurgaon,Villa,4,4,900,17,8,2,6.39,0,0,1,4,23322311
Sector 54,Apartment,4,4,1985,15,32,1,0.35,0,0,1,3,41821264
Sector 83,Apartment,3,3,2161,5,23,3,9.35,0,1,1,3,41440278
Sector 84,Apartment,3,4,1299,9,17,1,13.21,1,0,1,4,24912493
Sector 83,Apartment,3,3,1336,16,14,1,11.57,0,0,0,1,18617994
Golf Course Extension Road,Builder Floor,2,3,1052,16,17,2,14.73,1,1,1,2,32333246
Sector 83,Villa,3,3,1874,7,25,3,2.17,1,0,1,5,35838304
DLF Phase 3,Apartment,2,2,887,3,21,4,3.42,1,0,1,4,32609273
Sector 83,Apartment,4,5,2381,14,6,3,8.14,1,1,1,2,43710105
Sohna Road,Builder Floor,4,4,2157,0,20,1,3.61,1,0,1,3,48214454
Sector 65,Apartment,3,4,2286,6,20,4,0.61,1,1,1,2,47797955
DLF Phase 3,Builder Floor,4,5,2129,24,26,3,6.09,1,1,1,5,48397186
Sector 84,Apartment,2,2,1207,9,32,1,4.39,0,1,1,2,27902129
New Gurgaon,Builder Floor,3,3,1869,6,8,2,4.03,1,0,1,3,32467875
Sector 85,Apartment,3,4,1623,0,44,2,14.3,0,1,1,5,34729171
Sector 54,Builder Floor,3,4,2123,16,29,2,3.65,1,0,1,5,39184255
DLF Phase 4,Apartment,2,2,1473,11,17,4,2.03,0,1,0,5,42712050
Sector 83,Apartment,4,4,2126,16,18,1,1.97,0,1,1,3,44861029
Sector 84,Apartment,4,4,2564,14,40,2,12.11,0,0,0,1,46173662
Sector 57,Builder Floor,4,4,1880,23,18,1,10.75,1,0,0,3,31299658
Golf Course Road,Villa,4,4,2715,15,11,2,2.03,0,0,1,1,69885235
Sector 92,Apartment,5,6,3162,22,12,3,3.37,0,1,1,1,60442467
DLF Phase 2,Apartment,2,3,1098,13,15,1,11.24,0,1,1,3,23641930
Sector 57,Apartment,2,3,1292,2,26,1,4.19,0,1,0,2,27847478
New Gurgaon,Builder Floor,2,3,1365,18,3,4,14.72,1,1,0,3,23444850
Golf Course Road,Apartment,2,2,1544,11,3,3,8.15,1,0,1,5,49265569
DLF Phase 3,Apartment,3,4,1966,18,38,2,2.96,0,0,1,2,52055973
Sector 92,Apartment,3,3,2173,17,35,1,12.9,1,1,1,4,41009659
Golf Course Road,Apartment,3,3,2600,13,9,2,4.86,1,1,1,4,68220657
Golf Course Extension Road,Apartment,2,2,910,19,43,3,4.4,1,0,1,4,30545541
DLF Phase 1,Apartment,4,4,3055,22,40,3,4.98,1,1,1,5,52316163
South City 1,Penthouse,1,1,476,8,4,1,11.55,0,0,1,5,7533065
DLF Phase 1,Apartment,3,4,1500,2,20,2,2.68,1,0,0,1,29792559
DLF Phase 5,Builder Floor,3,3,1795,22,15,1,5.79,1,1,0,5,50019179
Golf Course Road,Apartment,4,4,2038,11,29,0,0.56,1,0,0,1,65401972
Sector 67,Apartment,3,3,1458,19,5,2,12.42,1,0,0,4,23113760
DLF Phase 2,Builder Floor,1,2,591,16,39,1,5.18,0,1,0,3,9869836
Sector 82,Builder Floor,3,3,1660,4,40,1,3.8,0,1,1,3,30536639
Sector 82,Penthouse,2,2,1013,7,7,2,8.74,1,0,1,5,21550414
Sector 67,Apartment,2,2,933,18,8,2,10.6,0,0,1,4,20853588
Sector 70,Apartment,3,4,2398,3,32,3,12.21,1,1,1,4,46992324
Palam Vihar,Builder Floor,2,2,863,14,36,2,5.28,1,0,1,1,17921982
Golf Course Extension Road,Apartment,3,4,1729,18,33,2,12.2,1,0,1,1,46435511
Sector 70,Apartment,3,4,2269,14,37,1,7.03,0,0,1,4,43176889
Sector 56,Apartment,5,5,3566,13,32,1,1.61,0,0,1,5,64356174
Sector 84,Apartment,5,6,3163,15,43,2,12.71,0,1,1,5,53898012
Sector 70,Villa,3,4,1538,23,36,1,8.26,0,1,1,4,32486732
Sohna Road,Apartment,2,2,1194,9,34,3,9.08,0,1,1,3,19241232
DLF Phase 4,Apartment,2,2,885,23,25,2,14.07,0,1,1,3,26640388
Sector 83,Apartment,2,2,1120,13,44,1,8.43,0,1,1,1,19352610
Sector 67,Apartment,3,3,1673,19,32,2,0.18,0,0,1,4,30318449
Palam Vihar,Apartment,3,4,1714,10,2,3,13.07,1,1,1,3,30025261
Sector 92,Apartment,3,4,1469,1,9,1,4.34,1,1,1,5,32468997
Sector 85,Apartment,3,3,1087,18,38,1,7.58,0,0,1,2,20697063
Sector 70,Builder Floor,2,2,1550,2,29,3,3.15,0,1,1,2,31179453
Sector 85,Apartment,3,3,2232,3,38,1,4.53,1,1,1,4,42670873
DLF Phase 5,Apartment,3,4,2167,10,18,0,10.33,0,0,1,1,56876877
Sector 57,Villa,3,3,1958,12,22,1,6.5,1,0,1,2,35487226
DLF Phase 3,Builder Floor,3,4,1871,17,35,2,9.44,1,0,0,5,45597307
Sohna Road,Apartment,3,4,1508,17,15,2,12.37,0,0,1,5,27364509
Sector 92,Apartment,3,4,1553,18,7,2,5.18,1,0,1,5,30732702
Palam Vihar,Apartment,3,4,2411,11,13,3,8.57,1,1,1,2,41521725
Sector 56,Builder Floor,2,2,1671,0,42,3,11.69,1,0,0,3,27455749
Palam Vihar,Penthouse,1,1,574,23,36,4,10.76,0,1,0,5,9162939
Sector 89,Builder Floor,3,3,1801,5,16,2,8.14,1,0,1,1,39893466
New Gurgaon,Apartment,2,3,1405,2,41,1,5.81,1,1,1,4,29629750
DLF Phase 3,Builder Floor,3,4,1839,16,21,4,6.17,1,1,1,4,44843502
Sector 54,Apartment,4,4,2494,2,28,0,6.55,1,1,1,4,44294001
Sector 54,Apartment,4,5,2366,0,10,3,5.3,1,1,1,3,50727021
Sector 84,Apartment,5,6,2343,2,19,0,10.52,1,0,1,4,52047353
Sector 83,Villa,1,2,547,3,17,3,1.97,0,0,1,4,14493885
Golf Course Extension Road,Apartment,5,5,2906,5,1,3,14.52,1,0,1,2,68792198
DLF Phase 4,Builder Floor,3,3,741,6,13,1,11.71,1,1,1,3,29812666
South City 1,Apartment,3,3,1836,22,36,1,4.54,1,1,1,3,34350681
Sector 89,Apartment,1,2,925,24,42,1,0.73,1,1,1,2,14149201
Sector 65,Apartment,4,4,2159,7,20,2,10.7,1,1,1,1,44086941
Sector 82,Apartment,2,2,1209,12,41,1,11.04,1,1,1,4,19342288
Sector 54,Builder Floor,4,4,1929,3,40,2,14.46,0,1,1,1,37882779
DLF Phase 5,Apartment,1,2,450,5,6,1,3.88,1,0,1,2,30775035
DLF Phase 5,Builder Floor,3,4,1669,10,23,1,1.33,0,0,0,2,48196948
Sector 82,Builder Floor,3,4,2064,0,42,2,13.74,1,1,1,2,38236894
Sector 85,Villa,2,3,1134,7,24,2,3.95,1,1,1,2,26462011
Sector 54,Apartment,2,3,1095,21,5,1,10.85,1,0,0,5,24723859
Sector 65,Apartment,3,3,2008,1,32,2,1.0,1,1,1,2,42263330
DLF Phase 2,Apartment,2,2,1256,7,17,3,11.43,1,0,1,1,23346175
Sector 92,Penthouse,3,4,1917,19,11,1,1.99,0,1,0,2,33322257
Sector 82,Villa,3,4,2299,8,27,1,10.46,1,0,0,1,39898783
Sector 92,Apartment,4,4,2996,3,4,3,8.03,1,1,0,2,57451958
DLF Phase 4,Villa,3,4,2428,16,23,1,14.34,1,1,1,2,55436716
Palam Vihar,Apartment,2,3,860,6,23,0,0.65,1,1,1,5,19397845
Sector 85,Builder Floor,2,3,1440,9,34,2,4.45,1,0,1,2,23465032
Golf Course Road,Apartment,2,3,1660,4,21,1,1.14,0,1,1,4,59961842
South City 1,Builder Floor,4,5,1485,9,22,1,13.2,1,0,0,5,34849917
Sector 89,Apartment,4,4,2388,11,1,4,8.95,0,0,1,5,44432145
Sector 54,Builder Floor,3,3,1571,20,32,1,8.07,0,0,0,4,32296483
DLF Phase 2,Builder Floor,2,3,1193,19,28,3,2.06,1,0,0,5,24488047
Sohna Road,Builder Floor,4,5,3042,5,18,1,7.39,1,0,0,2,52619995
Sector 54,Apartment,4,4,1618,0,7,3,6.04,0,1,1,4,34947046
DLF Phase 5,Apartment,4,5,2537,2,38,2,4.8,1,0,1,2,64719675
Sector 85,Apartment,4,4,2083,6,6,1,11.61,1,1,0,5,42347752
South City 1,Apartment,3,4,2294,10,14,2,1.01,1,1,0,3,49794712
Sector 85,Apartment,2,2,1317,23,30,3,9.74,1,1,0,4,22904313
Sector 70,Villa,3,3,1733,11,44,1,12.36,0,1,0,1,29036222
Palam Vihar,Apartment,3,4,1498,8,14,2,13.62,1,1,0,5,29797700
Sector 56,Apartment,3,4,2916,0,44,2,11.21,1,1,0,3,57014269
DLF Phase 3,Apartment,3,3,1917,3,41,3,4.31,1,0,1,5,50607309
Sector 57,Apartment,2,3,802,1,9,2,9.05,1,1,1,2,19458254
DLF Phase 3,Apartment,3,3,1459,1,31,0,2.21,0,0,1,2,35310395
Sector 54,Apartment,3,4,1973,16,2,1,1.84,0,0,1,2,37049343
Sector 65,Villa,2,3,995,20,18,2,9.62,0,1,1,3,16360984
Sector 65,Apartment,3,4,1545,1,5,3,12.78,1,1,1,2,36347510
DLF Phase 3,Penthouse,4,4,2952,3,26,1,1.1,1,1,1,5,63804387
New Gurgaon,Villa,4,4,2902,24,23,2,1.68,1,1,1,5,50762732
Golf Course Extension Road,Apartment,3,4,1560,10,12,0,8.53,0,0,1,5,44161987
Sector 70,Villa,3,3,2291,18,14,2,3.35,1,1,0,4,41636981
Sector 54,Apartment,1,2,500,23,13,2,9.22,1,0,0,5,5897703
Golf Course Extension Road,Builder Floor,3,3,2511,12,35,2,3.3,0,1,0,2,52919558
New Gurgaon,Apartment,3,4,2025,21,15,3,1.84,1,0,1,4,43676538
Sector 56,Villa,3,3,1921,20,35,1,8.23,0,1,1,4,34114782
Sector 54,Villa,4,4,2184,17,19,1,12.95,0,1,1,4,40872663
Sector 82,Builder Floor,3,3,1544,18,15,4,10.31,0,1,1,4,30043448
Sector 89,Builder Floor,1,1,450,23,8,1,12.3,1,1,1,3,3500000
Sector 83,Apartment,2,2,1117,14,23,2,4.07,0,0,1,5,24009318
Palam Vihar,Apartment,3,3,1795,11,13,2,13.3,1,1,1,3,31758831
New Gurgaon,Apartment,3,4,1033,24,23,2,5.72,1,1,1,1,20329058
Sector 92,Apartment,4,5,2861,10,31,1,12.8,1,1,1,3,52585365
Sector 65,Builder Floor,3,3,1732,22,30,1,7.12,0,1,1,4,25188503
Sector 85,Apartment,3,4,2310,0,42,2,4.09,1,1,0,5,39643808
South City 1,Penthouse,3,3,1512,15,2,1,3.98,1,0,1,5,32779984
Sector 67,Builder Floor,3,4,2319,12,11,2,8.56,1,0,1,2,43688798
DLF Phase 5,Builder Floor,3,4,1611,5,25,2,1.28,1,1,1,3,50179542
DLF Phase 4,Apartment,3,4,1778,22,29,1,13.96,0,1,1,5,50181307
Sector 70,Villa,3,4,1890,5,22,1,4.14,1,0,1,1,40773953
Sohna Road,Villa,2,2,1188,9,19,3,5.1,1,1,0,1,19041721
Sector 57,Apartment,4,5,2570,1,9,2,3.58,1,0,1,3,51849808
Sector 89,Apartment,2,3,661,24,41,2,0.14,0,0,0,2,11923861
DLF Phase 3,Builder Floor,2,3,1160,2,38,3,10.42,0,0,1,1,25171968
DLF Phase 5,Apartment,2,2,1177,5,29,2,8.9,0,0,0,2,35498534
New Gurgaon,Apartment,1,2,450,15,10,4,12.16,1,1,1,3,10470407
Sector 85,Apartment,3,3,2069,5,22,1,0.71,0,1,1,5,37460050
DLF Phase 1,Apartment,2,2,944,23,24,3,13.94,0,1,1,2,19370093
Sohna Road,Apartment,1,2,731,12,8,1,5.03,1,1,1,1,14319663
Sector 89,Apartment,3,3,1836,3,6,3,13.7,1,0,1,2,41101848
Sector 84,Apartment,3,4,1558,14,7,3,1.7,1,1,1,5,28454767
Sector 84,Apartment,2,3,1481,5,20,1,11.18,1,1,1,5,33429969
Sector 54,Penthouse,3,4,2497,0,17,2,8.73,1,1,0,1,49008304
DLF Phase 2,Apartment,4,5,2421,8,36,2,5.44,1,0,1,2,46624421
Golf Course Road,Penthouse,5,6,3962,11,8,1,1.28,0,1,1,2,98524001
Palam Vihar,Apartment,3,4,1726,24,13,3,9.11,1,1,1,4,32370495
Sector 70,Apartment,2,3,1469,22,24,1,0.49,0,0,1,1,30114582
DLF Phase 3,Apartment,3,3,1645,10,31,3,7.57,0,0,1,2,38912624
Sector 65,Apartment,3,3,2566,12,23,1,9.1,0,0,1,3,44333825
DLF Phase 4,Apartment,2,3,1501,0,17,2,11.01,1,0,1,4,43465759
Sector 65,Builder Floor,4,5,2663,18,24,1,14.87,1,1,1,1,43699016
Sector 67,Apartment,3,3,735,20,43,1,3.98,1,1,1,5,16233321
DLF Phase 2,Apartment,5,6,3314,3,10,2,4.9,1,1,1,1,64654712
DLF Phase 2,Builder Floor,4,4,1708,4,31,2,5.18,0,1,0,3,35867041
Sector 82,Apartment,3,3,1948,22,20,0,11.0,0,1,1,3,34387242
South City 1,Apartment,4,5,3115,24,16,3,13.98,1,0,1,5,51892181
Sector 84,Builder Floor,3,4,2089,16,14,0,14.62,0,1,0,5,33175248
Golf Course Extension Road,Apartment,3,3,2160,4,3,3,14.19,0,1,1,5,50185111
Sector 70,Apartment,4,4,2191,18,30,2,13.2,1,1,1,4,42215346
Sector 65,Penthouse,3,4,1159,2,18,2,14.87,1,0,1,3,24767950
Sector 84,Apartment,4,5,1967,10,6,1,5.7,0,1,1,5,39259977
Sector 70,Builder Floor,4,4,2215,1,20,2,14.23,1,0,1,3,45195116
Golf Course Road,Penthouse,5,5,2990,21,35,2,11.44,1,1,0,4,78594381
Sector 89,Apartment,3,3,2333,13,19,1,2.61,0,1,1,4,43697119
Golf Course Road,Apartment,3,4,2106,5,26,1,0.78,1,0,1,3,62718071
Sector 85,Apartment,2,3,1821,18,35,1,3.3,0,1,1,5,29997838
DLF Phase 5,Apartment,3,4,1379,0,12,1,11.7,0,1,0,1,42267494
Golf Course Road,Apartment,2,2,1525,6,8,0,9.51,0,0,0,2,46689944
DLF Phase 2,Builder Floor,2,2,1445,1,37,1,3.44,1,1,0,3,28477991
Sohna Road,Apartment,2,3,1167,23,10,2,11.15,1,0,1,4,23306680
Sector 82,Apartment,4,4,1861,18,21,1,2.21,1,0,0,5,36654812
Sector 82,Penthouse,4,4,2055,0,41,1,12.35,0,0,0,2,36026308
Sector 54,Builder Floor,3,3,1521,8,42,1,11.93,0,0,0,3,24170928
Palam Vihar,Apartment,3,3,2518,20,29,2,14.59,1,1,1,1,42751474
Palam Vihar,Apartment,3,3,2147,16,31,1,2.34,1,1,0,1,41116908
DLF Phase 1,Builder Floor,3,4,2163,9,40,2,13.61,1,0,0,4,34983471
Sector 85,Apartment,3,4,1836,5,7,2,5.18,0,0,1,4,39557312
Sector 65,Apartment,3,4,1703,2,34,2,6.3,1,0,1,4,31625927
Sector 65,Apartment,3,4,1941,19,34,1,7.08,1,1,1,3,33924056
Sector 54,Villa,3,4,1843,23,30,2,9.44,0,1,1,1,35827632
Sohna Road,Apartment,3,3,1759,14,4,1,14.92,1,0,0,1,29062177
Golf Course Extension Road,Apartment,3,3,1954,20,41,3,9.04,1,0,0,4,46476278
South City 1,Apartment,5,5,2253,21,30,3,13.91,0,0,0,4,44311443
New Gurgaon,Apartment,2,3,1274,19,25,2,3.9,1,0,1,5,27938989
DLF Phase 2,Builder Floor,3,3,1753,5,14,4,6.04,1,0,0,1,33916610
Sector 54,Builder Floor,3,3,1499,2,24,2,7.62,0,1,1,4,31514266
Palam Vihar,Builder Floor,1,1,689,9,43,1,4.91,0,0,1,4,11936733
Sector 56,Apartment,3,4,2553,11,31,1,14.66,1,0,1,4,40161299
DLF Phase 3,Apartment,2,2,1557,0,39,2,10.91,0,1,1,5,43016067
Sector 92,Apartment,3,3,1681,21,28,3,7.24,1,1,1,1,22697846
Sector 56,Apartment,2,3,1386,15,25,3,11.29,1,0,1,1,25421896
Sector 85,Apartment,4,5,2872,16,19,2,7.06,1,0,1,1,55424167
Sector 70,Builder Floor,3,3,1850,9,4,1,0.36,1,1,1,5,41148007
Sector 85,Apartment,2,3,1193,11,34,2,8.19,0,1,0,3,19944463
Sohna Road,Apartment,4,4,2592,18,32,3,9.42,1,0,1,5,49115112
Sector 56,Apartment,2,3,1903,7,25,2,14.72,0,0,1,2,29160874
Palam Vihar,Apartment,4,4,2544,22,22,2,0.71,0,0,1,5,45167369
Sector 67,Apartment,5,5,2112,7,28,2,7.73,1,1,1,2,48581161
New Gurgaon,Penthouse,2,3,907,9,18,3,1.56,1,1,0,4,21244898
Sohna Road,Builder Floor,5,6,2880,9,7,3,2.32,1,0,1,2,58065659
DLF Phase 4,Villa,4,5,1701,17,11,0,9.2,1,0,1,5,52449588
DLF Phase 4,Apartment,5,6,2907,9,42,1,3.55,1,1,1,3,75908963
DLF Phase 5,Apartment,3,3,2734,6,11,3,11.26,1,1,1,1,65582965
DLF Phase 1,Apartment,2,3,1056,3,9,3,7.76,0,0,1,5,17353476
Sector 84,Apartment,4,4,1791,0,35,1,3.35,1,1,1,1,38029018
DLF Phase 2,Villa,2,2,1141,10,37,2,7.46,0,0,1,2,22856969
Sohna Road,Apartment,2,2,1170,18,23,3,0.11,0,1,0,4,17830071
Golf Course Extension Road,Apartment,2,3,923,4,33,3,12.95,0,1,1,4,30212665
Sector 82,Apartment,2,2,853,7,1,3,0.29,0,1,1,5,18959651
DLF Phase 5,Apartment,3,3,2369,1,20,1,0.2,1,1,0,2,63384577
DLF Phase 2,Builder Floor,3,4,2010,1,5,2,9.21,1,0,0,2,36230975
Golf Course Extension Road,Apartment,5,5,2662,23,29,1,14.61,1,1,1,1,61232526
Sohna Road,Apartment,2,2,876,13,26,3,12.85,1,1,1,2,13923571
Golf Course Extension Road,Apartment,5,5,2637,8,38,1,3.86,1,1,1,3,66704166
Golf Course Extension Road,Apartment,5,6,2141,9,3,2,3.03,1,0,1,4,59918586
Sector 70,Builder Floor,1,1,518,12,21,2,9.43,1,1,1,3,20171848
New Gurgaon,Villa,3,3,2668,0,13,3,12.36,0,0,1,3,43990740
Sector 85,Villa,4,4,2533,13,31,2,5.49,0,0,1,1,45228774
Golf Course Road,Builder Floor,3,4,1540,1,17,1,6.54,1,0,1,2,57946947
DLF Phase 4,Apartment,4,5,2780,3,35,2,1.82,1,0,1,1,63621318
Sector 56,Builder Floor,3,4,1409,18,23,1,2.38,0,1,1,4,37126070
Sector 85,Apartment,3,3,1629,0,3,1,8.57,1,0,0,1,30239082
Sector 65,Apartment,1,1,450,3,2,4,1.63,1,0,1,3,7164311
Sector 83,Villa,3,3,2335,10,3,2,3.11,0,1,1,1,43544426
Golf Course Extension Road,Apartment,1,1,571,12,20,2,3.6,1,1,1,2,23818776
Golf Course Road,Villa,3,3,1456,17,44,2,6.71,1,1,1,1,47582448
DLF Phase 5,Apartment,4,5,2763,9,9,3,0.78,0,0,1,2,68377280
DLF Phase 3,Builder Floor,3,3,1359,4,4,3,7.55,1,0,1,3,41072280
Sector 65,Builder Floor,5,5,2309,0,25,2,13.94,1,1,0,2,43432161
Sector 82,Villa,3,4,1640,13,1,4,0.46,1,0,1,2,35743097
Sector 56,Builder Floor,4,5,1729,15,39,2,9.5,0,0,1,2,32663442
Sector 92,Apartment,3,3,1525,23,12,2,12.55,1,1,1,2,35839463
Sector 89,Apartment,5,6,2861,17,40,3,4.76,0,0,1,4,59841730
Sector 83,Apartment,3,4,1754,2,40,1,2.06,0,1,0,5,32090491
Sector 54,Apartment,2,3,829,2,24,2,0.75,1,1,1,4,19986970
Sohna Road,Builder Floor,5,5,2828,3,9,4,9.69,1,0,1,1,58173765
DLF Phase 3,Apartment,3,4,2043,6,20,0,8.33,1,0,0,4,39145293
South City 1,Builder Floor,1,1,704,12,5,1,3.52,1,0,1,4,10444113
Golf Course Extension Road,Apartment,3,4,1591,8,20,2,12.49,1,0,1,2,41557695
South City 1,Apartment,4,4,2294,2,21,0,11.06,1,1,1,1,39653170
Golf Course Extension Road,Builder Floor,3,3,1695,16,2,3,4.22,0,1,1,1,44273448
Sector 70,Apartment,3,3,1215,14,21,1,11.33,1,1,1,3,23618031
DLF Phase 2,Apartment,4,5,2097,9,42,1,3.75,1,0,1,2,39757607
Sector 56,Apartment,4,5,2845,14,24,3,10.16,0,0,0,4,55356276
Sector 89,Villa,3,4,2141,0,9,1,1.87,0,1,1,3,44395961
Sector 57,Builder Floor,2,2,1315,21,39,2,10.41,1,1,0,3,25000428
Sector 83,Apartment,2,3,454,20,30,3,3.66,0,0,0,4,11318719
Sector 89,Apartment,4,5,1962,9,18,3,8.63,0,1,0,1,40181555
Sector 85,Apartment,4,4,2661,6,44,3,2.67,1,0,0,2,55708531
Sector 57,Builder Floor,2,3,1679,6,43,1,10.92,1,0,0,2,25702489
Sector 83,Builder Floor,3,3,1793,2,10,1,1.01,0,0,1,4,32659543
Sector 67,Apartment,2,3,1226,6,41,1,2.56,1,1,0,2,28080450
Sector 56,Apartment,3,3,1752,8,21,0,2.84,1,1,0,5,36338049
Sector 92,Apartment,1,1,450,7,22,2,0.72,1,1,1,3,9641094
Sector 70,Builder Floor,1,2,649,2,17,1,11.2,1,0,1,3,14117674
Sector 65,Builder Floor,1,1,450,4,5,2,14.72,1,1,1,5,6365113
Sector 89,Apartment,3,4,1764,12,6,1,11.7,1,0,0,2,33503192
Golf Course Extension Road,Apartment,3,4,1837,12,10,2,12.92,1,0,1,1,43644664
South City 1,Apartment,2,3,1213,7,43,1,0.19,0,0,1,5,29412800
Sector 82,Penthouse,4,5,1672,17,2,1,1.86,0,1,1,5,36932186
Sector 83,Apartment,2,2,1001,6,7,2,8.43,1,1,1,3,20950255
Sohna Road,Builder Floor,3,3,2089,9,4,2,14.67,1,0,1,1,35988360
Sector 56,Builder Floor,5,5,3051,9,37,3,9.94,0,0,1,1,57760030
DLF Phase 4,Apartment,3,4,1504,22,19,3,5.67,0,1,1,2,46773782
Sector 89,Apartment,3,4,1350,10,28,2,2.28,1,0,0,1,27488322
Sector 89,Apartment,2,2,1424,11,20,2,2.38,1,1,1,2,33095730
New Gurgaon,Apartment,4,4,2419,12,30,1,5.51,0,1,0,4,45035437
Sector 82,Builder Floor,3,4,1325,7,42,1,10.74,1,1,1,5,30304712
Sector 70,Builder Floor,4,5,2294,16,38,3,0.57,0,1,1,5,47004205
DLF Phase 1,Apartment,2,3,974,23,2,1,12.8,1,1,1,2,10352425
Sector 83,Apartment,3,3,1926,13,3,1,14.13,1,0,1,2,37063507
Sector 56,Penthouse,4,5,3102,16,42,1,13.34,1,0,1,2,61255530
Sector 89,Builder Floor,5,5,2243,18,39,1,13.7,0,0,1,5,44809288
Palam Vihar,Apartment,1,2,622,15,25,3,0.33,1,1,0,2,14123382
DLF Phase 3,Penthouse,4,4,2477,8,2,1,14.67,0,1,1,5,56797311
DLF Phase 5,Apartment,2,3,599,19,39,2,5.56,1,0,1,5,29243372
Sector 57,Apartment,3,3,2149,9,15,1,13.05,1,1,0,3,38433867
Sector 85,Builder Floor,2,2,1787,8,3,2,2.88,1,0,1,3,33065823
Sector 54,Builder Floor,3,3,1857,0,5,2,6.75,1,1,1,4,39919601
Sector 83,Builder Floor,3,4,2371,23,40,1,0.76,1,0,1,4,43776591
DLF Phase 2,Apartment,2,2,848,2,36,3,0.7,0,1,1,1,21375650
Sector 65,Apartment,1,1,499,10,40,1,14.15,0,0,1,2,6214008
Palam Vihar,Villa,2,3,1219,6,38,2,12.18,1,1,1,5,27926234
Golf Course Road,Apartment,4,4,1921,17,37,2,7.99,0,0,1,1,62942061
Sector 54,Apartment,5,5,3026,12,27,4,7.93,0,0,0,3,57639812
Sohna Road,Apartment,4,5,2961,22,5,1,11.26,1,1,1,5,54058192
Sector 65,Apartment,2,2,952,22,17,1,5.19,1,1,1,1,15805629
DLF Phase 2,Apartment,3,4,2239,24,38,1,11.45,0,1,0,3,39514090
Sector 57,Villa,4,4,1322,17,41,1,7.33,1,1,1,4,29745908
Sector 82,Apartment,5,6,2601,15,12,1,9.6,1,1,1,2,49701847
DLF Phase 2,Apartment,3,3,1717,23,42,1,14.48,1,1,1,2,29119178
DLF Phase 1,Apartment,4,4,1880,15,31,2,7.12,0,1,1,1,37446731
Sector 56,Villa,5,5,2611,20,33,3,6.33,1,1,0,3,51200117
DLF Phase 2,Builder Floor,4,5,3181,9,43,1,13.6,1,1,1,1,60780617
Sector 65,Apartment,2,2,1547,8,29,4,13.55,1,1,1,3,26530247
South City 1,Builder Floor,1,1,700,7,38,3,14.89,1,1,0,3,13703726
Sohna Road,Villa,3,4,2237,18,3,3,8.31,1,1,1,2,37602427
DLF Phase 5,Villa,3,4,1539,2,38,3,5.23,1,0,1,4,48052092
Palam Vihar,Villa,2,3,857,23,41,3,3.68,0,1,1,4,12132176
DLF Phase 1,Apartment,2,2,973,8,40,3,0.61,0,0,1,5,24368246
Sector 82,Builder Floor,4,4,2030,1,30,2,10.93,1,0,1,3,43950010
Golf Course Road,Apartment,3,3,1544,18,22,2,3.58,0,1,1,2,43750794
Sector 65,Villa,2,3,1347,7,38,3,9.14,0,1,0,3,25844357
Sohna Road,Builder Floor,3,4,1935,17,32,1,13.76,1,0,0,5,33140908
Sector 67,Builder Floor,3,3,1726,7,43,0,14.26,1,0,1,2,32463731
Sector 89,Builder Floor,4,4,2336,4,10,3,0.17,0,0,1,3,46915138
DLF Phase 1,Apartment,2,3,1506,5,32,2,4.82,1,0,1,4,28603423
Sector 54,Apartment,4,5,1676,9,43,3,12.58,1,0,1,4,32527258
Sector 92,Penthouse,3,4,2131,14,4,1,8.09,1,0,1,5,37269869
DLF Phase 1,Villa,1,1,450,3,29,2,12.13,1,0,1,4,7541665
Sohna Road,Apartment,4,5,2083,2,8,1,12.81,1,1,1,3,41111878
DLF Phase 5,Apartment,3,4,2434,23,20,3,6.7,1,0,1,5,63640572
Sector 84,Apartment,2,3,1284,8,7,1,5.45,1,0,0,1,29171388
Sohna Road,Builder Floor,3,4,1604,15,1,3,6.89,1,1,1,5,30516361
Sector 56,Builder Floor,3,3,2184,15,25,1,9.83,1,1,1,4,41307863
DLF Phase 2,Apartment,2,3,1366,14,26,0,5.57,1,0,0,2,18327920
Sector 57,Apartment,4,4,2710,23,9,1,11.65,1,0,1,5,42805008
South City 1,Villa,2,2,1143,8,23,1,13.57,0,1,1,3,21252330
DLF Phase 3,Builder Floor,5,6,3671,16,40,2,4.31,0,0,1,5,79560943
Sector 85,Apartment,3,4,1529,20,2,1,14.48,1,1,1,4,30421736
Golf Course Extension Road,Apartment,2,2,1006,11,26,2,9.38,0,0,1,5,29833170
Sector 82,Apartment,2,3,1724,22,14,1,13.18,1,1,0,3,32089653
New Gurgaon,Apartment,3,3,1590,7,44,3,1.65,0,1,1,3,31145261
Palam Vihar,Apartment,3,4,946,13,31,0,3.85,1,0,0,4,20798664
Sector 92,Builder Floor,1,1,748,17,26,1,4.88,1,0,1,3,13507078
Sector 85,Villa,2,2,1581,11,19,2,4.61,1,1,1,4,30953099
DLF Phase 3,Builder Floor,4,4,2267,13,38,3,2.66,0,0,1,5,51056594
South City 1,Builder Floor,1,2,450,19,5,3,13.04,1,0,1,5,5007164
Sector 70,Apartment,4,4,2369,22,6,3,6.34,0,0,1,1,45483325
DLF Phase 2,Apartment,3,3,2670,4,35,1,14.45,1,1,1,4,45821635
Sector 70,Apartment,3,4,1885,0,16,3,8.79,1,1,1,2,40102726
Palam Vihar,Apartment,3,4,2123,12,31,3,2.16,1,0,0,4,36613957
Sector 54,Builder Floor,1,1,715,13,18,3,8.23,0,1,1,5,11985576
Sector 83,Penthouse,4,4,2943,1,14,1,14.9,1,1,1,5,57757746
Sohna Road,Apartment,2,3,1721,15,25,3,8.52,1,1,0,3,33957974
Golf Course Extension Road,Apartment,2,2,1502,4,15,2,0.13,0,1,1,1,39135392
Sector 54,Builder Floor,3,4,1766,21,26,2,14.0,1,1,1,2,25744309
DLF Phase 3,Apartment,2,3,887,0,36,2,3.6,1,1,1,1,33094255
Sector 84,Apartment,3,4,1980,11,11,2,10.36,1,0,1,4,37772322
Sector 70,Builder Floor,4,4,2291,18,37,2,7.77,0,1,0,4,43698490
Golf Course Road,Apartment,3,4,2101,21,41,1,4.95,1,0,0,5,56352860
Sohna Road,Apartment,5,5,2395,21,37,3,4.31,1,1,1,3,48129871
Palam Vihar,Apartment,4,4,2231,22,7,2,13.94,1,0,0,2,40063891
DLF Phase 5,Builder Floor,2,3,1203,9,18,2,13.69,1,1,1,3,45744082
Sohna Road,Apartment,3,4,1405,11,20,1,7.75,1,0,0,2,31563818
DLF Phase 2,Apartment,3,4,1816,18,2,4,3.95,1,0,1,1,37979174
Sector 82,Builder Floor,3,4,2130,15,26,2,1.62,1,0,0,5,40742598
Sector 65,Apartment,2,2,1734,16,23,1,2.43,1,1,0,3,27808625
Sector 84,Builder Floor,5,5,2485,12,32,3,7.88,1,0,1,4,49352366
DLF Phase 1,Apartment,3,4,2180,6,13,1,4.69,0,1,1,5,37797851
Sector 82,Villa,3,3,969,2,13,1,0.73,1,0,1,2,23718761
Sector 70,Apartment,3,4,1796,4,17,2,6.88,1,1,1,5,34346950
Sector 92,Apartment,3,3,1829,3,25,2,11.22,1,0,1,4,35252856
Palam Vihar,Apartment,4,4,2855,14,22,1,13.39,1,0,1,4,50481272
Sector 83,Apartment,3,3,1581,16,27,1,8.82,0,1,1,2,26547070
Sector 57,Villa,1,2,634,11,17,3,10.88,1,0,1,5,14132846
DLF Phase 1,Penthouse,2,2,1510,22,26,1,5.52,1,0,1,3,21851410
Sector 84,Apartment,4,4,1768,13,38,1,7.49,0,1,1,5,44219190
Sector 67,Apartment,3,3,977,3,14,4,10.97,1,1,1,4,27895001
New Gurgaon,Builder Floor,5,5,3755,16,14,1,10.94,1,1,1,2,63241187
New Gurgaon,Villa,2,3,920,10,12,2,6.43,0,1,1,1,19745588
DLF Phase 5,Apartment,2,2,1327,5,5,1,8.2,1,1,1,1,42547031
Sector 56,Apartment,2,3,1746,3,37,2,13.87,1,0,0,5,30733663
Golf Course Road,Apartment,3,4,2151,12,4,1,9.52,0,1,1,4,59803479
Sector 89,Builder Floor,3,3,1392,19,29,4,9.67,1,1,0,5,30703440
Sector 67,Apartment,2,2,790,14,25,2,11.79,1,0,1,2,12921707
DLF Phase 1,Apartment,3,4,1473,17,4,2,1.82,0,1,1,3,33450460
Sector 92,Apartment,3,4,1872,16,16,3,7.89,0,0,0,1,38367861
Sector 82,Builder Floor,2,3,1130,18,2,4,14.4,1,1,0,5,18630070
Sector 70,Apartment,3,3,2371,9,23,1,5.49,0,0,1,4,44891145
Sohna Road,Apartment,4,4,2773,4,4,3,4.49,1,0,1,1,54564034
Sector 56,Apartment,2,3,995,11,20,1,9.06,1,1,0,1,13507258
Sector 57,Builder Floor,2,3,1436,24,17,2,3.39,1,0,1,3,30696746
Sector 84,Apartment,3,4,2432,14,6,1,8.38,1,0,1,5,42145155
Sector 57,Apartment,4,4,2223,22,18,2,2.42,0,0,0,3,41663221
DLF Phase 3,Apartment,4,4,2668,3,20,1,8.74,1,0,1,4,64635743
Sector 54,Apartment,3,4,1432,7,39,2,9.08,1,0,0,4,31787278
Sector 65,Apartment,2,2,1160,19,41,2,6.33,1,1,1,5,21668685
Sector 56,Builder Floor,4,5,1900,21,34,1,5.8,1,0,1,1,39527364
Sector 84,Builder Floor,5,5,3867,16,40,2,3.76,0,1,1,2,72832344
Sector 84,Apartment,3,4,1589,5,24,4,5.03,0,1,1,3,33615427
Sector 54,Builder Floor,5,5,3308,15,18,2,7.53,0,1,0,1,57888484
Palam Vihar,Apartment,3,3,2066,4,30,2,3.79,1,0,1,4,40951088
DLF Phase 4,Apartment,4,4,4141,13,1,3,11.76,0,1,1,4,82863980
Golf Course Extension Road,Apartment,3,3,1688,1,23,2,10.66,0,1,1,1,47927360
New Gurgaon,Apartment,3,3,1473,16,29,1,4.11,1,0,1,1,25873776
Sector 70,Builder Floor,2,2,1179,5,41,2,1.55,0,1,1,4,22263693
Golf Course Extension Road,Builder Floor,4,4,1923,10,41,1,0.1,0,0,1,3,54215680
Sohna Road,Builder Floor,5,6,2658,1,32,3,8.99,1,0,1,3,54278858
DLF Phase 1,Apartment,3,4,2105,24,2,4,3.25,1,0,1,1,39541448
Palam Vihar,Apartment,3,4,1517,24,36,1,0.29,0,1,0,5,31777975
DLF Phase 4,Apartment,2,2,1357,0,17,2,5.45,1,1,0,4,40100339
Sector 65,Apartment,2,2,1367,4,43,2,14.43,1,0,1,2,23107555
DLF Phase 3,Apartment,2,2,1269,7,2,1,10.38,1,0,1,4,38062761
Sector 67,Apartment,3,4,2081,3,4,3,12.88,1,1,1,3,41852468
Sector 92,Apartment,5,6,2793,18,44,2,2.26,0,0,0,3,52445559
Golf Course Road,Apartment,1,2,450,4,34,1,1.19,1,1,1,2,34592362
Sector 54,Builder Floor,1,2,608,4,1,3,0.27,1,1,1,3,14501551
South City 1,Penthouse,3,4,1832,23,23,1,14.34,1,1,1,2,34972500
DLF Phase 4,Villa,2,3,1096,15,6,4,4.57,1,1,1,3,38436767
Sector 92,Builder Floor,4,4,2762,21,16,1,6.95,1,1,0,2,48839069
Sector 83,Apartment,2,3,1414,17,2,2,5.98,1,1,1,5,23632881
Golf Course Extension Road,Builder Floor,2,2,1261,10,12,1,10.98,1,0,1,4,36953608
Palam Vihar,Builder Floor,2,3,1227,16,27,1,4.72,1,0,1,3,22128461
Sector 54,Apartment,2,3,1541,2,19,3,8.08,1,0,1,1,32104824
DLF Phase 1,Apartment,3,3,1348,17,28,2,14.93,0,1,1,2,19804472
Golf Course Extension Road,Builder Floor,2,2,1107,3,35,3,6.72,0,0,0,2,31882341
Sector 65,Apartment,3,3,2219,18,43,2,8.31,1,0,0,2,40221204
Golf Course Extension Road,Apartment,3,4,2025,8,4,3,7.59,0,0,1,3,50002337
South City 1,Apartment,1,2,567,4,7,4,12.07,1,0,0,4,9931412
Golf Course Extension Road,Apartment,1,1,654,3,37,2,4.08,0,1,0,1,28016088
Sector 56,Apartment,3,4,1569,15,25,2,2.64,0,0,1,2,33654717
Sector 83,Apartment,3,3,1867,9,41,3,11.34,1,0,1,2,32474001
Sohna Road,Apartment,5,6,3481,8,17,1,6.29,0,0,1,2,63671063
Sector 57,Apartment,2,3,1561,15,41,3,13.71,0,0,1,2,23272814
Sector 57,Builder Floor,2,3,1385,19,14,2,9.7,1,0,0,1,22685039
DLF Phase 2,Apartment,1,1,790,21,37,2,8.51,1,1,0,2,11568450
Sector 67,Apartment,3,4,1194,16,2,1,1.15,0,0,0,1,23078131
Sector 67,Apartment,3,3,870,17,24,3,10.98,1,0,1,1,21133295
South City 1,Villa,4,4,1177,14,15,1,10.32,0,1,1,2,28543869
South City 1,Apartment,3,3,2268,19,33,3,9.64,1,1,0,5,43828505
DLF Phase 4,Apartment,2,2,1369,8,12,2,4.09,1,1,1,1,42399281
Sector 65,Villa,3,3,1498,5,19,1,14.21,1,0,1,5,24712073
Sector 84,Villa,4,4,2184,5,5,4,4.89,1,1,0,1,44053528
DLF Phase 2,Apartment,2,2,1294,10,1,3,2.37,1,0,1,3,27703191
Sector 67,Builder Floor,3,3,1496,24,43,4,14.81,1,1,1,2,27949212
Sector 85,Apartment,5,5,2427,19,9,1,11.22,0,1,1,3,49200514
Sector 82,Apartment,4,5,2033,2,39,2,6.28,0,1,1,1,45148325
Sohna Road,Apartment,4,4,1985,22,34,2,14.05,1,0,1,3,32630952
Sector 82,Apartment,2,3,1212,11,29,2,1.46,0,0,0,2,25088170
DLF Phase 1,Builder Floor,3,3,2498,14,2,0,1.41,1,1,1,2,45893796
Sector 92,Apartment,2,3,918,6,19,1,10.27,0,1,0,1,22925937
Sector 56,Apartment,3,4,1769,24,28,3,2.75,1,0,1,1,31343369
Sector 65,Builder Floor,2,3,1328,21,35,2,13.77,1,0,1,5,26605158
DLF Phase 5,Builder Floor,4,5,2699,17,40,4,12.62,1,1,1,4,68031652
Sector 57,Apartment,4,5,2116,21,22,1,4.66,1,1,1,3,42168323
South City 1,Apartment,3,4,2059,14,4,4,13.34,1,1,0,5,38327056
Sohna Road,Apartment,2,2,1317,7,8,2,0.74,1,0,0,3,30802045
Sector 83,Builder Floor,1,1,536,21,1,3,8.27,0,0,0,2,4857845
Sector 70,Builder Floor,4,4,1642,8,36,1,14.04,1,0,1,1,33928545
Sector 67,Villa,3,3,1319,14,7,3,12.85,1,1,1,3,30188009
South City 1,Apartment,3,3,2113,15,25,2,5.41,1,0,1,4,44845213
New Gurgaon,Apartment,2,2,1599,19,29,2,2.82,0,1,0,2,24380847
Sector 67,Apartment,3,4,1800,2,1,1,3.24,0,0,1,2,38565579
DLF Phase 5,Apartment,4,4,3185,4,18,2,7.77,1,0,1,5,75686326
Sector 83,Apartment,3,4,1778,2,4,3,8.99,0,1,1,4,38652015
Sector 54,Villa,3,4,1319,1,20,1,0.59,1,1,1,2,28483999
Palam Vihar,Apartment,4,5,2282,1,8,2,6.26,0,0,1,4,49598433
DLF Phase 5,Apartment,2,3,1617,3,27,0,12.47,0,0,1,1,44730802
Sector 67,Builder Floor,2,3,1031,2,39,3,6.72,1,1,0,4,25777079
Sector 54,Apartment,3,4,1742,8,35,4,2.62,1,1,1,5,36774983
Sector 89,Builder Floor,2,2,1531,22,25,1,14.33,1,1,1,5,21402264
DLF Phase 3,Apartment,4,5,3025,21,14,1,4.07,1,0,1,3,64985190
Sector 82,Apartment,3,4,1928,11,44,2,12.0,1,1,1,1,32777207
Golf Course Extension Road,Apartment,4,4,2699,23,40,0,2.99,1,1,1,1,59649844
Golf Course Extension Road,Apartment,3,3,2246,8,31,2,6.41,1,1,1,4,62238128
Golf Course Road,Villa,2,2,1286,18,5,1,7.41,1,1,0,5,46212940
DLF Phase 3,Apartment,2,2,1558,11,17,2,7.56,1,1,1,5,39151830
Sector 67,Apartment,4,4,2776,15,10,0,7.8,1,0,1,5,46662252
Golf Course Extension Road,Apartment,2,2,1158,22,43,1,3.45,1,1,1,1,27393582
DLF Phase 5,Apartment,3,3,1982,24,16,0,7.79,0,1,1,5,50271637
South City 1,Villa,4,5,2184,0,4,2,7.28,0,0,1,3,42249380
Sector 85,Apartment,2,2,929,9,5,2,3.21,0,1,1,2,16617782
Palam Vihar,Builder Floor,2,3,880,24,42,1,14.82,1,0,1,5,13617336
Sohna Road,Penthouse,3,3,1713,22,41,2,13.0,0,0,1,3,25172669
Sector 84,Apartment,4,4,2575,9,20,3,13.32,1,0,1,3,46591456
Sector 92,Villa,2,3,1704,3,6,1,10.32,1,0,1,2,25127209
DLF Phase 1,Apartment,5,5,3291,10,11,3,2.48,1,1,0,1,62769879
Sector 70,Apartment,3,3,1880,21,17,2,8.56,0,0,1,5,30424091
Sector 84,Apartment,5,5,2930,10,41,0,12.34,1,0,1,3,54182949
Sector 56,Builder Floor,2,2,1099,10,3,1,0.68,0,1,0,3,22792659
Sector 65,Penthouse,2,2,1236,21,16,2,7.49,1,0,1,2,18207490
Sector 83,Apartment,4,4,2245,5,36,2,6.0,1,1,1,3,41401211
Sector 70,Builder Floor,4,4,2218,14,26,1,3.26,0,0,0,5,43103585
Sector 83,Apartment,3,4,2144,1,24,4,5.74,0,1,0,1,38033070
Sohna Road,Apartment,3,3,1418,20,34,2,14.75,0,0,1,3,23196146
South City 1,Apartment,4,5,2260,22,20,1,10.88,0,1,1,1,39562323
Sector 56,Penthouse,1,2,503,21,17,1,4.56,0,1,0,3,12145607
Sector 84,Apartment,3,4,1849,2,20,1,9.12,1,1,1,3,41868203
Sector 85,Apartment,4,5,2878,4,16,2,3.78,1,0,1,5,52415470
Sector 92,Apartment,3,4,1946,23,4,2,9.2,1,1,1,1,31811160
Sector 83,Apartment,2,3,1138,10,18,3,13.45,1,1,1,4,18040224
Sector 84,Apartment,4,5,2926,20,36,2,8.4,1,1,1,5,55339395
Sector 83,Apartment,2,2,1447,11,35,1,11.03,0,1,1,1,26500799
Sector 89,Villa,1,1,605,2,30,2,6.85,0,0,1,1,14930091
Sohna Road,Apartment,5,5,4115,8,18,0,7.91,1,1,1,1,79415895
Golf Course Road,Apartment,3,4,1976,2,21,1,10.46,1,0,0,4,59153551
Golf Course Road,Apartment,4,4,2619,1,32,3,12.2,0,1,0,5,67596924
New Gurgaon,Villa,4,5,1726,5,5,1,9.93,1,1,1,4,40279060
Sector 57,Builder Floor,2,3,728,23,41,3,14.66,0,1,1,3,10858523
DLF Phase 4,Apartment,2,2,1217,5,23,4,12.32,1,1,1,2,34603540
Sector 65,Builder Floor,2,3,1479,16,30,2,11.68,1,1,1,4,31122171
Sector 65,Apartment,2,3,1291,7,27,1,12.69,1,0,0,3,16140498
South City 1,Apartment,3,3,2199,0,15,1,4.29,0,1,1,4,45143651
Sector 84,Apartment,3,4,1626,24,41,0,6.54,0,0,1,1,29981852
Sector 82,Apartment,3,3,1834,7,14,2,8.51,1,1,1,2,33880095
Sector 57,Apartment,2,3,1204,21,21,3,6.99,1,0,1,2,23758523
Golf Course Extension Road,Villa,3,4,1043,14,34,2,12.73,1,0,1,3,35949477
Sector 56,Villa,3,3,2551,17,26,3,0.5,1,1,1,4,44300690
Sector 83,Builder Floor,3,3,2302,12,25,3,3.22,1,1,0,4,41460777
Sector 65,Apartment,2,2,1459,24,31,3,13.24,0,1,0,4,31439303
Golf Course Extension Road,Apartment,3,4,2339,7,6,1,0.98,1,1,0,3,58575128
Sector 85,Builder Floor,2,3,1069,19,4,3,3.48,0,1,1,4,27901613
Sector 82,Apartment,3,3,2134,17,24,2,5.33,1,0,1,2,37658595
Golf Course Road,Apartment,3,3,1602,12,42,1,11.29,1,0,0,2,49279996
Sector 65,Apartment,1,1,620,13,31,4,8.45,1,1,1,5,13960396
Sector 54,Builder Floor,3,4,1068,14,19,4,14.32,0,1,1,4,21586505
Sector 92,Apartment,2,3,1158,5,11,2,3.5,1,0,1,4,24897126
DLF Phase 3,Apartment,1,1,450,0,29,3,13.09,0,0,0,2,15608438
DLF Phase 2,Builder Floor,2,2,848,6,5,1,4.32,1,1,1,2,18524786
Golf Course Road,Apartment,5,5,2962,0,18,2,3.76,1,1,1,1,77078679
Palam Vihar,Apartment,3,4,1502,14,3,1,7.53,1,0,0,1,28116929
DLF Phase 5,Apartment,5,5,3237,5,40,2,1.16,0,0,1,5,81807100
Sector 85,Apartment,3,3,2503,4,11,2,5.83,1,1,0,2,46322716
Sector 83,Builder Floor,3,3,1538,11,21,1,5.4,0,0,1,5,31828878
Sohna Road,Apartment,3,4,1688,2,30,2,2.49,1,0,1,4,33327739
Sector 92,Apartment,2,3,1386,21,19,1,12.93,0,1,1,4,22796442
Palam Vihar,Villa,2,2,1012,19,25,1,5.85,1,0,1,2,15180860
Sector 54,Villa,3,4,1499,13,35,1,14.73,0,0,1,3,29812173
Sector 56,Villa,3,3,1613,5,12,2,13.51,0,0,1,5,37655327
Sector 65,Apartment,2,2,1446,3,26,1,3.0,0,0,1,3,26668750
New Gurgaon,Apartment,2,2,704,14,5,1,7.63,0,1,0,4,12800419
Golf Course Road,Penthouse,2,2,962,16,19,1,9.07,1,1,0,5,33462922
Sector 92,Builder Floor,3,4,2442,4,27,1,12.3,1,0,0,4,41694289
DLF Phase 5,Apartment,3,3,498,23,38,2,13.3,0,0,1,1,31630301
South City 1,Apartment,4,4,2328,5,29,3,9.4,0,0,1,2,45433227
Sector 57,Apartment,2,3,1628,9,12,1,0.62,1,0,1,1,32972823
Sector 83,Villa,2,2,1734,8,19,2,7.27,1,1,0,5,36661140
Palam Vihar,Apartment,3,4,2135,3,9,1,13.28,1,0,0,1,37166269
Sector 70,Apartment,4,4,3056,8,18,1,10.74,1,1,1,5,52951144
Palam Vihar,Apartment,1,1,467,7,29,1,13.07,1,1,0,3,10782414
Sohna Road,Builder Floor,3,3,1436,2,3,3,10.14,1,0,1,2,29960826
Sector 92,Builder Floor,3,3,2519,21,23,2,0.76,1,0,0,3,40742272
Sector 89,Apartment,2,3,1126,19,30,2,14.52,0,1,1,4,16150738
Sector 70,Builder Floor,2,2,674,0,24,2,13.78,1,1,1,2,18407030
Golf Course Extension Road,Penthouse,2,3,1317,24,37,1,1.99,0,1,1,1,35814106
DLF Phase 5,Apartment,4,5,2293,19,37,3,1.78,1,1,1,5,60162296
Sector 85,Apartment,3,4,1834,4,4,1,8.13,1,1,0,2,36181196
DLF Phase 2,Apartment,3,3,799,2,28,0,11.38,1,1,1,4,17117423
Sector 54,Builder Floor,3,4,687,3,16,1,5.79,0,0,0,3,20580078
Palam Vihar,Apartment,3,4,1927,24,13,1,2.13,1,1,1,4,39159313
Sohna Road,Builder Floor,3,4,1672,22,8,1,7.71,0,0,0,1,32251578
DLF Phase 1,Builder Floor,1,1,536,23,25,2,5.13,1,1,0,5,10640238
Palam Vihar,Apartment,2,2,1309,18,2,1,5.34,1,0,1,5,24585957
Sector 65,Villa,2,3,981,14,30,2,9.71,1,0,0,1,17850839
DLF Phase 2,Apartment,3,4,1688,18,40,0,13.3,1,0,1,5,28438698
Sector 85,Apartment,1,1,537,15,3,4,8.42,1,0,1,2,13457846
Golf Course Extension Road,Builder Floor,3,4,2171,22,23,1,10.35,1,1,1,2,52096432
Sector 84,Builder Floor,2,3,673,7,29,2,9.93,0,1,1,1,12680057
Palam Vihar,Apartment,5,6,2546,13,41,2,8.31,0,0,1,1,44793622
South City 1,Villa,2,2,1505,4,30,1,4.73,1,1,1,4,27488615
Sector 70,Villa,2,3,965,0,11,1,5.73,1,1,0,5,26014307
Golf Course Extension Road,Apartment,5,6,3083,18,21,1,4.8,1,1,1,3,72264954
Palam Vihar,Penthouse,3,3,2501,4,27,1,13.77,0,0,1,1,43385486
DLF Phase 3,Apartment,5,6,3110,2,24,1,12.42,1,1,1,4,74249718
Golf Course Road,Apartment,1,1,899,16,31,2,8.73,1,1,1,1,30499253
Sector 92,Apartment,2,2,1591,6,30,2,13.69,1,1,1,1,27774180
DLF Phase 2,Villa,3,3,1526,16,1,2,13.31,1,0,1,2,31878277
Sector 84,Builder Floor,4,5,1692,12,1,0,13.92,1,0,0,5,31086362
Sector 65,Apartment,2,3,1030,21,8,3,3.4,1,0,0,1,16806605
Sector 65,Apartment,5,6,3266,21,42,1,10.79,1,0,1,5,59190740
Sector 84,Apartment,3,4,1945,13,34,1,9.18,1,0,1,4,34629916
Sector 56,Apartment,4,5,2772,22,16,1,11.03,1,1,0,1,47625227
DLF Phase 3,Villa,3,4,1411,11,27,1,4.02,1,1,1,3,40531813
Sector 92,Builder Floor,2,3,982,10,4,2,10.45,1,0,0,2,17260303
Sector 85,Apartment,4,5,2712,0,19,2,6.21,1,1,1,3,52169622
Sector 67,Penthouse,5,5,4393,2,29,2,12.53,0,0,1,2,74285709
Sector 65,Apartment,3,4,1339,11,41,2,11.95,0,0,0,1,24992504
Sector 84,Penthouse,1,2,589,8,3,4,3.25,1,1,0,1,13570955
DLF Phase 4,Builder Floor,2,2,1099,1,11,2,2.84,0,1,0,5,38670850
South City 1,Builder Floor,3,4,1861,13,8,2,10.79,1,1,0,2,32798355
Sector 56,Apartment,1,1,450,4,39,1,8.3,0,0,1,4,6821128
Sector 54,Villa,3,4,1837,2,33,1,8.4,0,0,1,3,34248344
Golf Course Road,Apartment,2,3,1541,11,8,2,11.31,0,1,1,4,48422528
Golf Course Road,Apartment,3,3,1117,11,25,1,12.84,1,1,1,2,41976652
Sector 57,Apartment,1,1,739,20,24,2,3.66,0,0,1,4,9255962
Sector 82,Apartment,3,4,1298,6,26,1,8.38,1,1,1,2,29605209
DLF Phase 2,Apartment,3,3,1908,0,26,3,12.45,1,0,0,5,29619297
DLF Phase 4,Builder Floor,3,4,2005,2,17,4,13.1,1,0,1,5,55816912
DLF Phase 5,Villa,3,4,1957,10,27,1,4.38,1,1,1,4,57313313
Sector 84,Apartment,2,3,1106,12,29,3,1.65,1,1,1,4,26603641
Sohna Road,Builder Floor,3,4,2078,21,43,3,3.57,1,1,1,2,38485824
Sohna Road,Apartment,4,5,1695,22,39,4,14.19,1,1,1,5,38464530
Palam Vihar,Villa,3,4,2184,9,9,1,6.99,1,1,1,4,43975665
Sector 65,Builder Floor,5,5,2674,18,14,3,6.34,0,0,1,2,58189083
New Gurgaon,Apartment,3,3,1935,3,5,1,0.29,0,1,1,2,44760768
Sohna Road,Builder Floor,4,4,2203,21,30,2,0.86,0,1,1,4,40340881
Sector 89,Apartment,2,3,1628,4,28,2,10.06,1,1,1,3,40181719
DLF Phase 3,Apartment,3,3,1984,10,37,2,8.89,1,0,1,1,50769261
Sector 85,Builder Floor,3,4,2074,8,8,1,8.68,1,1,1,2,38308916
New Gurgaon,Apartment,2,2,1420,12,15,3,1.74,1,0,1,5,23725594
Sector 89,Apartment,3,4,1698,16,28,2,5.35,1,0,1,1,31004509
Sector 89,Apartment,2,3,1280,14,36,1,12.2,1,0,0,2,20914251
Sector 82,Builder Floor,3,4,1869,12,33,2,2.71,1,0,0,3,37666833
Golf Course Road,Apartment,3,4,2070,20,6,3,13.25,1,0,0,1,54961110
Sector 83,Apartment,3,4,1612,10,12,4,1.91,0,1,1,5,34059955
Sohna Road,Builder Floor,5,5,2505,0,7,2,2.62,1,1,1,1,54585629
Sector 83,Builder Floor,3,4,2296,7,28,0,7.22,1,1,1,4,39899612
Sector 85,Apartment,3,3,2130,22,7,1,14.18,1,1,1,2,35867991
Sector 92,Apartment,2,3,964,4,41,1,5.01,1,1,0,4,18910473
Sector 83,Apartment,4,5,3465,21,1,1,9.91,0,1,0,3,64329749
Sector 54,Apartment,3,4,1560,15,24,1,8.87,0,1,1,1,27482518
Golf Course Extension Road,Apartment,3,3,1849,3,19,1,2.33,0,0,1,4,49120785
Sector 84,Builder Floor,2,3,1527,24,32,1,3.8,1,0,0,3,22719364
Sector 84,Builder Floor,3,3,2286,18,30,3,13.96,1,0,1,4,37125263
Sector 65,Builder Floor,2,3,1002,17,1,2,2.85,1,0,1,5,19720597
Sector 67,Apartment,4,4,2689,22,32,3,10.46,1,1,1,4,45125341
Sector 56,Villa,4,4,2226,1,20,1,14.47,0,0,0,2,41979768
Golf Course Extension Road,Apartment,3,3,1976,12,21,2,1.88,0,1,1,4,45184972
Sector 70,Penthouse,4,5,2329,15,19,1,6.05,1,0,1,4,45049749
South City 1,Builder Floor,3,4,1630,21,30,2,3.44,1,1,1,4,32679261
DLF Phase 1,Apartment,3,3,1395,7,28,2,3.4,1,0,0,4,29770381
Sector 84,Builder Floor,3,4,2297,18,32,2,1.87,1,1,0,4,44795063
DLF Phase 4,Apartment,3,4,1487,2,30,3,9.78,0,1,1,1,48810814
New Gurgaon,Builder Floor,2,3,1611,18,23,3,11.22,0,0,1,1,24066856
DLF Phase 5,Apartment,2,2,1117,16,27,2,10.18,1,0,0,5,39467167
Sector 92,Apartment,3,3,2003,8,37,1,13.88,1,0,1,1,35602639
South City 1,Villa,3,4,2446,20,26,3,2.27,1,1,1,3,47583712
Golf Course Extension Road,Apartment,2,2,1079,24,3,2,4.87,1,0,1,2,29791782
Sector 56,Builder Floor,4,5,2664,20,31,2,5.23,1,1,1,4,44913690
Sector 84,Apartment,2,3,1338,22,2,2,3.56,1,0,1,4,24058673
Golf Course Extension Road,Builder Floor,2,2,1013,16,10,1,2.22,1,0,1,4,32019416
DLF Phase 1,Builder Floor,4,4,2524,24,38,1,7.35,1,1,0,5,49473833
Golf Course Extension Road,Apartment,3,4,2112,0,19,1,12.53,1,0,0,5,54201539
Sector 54,Apartment,3,4,2514,3,31,1,14.32,0,1,1,3,40854362
Sector 57,Apartment,3,4,1625,22,29,2,2.03,1,0,1,4,35380259
Sector 65,Apartment,5,5,3242,14,25,1,12.37,1,1,0,5,56893458
DLF Phase 3,Apartment,3,3,1746,11,32,3,12.39,1,1,1,4,41103439
DLF Phase 4,Builder Floor,1,2,627,24,17,2,5.9,1,1,0,1,25671347
DLF Phase 4,Villa,3,4,1551,16,23,1,1.74,1,0,1,4,47003056
Sector 67,Villa,2,2,1152,11,18,1,14.85,0,0,0,3,18699319
South City 1,Builder Floor,5,6,4062,15,11,2,9.87,1,1,1,3,72352176
Sector 89,Builder Floor,2,2,1235,12,20,1,14.73,1,0,1,5,18037992
Sector 56,Builder Floor,3,3,1831,10,13,2,7.31,1,0,0,4,34225794
DLF Phase 5,Apartment,2,3,961,14,24,3,5.99,0,1,1,3,41484663
Golf Course Extension Road,Villa,4,5,3010,15,43,2,3.78,1,0,0,1,65960221
Sector 83,Builder Floor,2,2,1437,5,20,1,14.76,1,1,0,5,31299537
DLF Phase 1,Apartment,5,6,3089,10,42,3,3.87,1,1,0,1,59741848
Sector 65,Apartment,1,1,866,14,28,1,0.45,0,0,1,3,12342621
DLF Phase 2,Apartment,2,2,1050,4,35,1,7.74,1,1,0,5,19029100
Golf Course Extension Road,Apartment,2,2,908,2,21,2,5.72,0,1,1,4,35413473
Sector 54,Villa,4,5,2346,1,6,3,3.99,1,0,0,2,47925521
Sector 67,Apartment,4,5,1925,0,7,1,9.56,0,0,0,4,35072172
DLF Phase 2,Apartment,2,3,1267,14,29,3,5.53,1,1,1,4,25751174
Golf Course Extension Road,Penthouse,1,1,610,1,23,1,6.09,1,1,1,1,26372200
Sector 82,Apartment,4,4,3045,19,5,1,0.44,1,0,1,4,51222764
Sector 54,Apartment,2,2,1072,5,22,2,8.88,0,0,1,2,19753020
DLF Phase 2,Apartment,2,2,1292,11,9,1,1.92,0,0,0,5,21443051
Golf Course Extension Road,Builder Floor,1,2,625,20,32,1,3.29,1,1,1,5,23074160
DLF Phase 4,Villa,1,2,716,15,10,1,10.79,1,0,1,2,23753093
Sector 54,Apartment,2,3,883,13,43,1,4.77,1,1,0,1,12353027
DLF Phase 2,Villa,2,2,948,3,28,1,2.53,1,1,1,2,16897121
Sector 83,Apartment,3,3,1556,7,11,2,8.7,1,1,1,5,35038907
Golf Course Extension Road,Villa,4,5,1792,11,7,2,3.3,1,0,0,2,47730788
Sector 67,Builder Floor,2,2,1371,22,30,4,4.14,1,0,1,1,29734803
DLF Phase 5,Builder Floor,4,5,2748,13,43,2,9.36,0,1,1,4,65684542
Sector 84,Apartment,2,2,1505,19,38,2,11.12,1,1,1,4,26911981
New Gurgaon,Penthouse,3,3,1738,12,34,2,11.12,0,1,1,5,33575412
Sector 65,Builder Floor,2,2,1070,4,28,3,7.29,1,1,1,1,22140605
Sector 89,Apartment,4,4,1869,11,32,1,6.87,1,0,1,4,41505133
Golf Course Extension Road,Builder Floor,2,2,1564,9,16,1,11.84,0,1,1,4,35472166
Golf Course Road,Apartment,4,5,2275,20,39,2,2.98,0,1,0,4,68971581
Sohna Road,Villa,2,3,996,18,1,1,2.37,1,1,1,3,19492850
Sector 67,Apartment,3,4,2115,12,34,3,10.0,0,1,1,4,40515968
DLF Phase 5,Builder Floor,5,5,2762,8,41,2,6.2,1,1,1,3,72499467
DLF Phase 2,Apartment,3,4,1351,10,23,1,10.68,0,1,0,2,31081163
Sector 57,Apartment,3,4,1435,4,20,3,3.92,0,1,0,5,28611761
Sector 54,Apartment,5,5,3063,12,18,1,4.94,0,1,0,5,53513074
Golf Course Road,Apartment,2,2,899,9,18,4,13.46,0,0,1,3,41523648
Golf Course Extension Road,Apartment,2,3,1176,17,42,4,6.38,1,1,0,1,34909000
Golf Course Extension Road,Apartment,5,6,2394,14,40,2,8.91,1,1,1,3,61939411
Sector 89,Apartment,2,3,935,19,21,1,1.69,0,1,1,4,22954071
Golf Course Road,Apartment,4,5,2126,11,8,1,2.76,0,1,1,1,64938405
Sector 54,Apartment,2,3,1244,3,34,2,0.63,0,1,0,5,25328587
Sector 54,Builder Floor,4,4,2578,4,11,3,6.42,1,1,1,2,49982541
Golf Course Extension Road,Apartment,3,4,2188,7,43,1,14.83,1,0,1,2,56967531
DLF Phase 2,Villa,5,6,2451,4,43,1,13.12,0,1,0,3,49853850
Sector 89,Villa,3,4,2384,0,10,1,9.53,0,0,1,3,45715984
DLF Phase 4,Builder Floor,1,2,980,17,8,2,12.93,1,1,1,3,28657957
Golf Course Road,Apartment,3,4,1623,18,8,3,8.95,0,1,1,3,55692108
Sector 84,Villa,2,3,705,18,19,0,5.59,1,0,0,5,13649471
DLF Phase 5,Apartment,4,4,1424,9,1,1,2.69,1,1,0,4,45480093
Golf Course Extension Road,Apartment,4,4,2121,21,3,2,9.83,0,0,1,5,52231730
Sector 57,Apartment,3,3,1508,8,44,3,2.98,0,1,1,2,31484640
DLF Phase 1,Builder Floor,4,5,2402,0,32,3,6.32,0,0,1,2,48463012
DLF Phase 1,Apartment,2,3,1342,21,16,3,12.4,1,0,0,2,21791100
Sector 89,Apartment,3,3,1259,24,30,1,2.03,0,1,1,4,28480963
Golf Course Road,Penthouse,3,4,1727,19,28,1,2.02,1,1,1,4,57042767
Sector 85,Villa,3,4,1587,2,28,4,3.44,1,1,1,1,33366074
Sector 56,Apartment,1,2,884,12,16,4,8.32,0,0,1,4,18963843
Sector 54,Apartment,4,4,1626,5,41,2,3.85,1,1,1,2,37386181
DLF Phase 1,Builder Floor,2,2,987,5,33,2,7.6,1,1,1,4,21683117
DLF Phase 1,Apartment,3,3,1814,17,25,4,4.6,0,0,1,4,32754357
Sector 67,Apartment,1,2,494,4,18,2,7.64,0,0,1,4,16663278
DLF Phase 5,Apartment,4,4,3034,16,26,1,4.24,1,1,0,3,69566849
Sector 92,Villa,2,2,914,24,6,2,14.7,0,1,1,4,14479808
DLF Phase 1,Builder Floor,3,3,1415,24,38,4,7.44,1,0,0,3,25812822
Sector 92,Builder Floor,2,3,1541,2,44,2,11.18,0,1,0,2,27397903
DLF Phase 3,Villa,4,4,1733,4,3,3,10.54,1,1,1,1,48619609
Sector 85,Apartment,2,2,1433,2,43,2,7.41,1,0,1,5,29100710
Sector 57,Apartment,4,5,2146,22,6,1,3.66,0,1,1,1,42499765
Sector 70,Apartment,2,2,1026,12,14,1,7.71,0,1,1,5,19794570
Sector 84,Apartment,4,5,2115,14,18,4,10.25,0,0,1,2,44330074
South City 1,Apartment,1,2,450,16,16,2,6.95,1,1,1,3,7261281
Sector 70,Builder Floor,2,2,1453,14,24,0,1.32,1,1,1,4,24736635
DLF Phase 4,Apartment,3,3,1857,4,13,4,0.37,0,0,0,3,47988709
DLF Phase 5,Villa,1,1,724,21,1,2,4.99,1,1,1,5,29789360
New Gurgaon,Apartment,2,3,1529,13,38,3,2.34,1,0,0,4,29029648
Sector 84,Apartment,5,5,3378,10,14,2,13.6,1,0,1,5,60499914
Palam Vihar,Builder Floor,5,5,1983,13,17,1,2.72,1,0,1,5,41690086
DLF Phase 2,Apartment,4,4,1857,6,13,2,5.97,1,1,1,4,42941503
South City 1,Builder Floor,2,3,1438,2,13,4,10.71,1,0,1,1,25429037
Palam Vihar,Apartment,2,3,1215,22,9,0,12.25,1,0,1,1,19032881
DLF Phase 5,Apartment,3,4,2073,19,6,3,7.22,0,0,1,5,56887571
DLF Phase 4,Apartment,2,2,1175,9,6,1,2.8,0,1,1,2,32769386
DLF Phase 4,Apartment,5,5,2699,10,30,1,4.14,1,1,1,3,65243505
Golf Course Road,Apartment,2,3,1382,5,37,1,6.34,1,0,0,1,49925922
Sector 92,Builder Floor,5,5,1790,4,14,3,5.53,0,1,1,4,35859324
New Gurgaon,Villa,3,3,1665,19,4,2,5.3,1,1,1,5,28146015
Sector 67,Apartment,4,5,2437,21,34,2,2.06,1,1,1,3,41997148
Palam Vihar,Builder Floor,1,2,629,12,2,3,13.71,0,1,1,3,10068302
DLF Phase 5,Apartment,4,5,1675,11,17,0,0.54,0,0,0,5,49867263
South City 1,Builder Floor,2,2,849,18,42,1,6.66,0,1,1,3,13796717
South City 1,Apartment,3,3,1634,18,14,0,14.71,1,0,1,2,32093418
Golf Course Extension Road,Apartment,4,4,2364,20,17,2,9.93,0,1,1,5,55225324
Sector 92,Apartment,2,3,1635,4,30,2,5.4,0,1,1,3,31483560
DLF Phase 1,Apartment,3,4,1431,24,43,3,2.28,1,1,1,3,30493241
Sector 70,Apartment,3,3,1592,19,29,2,14.46,0,0,1,1,30757490
DLF Phase 4,Apartment,2,3,1645,20,7,1,0.31,1,1,1,3,43598690
Sector 84,Apartment,3,4,2246,8,9,3,10.25,1,1,1,3,41814521
New Gurgaon,Penthouse,2,2,888,3,23,1,13.21,0,0,1,1,16035466
Sector 70,Apartment,3,4,2083,14,36,3,0.47,0,0,0,5,36291825
Sector 83,Apartment,3,3,2149,2,14,1,10.91,1,0,1,1,38586835
Sector 70,Apartment,3,4,1882,22,20,1,14.98,1,0,0,4,33425263
Sector 83,Apartment,2,2,871,6,17,2,9.63,1,0,1,4,21053974
Sector 92,Apartment,4,5,2066,23,32,1,6.28,1,1,0,2,36865875
Sohna Road,Apartment,4,4,2048,19,25,0,13.13,1,1,1,3,41681729
DLF Phase 3,Apartment,3,4,2022,19,30,2,8.36,0,1,1,4,45668202
Sector 89,Apartment,3,4,1619,13,27,1,11.27,1,0,0,5,34567047
DLF Phase 1,Apartment,3,4,1688,13,27,0,8.86,0,0,1,5,31724829
DLF Phase 2,Apartment,3,4,1547,8,31,1,0.67,1,1,0,4,33620814
Sector 82,Apartment,3,4,1145,22,26,2,3.28,0,1,0,1,22233979
Palam Vihar,Apartment,2,2,1926,2,14,1,1.27,1,1,1,2,40306612
Sector 56,Apartment,3,3,1969,8,21,1,1.69,1,0,1,1,34595423
Sector 85,Builder Floor,2,2,1612,20,28,2,0.33,0,1,0,2,30901298
Palam Vihar,Apartment,1,2,450,3,15,2,6.38,0,0,1,4,7129464
Sector 70,Apartment,3,3,2437,16,30,2,2.76,1,0,1,1,41021114
Sector 84,Apartment,3,4,1633,24,25,1,12.85,0,1,0,4,33988208
Sector 67,Villa,3,4,2022,5,11,1,11.28,1,1,1,2,40085548
DLF Phase 1,Apartment,3,3,2216,15,44,2,8.64,1,0,1,5,40735331
DLF Phase 5,Apartment,5,5,4057,17,11,3,7.39,1,1,0,1,90170358
Sector 67,Apartment,3,4,1780,12,28,2,3.91,1,1,1,4,39162861
Sector 70,Apartment,3,4,1378,6,5,1,7.18,1,1,1,2,30550963
DLF Phase 3,Apartment,2,2,1195,2,28,1,9.65,0,0,1,5,33060083
Sector 82,Apartment,2,2,1365,5,8,3,11.76,1,0,1,1,26312369
Sector 89,Villa,2,3,1049,23,26,2,1.32,1,1,1,2,20259756
Sector 84,Apartment,3,4,1622,2,6,1,10.66,1,1,0,1,30975666
DLF Phase 3,Builder Floor,4,4,1532,11,32,1,11.17,1,0,1,1,39465809
Sector 83,Penthouse,2,3,926,4,32,3,8.43,1,0,1,3,17242334
Sector 70,Apartment,3,4,1986,21,12,1,3.29,1,0,1,4,38146529
Sector 65,Apartment,2,2,1446,16,6,2,8.13,1,0,1,3,24926266
Sector 65,Apartment,2,2,1508,9,13,2,7.59,1,1,1,1,22604106
Sector 54,Apartment,5,6,4593,6,39,1,7.19,1,0,1,2,79876280
Sector 84,Apartment,3,4,2425,3,40,0,6.96,1,1,1,4,46161518
Sohna Road,Villa,2,2,1157,9,44,1,1.75,0,0,1,2,20022224
Sector 84,Builder Floor,4,5,1876,6,34,3,2.83,1,0,0,2,40621642
New Gurgaon,Apartment,4,4,2256,22,23,2,1.55,1,1,1,5,37494114
South City 1,Apartment,3,4,1568,10,41,3,3.71,1,1,1,1,37293151
Sector 92,Builder Floor,2,2,1246,20,17,2,4.03,1,1,1,2,23853987
Sector 54,Villa,3,4,2174,7,1,3,3.75,1,1,1,1,36045439
DLF Phase 2,Builder Floor,2,3,1334,7,7,3,3.24,1,0,0,3,16051121
Sector 56,Apartment,4,5,3282,4,13,2,11.06,1,1,1,3,60715764
Sector 56,Builder Floor,3,3,1966,4,14,1,12.3,1,0,1,2,33309150
Sector 54,Apartment,3,3,1264,6,17,2,4.97,0,1,0,1,27352774
Golf Course Road,Apartment,3,3,1560,21,30,2,4.65,1,1,1,5,55415453
DLF Phase 4,Apartment,2,3,1312,3,34,2,12.68,1,0,1,4,37990275
Sector 65,Apartment,2,3,1264,1,27,3,9.4,1,1,1,3,28349906
Sector 54,Builder Floor,5,5,3915,23,25,1,4.47,1,1,0,3,71791516
South City 1,Apartment,2,2,1201,18,44,1,10.73,0,1,0,5,22056897
South City 1,Apartment,1,2,575,1,35,2,5.23,1,0,1,2,16930826
Sector 67,Apartment,5,6,1898,15,9,1,8.84,1,1,1,3,38526169
DLF Phase 5,Apartment,3,4,1461,11,6,2,14.89,1,1,1,3,43027884
Golf Course Road,Apartment,4,5,2572,14,26,4,4.59,0,1,1,4,66675846
DLF Phase 1,Apartment,1,1,629,9,38,2,13.96,0,0,1,5,10684868
Golf Course Road,Builder Floor,3,3,2049,22,39,3,4.88,1,0,1,5,60826036
Sector 85,Apartment,3,4,1989,5,27,2,8.15,0,0,1,1,38917630
Palam Vihar,Apartment,4,5,2336,23,40,2,6.95,1,1,1,5,44684544
Sector 57,Apartment,1,2,459,12,31,2,11.77,0,0,1,4,9299749
Sector 82,Villa,3,3,1800,5,3,1,1.01,1,1,1,5,37953398
Sohna Road,Builder Floor,4,4,2375,22,24,2,9.44,1,0,0,1,43716948
Sector 89,Builder Floor,3,4,2376,1,15,1,11.43,1,1,1,4,45892991
Sector 83,Apartment,3,4,2357,13,6,4,7.13,0,0,0,3,44737183
Golf Course Road,Apartment,2,3,1065,17,11,1,1.67,1,0,1,2,39234757
Golf Course Road,Apartment,2,3,1025,5,30,1,3.75,0,1,1,3,41640237
Palam Vihar,Builder Floor,3,4,1231,24,35,2,10.23,1,1,1,1,25759881
DLF Phase 3,Villa,3,4,1730,18,38,2,13.44,1,1,1,4,37577118
Sector 56,Apartment,5,5,2668,13,43,0,6.38,1,0,0,3,50755921
DLF Phase 1,Villa,3,3,2895,12,40,1,8.45,1,0,0,1,51496047
Sector 70,Builder Floor,3,3,1331,7,29,3,3.5,1,1,1,3,34089649
DLF Phase 4,Apartment,4,5,2432,4,23,2,6.24,0,1,1,2,64504566
Sector 65,Villa,2,3,1019,12,42,1,5.12,0,1,1,3,21706509
Golf Course Road,Apartment,3,4,1810,5,42,2,9.87,1,0,1,3,60147916
Sector 54,Apartment,2,2,1106,21,3,1,14.77,0,1,0,3,18939590
Sector 65,Apartment,2,3,1427,18,26,1,12.22,1,0,1,1,25864560
Sector 56,Apartment,4,4,2646,10,14,4,2.96,0,0,1,4,55987991
Sector 85,Apartment,3,4,2126,15,19,1,8.71,0,0,0,5,37866528
Golf Course Extension Road,Apartment,3,4,1484,4,21,0,1.09,1,0,1,1,42505020
Golf Course Extension Road,Apartment,3,4,2253,11,21,4,3.78,1,0,1,5,59067216
Sector 54,Apartment,3,3,1597,16,9,3,2.67,1,0,0,5,31311423
DLF Phase 4,Apartment,2,2,806,1,13,1,5.1,1,1,1,3,35525418
Sector 92,Apartment,3,3,1723,9,41,2,10.21,0,1,1,2,34823714
DLF Phase 1,Apartment,3,4,1847,14,44,3,7.54,0,1,0,5,31822253
Sector 67,Apartment,4,4,1700,18,37,1,14.0,1,0,1,5,33475695
Sector 85,Builder Floor,2,3,1444,19,38,2,3.27,1,0,1,3,24887215
Sector 57,Builder Floor,2,3,972,24,24,2,5.53,0,1,1,2,16989832
Sector 57,Villa,3,3,1441,16,38,2,5.01,1,0,1,3,31234393
South City 1,Builder Floor,4,4,2399,18,11,2,3.62,1,0,1,5,42410753
Sector 57,Apartment,3,4,2160,18,29,2,14.9,0,1,1,1,36256151
Sector 56,Builder Floor,4,5,1719,12,44,0,5.87,1,1,1,5,37840343
DLF Phase 2,Apartment,5,6,3658,12,38,3,14.11,1,1,0,1,65606171
Golf Course Road,Apartment,5,6,1488,15,41,1,5.92,0,1,1,4,58487961
Sector 82,Builder Floor,4,4,2585,21,17,2,3.14,1,1,1,2,49771973
DLF Phase 3,Apartment,4,4,1767,20,26,2,1.88,1,0,1,4,48434126
Sector 54,Builder Floor,2,2,976,2,26,2,12.85,1,1,0,3,23106470
Golf Course Road,Builder Floor,4,5,3373,3,12,2,0.58,1,1,1,5,92873368
DLF Phase 3,Villa,3,4,1384,6,18,2,14.47,0,1,1,4,41065839
Sector 54,Villa,5,6,2960,2,9,1,6.33,0,1,1,2,57858850
Sector 82,Apartment,2,2,901,8,3,2,3.79,1,1,1,1,20882122
Sector 67,Apartment,3,4,2123,7,10,3,9.3,1,1,0,1,38607777
Sector 92,Apartment,3,4,1971,17,43,3,2.08,0,0,0,3,39788910
Sector 56,Apartment,3,3,2030,20,2,2,1.17,0,1,1,3,38137417
Golf Course Road,Apartment,2,2,1516,13,8,1,12.43,1,1,1,5,53685704
Sector 82,Builder Floor,3,4,1658,19,43,1,6.43,1,0,1,4,30720657
Sector 85,Builder Floor,4,4,3001,4,18,1,7.82,0,0,1,5,53981154
Sector 85,Apartment,3,4,2425,2,39,2,2.73,1,0,1,1,44823836
Golf Course Extension Road,Apartment,2,2,1279,9,31,1,1.02,0,0,1,1,34222967
Sector 82,Apartment,4,5,1780,10,14,4,5.58,0,1,1,4,40184576
Sector 85,Apartment,2,2,862,16,39,3,7.64,0,0,0,5,17399585
Sector 85,Villa,2,2,1323,7,33,0,11.5,1,1,1,3,25309716
Sector 92,Apartment,3,3,1335,8,29,2,7.57,1,1,1,4,22734818
Sector 57,Apartment,4,4,1647,7,44,3,11.76,1,0,1,3,31891648
DLF Phase 2,Apartment,3,4,2171,19,33,1,1.82,0,0,0,4,38557288
Sohna Road,Builder Floor,3,4,1607,1,35,2,1.05,1,0,1,3,34881561
Sector 92,Builder Floor,2,2,1877,3,2,2,2.47,0,0,0,2,37876255
DLF Phase 2,Apartment,3,4,1523,15,35,1,11.6,1,0,1,1,25789848
Sector 54,Apartment,2,2,1060,8,32,2,11.41,1,1,1,4,17817119
Golf Course Extension Road,Apartment,5,5,3251,8,36,4,2.21,0,1,0,2,70743984
Golf Course Road,Apartment,4,5,2514,20,23,1,0.56,0,1,1,4,70065738
Sector 56,Builder Floor,3,4,1764,4,5,2,10.31,1,1,0,1,36473070
DLF Phase 5,Apartment,3,4,1754,2,16,1,12.84,1,1,1,1,50516898
Sector 54,Apartment,4,5,4215,13,40,3,11.34,0,1,1,3,72279520
DLF Phase 1,Apartment,3,4,2497,14,24,3,3.12,1,1,0,1,41583866
DLF Phase 2,Penthouse,2,3,1436,5,40,1,8.8,0,0,1,1,21974573
DLF Phase 1,Apartment,2,3,856,15,28,3,11.38,0,1,1,1,15361556
Sector 89,Builder Floor,3,3,1768,22,25,1,3.91,1,1,1,5,36167449
DLF Phase 2,Apartment,5,6,3462,9,7,1,7.96,1,0,0,5,62258226
New Gurgaon,Apartment,2,2,1409,13,38,2,4.79,1,0,1,1,24857249
Sector 92,Apartment,2,3,1557,11,7,1,3.46,0,0,1,5,25869996
South City 1,Apartment,3,4,1530,8,22,2,14.55,1,0,1,4,27027432
New Gurgaon,Penthouse,4,4,2378,22,22,2,13.7,1,0,1,2,43785461
DLF Phase 4,Apartment,2,2,988,18,27,1,6.74,1,0,1,2,31466616
Sector 65,Apartment,2,2,1573,11,33,1,2.14,1,1,1,5,25635505
Palam Vihar,Apartment,3,3,2093,12,32,2,10.95,1,1,1,2,33648281
Sector 92,Apartment,3,4,1586,22,39,1,3.91,0,1,0,5,33368229
Sector 85,Apartment,2,3,1262,12,32,0,2.61,1,0,1,3,19292343
DLF Phase 1,Apartment,2,2,1214,16,1,1,5.78,0,0,1,1,24343815
DLF Phase 1,Builder Floor,3,3,1430,1,10,3,7.99,1,0,0,2,31585482
Sector 70,Apartment,3,4,2190,19,4,3,1.55,1,1,0,1,38950666
DLF Phase 4,Apartment,5,6,3053,22,29,1,8.62,1,0,1,2,73403281
DLF Phase 5,Villa,3,3,1577,8,7,1,0.33,1,1,1,4,50581133
Sector 54,Apartment,1,2,474,20,38,2,13.39,1,0,1,4,9102599
South City 1,Villa,3,4,2158,7,6,4,13.82,1,0,1,5,34850905
Sector 67,Apartment,3,3,1912,6,11,1,11.02,1,0,1,1,35487486
Sector 83,Villa,2,2,1005,4,9,3,7.05,1,1,1,5,21211158
Sector 67,Apartment,5,5,2651,18,30,2,3.9,1,0,1,3,50277167
Palam Vihar,Builder Floor,4,4,2403,2,22,4,11.19,0,0,0,5,48875118
DLF Phase 2,Penthouse,2,3,1217,12,39,1,13.98,1,0,1,5,28725587
Sector 83,Apartment,2,2,1253,5,9,4,2.46,0,1,0,5,29572778
Golf Course Road,Penthouse,1,2,450,10,38,2,7.04,1,1,0,2,35148380
Sector 70,Apartment,2,3,1233,3,33,4,4.8,1,1,0,2,23306872
DLF Phase 1,Apartment,3,4,1287,2,26,2,5.42,0,0,1,3,30258108
Sector 84,Apartment,3,4,2395,3,16,2,6.15,0,0,1,1,42402738
Sector 54,Apartment,5,5,3730,2,9,3,14.28,1,1,1,4,67515488
Sector 89,Apartment,1,2,761,12,23,2,3.95,0,1,0,1,19951288
DLF Phase 3,Apartment,3,3,767,14,15,2,7.44,1,1,1,4,23618832
Sector 54,Apartment,4,5,2232,11,19,2,14.28,1,1,0,2,43898052
DLF Phase 5,Builder Floor,3,3,1767,14,42,3,7.19,1,1,1,5,53958980
Sector 84,Builder Floor,1,2,680,10,16,3,12.97,0,0,1,3,14187305
Palam Vihar,Apartment,2,3,1452,10,25,0,0.98,0,0,1,3,29367148
Golf Course Extension Road,Apartment,2,2,1559,12,35,2,14.3,1,1,0,3,40138421
Sector 56,Apartment,5,5,1378,11,13,3,2.89,1,0,1,1,35512373
Sector 54,Apartment,4,4,1951,5,7,2,14.7,1,1,1,2,36729225
DLF Phase 3,Apartment,5,5,3040,22,34,3,2.72,0,1,1,2,67199550
Sector 92,Apartment,4,5,2864,19,14,3,6.72,0,1,0,5,54739324
Sector 56,Apartment,3,4,2136,18,23,3,4.7,0,1,1,1,36842845
Sector 56,Penthouse,4,5,2665,18,23,2,6.56,1,1,1,5,51521405
Sector 70,Apartment,5,6,2554,2,17,4,3.83,1,0,0,4,56129761
Sector 65,Apartment,3,4,1585,15,13,3,14.48,1,1,1,2,29505165
Sector 82,Apartment,2,2,1023,8,27,3,4.66,1,0,1,3,26015221
Sector 56,Apartment,3,3,1387,13,2,1,9.83,1,0,1,5,29394148
Sector 56,Apartment,2,3,921,2,37,1,2.15,1,1,0,4,16751115
Sector 89,Builder Floor,1,1,450,2,30,2,12.38,1,1,1,3,10251800
DLF Phase 1,Apartment,5,6,3235,23,4,2,8.18,1,1,1,3,57627604
Sector 56,Apartment,5,6,3087,19,30,1,14.69,1,1,0,5,53845195
DLF Phase 2,Penthouse,2,2,940,6,3,1,6.41,0,0,1,5,16419731
Sector 84,Villa,3,4,1081,18,14,1,3.01,0,1,1,5,29997380
Golf Course Extension Road,Builder Floor,4,4,2193,23,11,3,5.26,1,0,1,2,51041452
Golf Course Extension Road,Apartment,3,4,2421,2,40,3,11.08,1,1,1,1,56341837
Sector 92,Builder Floor,3,3,1802,20,23,3,9.92,1,1,0,5,34375565
Sector 57,Apartment,4,5,2848,0,41,1,11.7,1,0,1,2,50880482
Palam Vihar,Apartment,4,5,2500,11,32,1,1.19,1,1,0,1,45672987
DLF Phase 2,Apartment,5,5,2959,20,3,2,8.75,1,1,0,4,53563540
Sector 70,Apartment,3,4,1181,5,42,1,13.99,1,1,1,1,23512320
Sector 84,Apartment,2,3,1086,6,1,2,1.71,0,1,1,2,24591572
DLF Phase 1,Apartment,4,4,2100,1,9,1,1.51,0,1,1,2,40578362
Sector 57,Penthouse,2,2,1614,17,9,0,10.78,1,0,1,1,30737990
Sector 92,Villa,4,4,2502,24,12,2,4.8,0,1,0,1,44062377
New Gurgaon,Builder Floor,2,3,1557,14,1,1,9.91,0,1,1,2,31798667
Sector 89,Apartment,3,3,2273,14,16,0,8.23,0,1,1,2,39330480
DLF Phase 4,Villa,3,3,1444,9,30,2,14.79,1,0,0,4,38257494
Sohna Road,Apartment,2,2,1200,16,8,1,13.35,1,0,0,2,17960582
Sector 67,Builder Floor,5,6,4179,17,10,2,10.2,1,0,0,2,74383266
DLF Phase 4,Apartment,1,1,678,17,33,1,4.0,1,0,1,3,23654441
Sector 57,Builder Floor,4,5,2681,14,38,2,4.0,1,0,0,3,49925675
Sector 57,Apartment,4,5,2911,22,41,4,13.25,0,1,1,3,52644751
Palam Vihar,Villa,2,2,1334,5,22,2,8.82,0,1,1,5,26734307
Sector 85,Villa,3,4,2029,8,16,2,11.86,0,1,0,5,39330092
Sector 65,Apartment,2,3,1284,10,19,3,6.8,1,1,1,2,26101989
Sector 56,Apartment,4,5,2209,14,11,1,1.64,0,0,1,3,40112289
Sector 54,Penthouse,3,4,1355,22,11,1,5.06,0,1,1,4,26237587
Golf Course Extension Road,Apartment,2,3,680,2,14,1,2.5,0,1,0,4,29266715
Sector 57,Villa,3,3,1661,18,39,2,11.75,1,1,1,4,32585060
Golf Course Road,Apartment,3,3,1983,0,26,2,10.54,1,0,1,2,57357183
Sector 89,Apartment,4,4,2533,23,44,0,1.42,1,1,1,3,46879480
Sector 83,Apartment,2,3,1378,16,20,3,9.36,1,0,0,2,30101199
Sector 82,Apartment,3,3,1747,10,20,1,13.12,0,0,0,2,33563267
Golf Course Extension Road,Builder Floor,2,3,1962,17,5,3,10.49,1,0,0,4,47626892
Sector 83,Apartment,4,5,3535,10,1,3,7.72,1,1,0,3,63045031
DLF Phase 5,Apartment,2,3,775,6,11,4,4.75,0,1,0,5,37360561
Sector 83,Apartment,3,4,2075,0,10,3,13.32,0,0,1,1,38388883
DLF Phase 1,Apartment,2,2,1471,11,28,1,6.4,1,1,1,2,28282943
Sector 89,Villa,3,4,908,3,34,2,12.85,1,1,1,3,18879151
DLF Phase 5,Penthouse,4,4,2493,24,13,1,11.77,1,0,0,1,58728510
Golf Course Extension Road,Apartment,4,4,2689,7,44,3,12.26,0,1,0,1,56538979
Sector 89,Builder Floor,4,5,2396,14,25,1,14.85,1,0,1,5,46901204
Palam Vihar,Builder Floor,3,3,1962,10,23,1,11.26,1,1,0,5,38455320
DLF Phase 5,Apartment,4,4,2444,7,36,3,0.61,1,0,1,2,64201911
Sector 84,Villa,3,3,2095,11,12,0,3.16,1,1,1,2,36856631
Palam Vihar,Apartment,4,5,3267,2,2,1,0.62,0,0,0,3,62030248
Sohna Road,Apartment,3,4,2123,20,20,2,2.93,0,0,1,5,40935596
DLF Phase 1,Villa,3,4,2293,3,16,2,1.02,0,0,1,5,48868404
DLF Phase 2,Apartment,2,2,903,11,14,2,7.57,1,1,1,3,16472038
Sector 82,Villa,3,3,2651,7,2,2,0.52,0,1,1,5,48373693
Sector 92,Villa,2,3,1288,22,16,3,7.14,1,0,1,4,23985721
Sector 85,Apartment,4,5,2181,22,4,1,13.49,1,0,1,1,41363879
Sector 54,Villa,3,3,1974,9,43,2,11.25,0,1,1,4,39339702
Sector 56,Apartment,5,6,2618,22,13,2,14.16,1,1,1,1,49225798
DLF Phase 4,Apartment,2,3,1238,0,38,2,3.48,1,1,1,3,42333534
DLF Phase 5,Builder Floor,2,2,1284,12,1,2,8.01,1,1,0,3,40804194
DLF Phase 4,Villa,4,4,2015,6,9,0,4.85,1,1,0,1,50933845
Sector 67,Apartment,3,4,1865,19,21,1,7.46,1,0,1,1,31251697
Sector 67,Apartment,3,4,1505,2,18,1,8.4,1,1,0,1,29475894
Sector 85,Builder Floor,4,5,2003,15,43,1,0.64,1,1,1,1,42658565
DLF Phase 2,Builder Floor,3,4,1375,11,32,1,3.58,1,0,1,2,22437390
Sector 83,Builder Floor,2,2,1095,4,34,2,10.6,1,0,0,5,23289020
DLF Phase 1,Apartment,4,5,2091,17,20,1,11.62,1,1,0,5,42244280
Sector 89,Apartment,1,2,666,7,43,3,8.58,1,1,0,3,12112043
Sector 57,Apartment,4,4,3013,11,2,3,4.14,0,1,1,2,60815238
DLF Phase 3,Builder Floor,1,1,692,24,4,1,6.14,1,0,1,1,20880028
Golf Course Extension Road,Apartment,3,3,2208,20,38,2,1.53,0,0,1,2,51662615
Sector 56,Apartment,2,2,1448,2,7,4,14.3,1,0,1,1,25905008
DLF Phase 1,Villa,3,3,1410,15,22,2,13.04,1,1,1,5,22563184
Sector 56,Apartment,1,1,553,9,20,4,1.08,1,1,1,1,10661587
New Gurgaon,Penthouse,4,4,3396,22,35,1,2.58,1,0,1,5,57272718
Sector 57,Builder Floor,3,4,1571,16,4,3,8.76,1,0,0,1,31792148
Sector 82,Builder Floor,2,3,1719,9,20,2,3.56,1,0,1,3,30194238
Sector 82,Apartment,3,3,1624,2,35,0,14.02,1,0,1,5,32498132
DLF Phase 3,Apartment,3,4,940,24,33,4,11.36,0,0,1,3,24812805
DLF Phase 5,Builder Floor,2,3,1130,1,21,4,4.17,0,0,1,2,45987724
Sector 57,Builder Floor,1,1,718,13,14,1,0.19,1,1,0,1,15352245
Palam Vihar,Builder Floor,3,3,2498,8,31,4,12.01,1,1,1,2,44764610
Sector 57,Apartment,2,2,786,16,22,1,6.42,0,0,0,1,12702838
South City 1,Builder Floor,2,2,1431,3,30,2,9.67,0,1,0,5,29138453
Golf Course Extension Road,Builder Floor,2,2,1450,21,29,1,4.38,0,1,1,1,34994426
South City 1,Builder Floor,3,4,2346,14,36,1,2.23,1,0,0,4,41080379
Sector 65,Builder Floor,3,4,678,12,42,3,10.16,0,1,1,4,17634731
Sector 57,Villa,2,2,1663,22,29,1,6.81,0,0,1,4,31597853
Golf Course Road,Apartment,5,5,3308,18,7,0,3.6,0,0,1,3,80164524
South City 1,Apartment,4,5,2656,8,32,2,2.15,1,0,1,4,53646577
DLF Phase 2,Apartment,2,3,1490,3,13,1,8.75,1,1,1,1,25851923
Sector 57,Apartment,2,3,638,20,13,2,10.91,1,1,1,2,7256218
Sector 84,Apartment,5,5,3710,7,14,1,4.33,0,0,1,3,68768579
DLF Phase 1,Apartment,3,3,2797,14,6,3,11.05,1,1,1,5,46359075
Sector 89,Apartment,2,3,816,13,16,1,2.83,0,0,1,3,16364139
Golf Course Road,Apartment,3,3,1772,2,41,1,5.14,0,1,0,2,58810915
DLF Phase 5,Apartment,4,5,2420,23,21,1,11.2,1,1,0,4,59524698
DLF Phase 2,Builder Floor,2,2,1299,16,44,2,9.94,1,1,1,2,22060160
Sector 57,Villa,4,4,2638,7,16,1,4.13,1,1,1,3,52506047
Sector 70,Apartment,4,5,2023,13,5,2,1.92,1,1,1,3,40746428
DLF Phase 4,Villa,3,4,1816,12,24,1,0.73,0,1,1,3,50931967
DLF Phase 4,Apartment,4,4,3376,14,43,3,12.58,1,1,0,2,73188790
New Gurgaon,Apartment,2,3,1313,10,1,1,1.22,0,0,0,1,23737370
Sector 82,Apartment,3,3,1954,14,10,3,1.81,0,0,1,1,35473050
Sohna Road,Apartment,3,4,1499,11,43,1,3.64,0,0,1,4,31681123
DLF Phase 4,Builder Floor,3,4,2362,23,35,1,6.74,1,0,1,5,50838262
Sector 83,Builder Floor,2,2,1139,21,31,1,11.87,1,0,1,2,18238038
New Gurgaon,Apartment,3,3,938,20,15,1,3.79,0,0,1,1,17207816
DLF Phase 4,Apartment,2,2,1317,8,11,2,8.2,0,0,1,4,41238058
Sector 83,Apartment,2,3,1397,21,9,4,1.45,1,1,1,5,31080969
Palam Vihar,Apartment,2,3,1116,14,2,0,7.02,1,1,1,4,21898412
Sector 65,Apartment,4,4,1149,0,44,2,2.75,1,0,1,4,29666723
Sector 83,Apartment,1,2,450,11,30,1,3.25,0,0,1,5,11349225
Sector 89,Builder Floor,3,3,1751,5,16,1,5.57,1,0,0,3,34217112
Sohna Road,Villa,2,2,1090,0,1,1,11.44,1,1,1,1,21221858
Golf Course Road,Apartment,2,2,1323,21,6,3,11.19,1,1,1,1,45502443
Sector 56,Villa,2,2,1365,18,11,0,6.28,0,1,1,5,23084237
DLF Phase 5,Apartment,2,2,1077,21,33,3,1.87,1,1,1,1,41045104
Sector 85,Apartment,3,4,1212,12,17,1,4.28,0,1,1,2,31275136
Sector 56,Apartment,3,4,2410,5,34,1,7.63,1,0,0,2,42852305
Sector 56,Builder Floor,5,5,3392,16,40,2,13.05,0,1,1,2,62079999
Golf Course Extension Road,Penthouse,5,6,3469,12,25,1,14.53,1,1,1,5,70045713
Sector 85,Apartment,3,3,1961,8,22,1,9.6,0,0,1,4,30565278
DLF Phase 1,Apartment,4,5,3014,7,26,1,5.33,1,1,0,4,56823740
Golf Course Extension Road,Builder Floor,1,2,546,14,27,1,10.43,1,0,1,3,20617035
New Gurgaon,Apartment,3,3,2147,17,38,3,5.11,1,0,1,3,36916122
DLF Phase 1,Villa,4,5,2774,1,9,1,9.42,1,1,0,2,53631287
Sector 82,Apartment,2,2,1377,20,37,2,3.73,0,1,0,2,22922176
DLF Phase 4,Apartment,2,3,865,1,5,1,4.08,0,1,1,5,36849767
Sector 92,Apartment,2,2,1238,10,18,3,1.22,1,1,1,2,25505729
Sector 56,Builder Floor,3,3,1962,0,22,2,6.36,1,1,1,2,40850300
South City 1,Apartment,3,3,2547,17,12,1,9.31,0,1,1,2,42780865
Sector 57,Builder Floor,3,3,1841,20,44,4,11.85,1,1,0,1,32851659
DLF Phase 2,Apartment,3,3,2254,6,22,1,12.17,0,1,0,4,39084731
Sector 70,Builder Floor,3,3,1175,20,6,2,14.89,1,1,0,1,20703978
Sector 83,Builder Floor,4,5,1998,16,36,2,1.41,0,1,0,2,41309324
DLF Phase 1,Builder Floor,2,2,1322,15,27,1,7.45,0,0,1,2,19819447
DLF Phase 2,Apartment,4,5,2641,6,15,4,7.87,0,0,0,1,52448171
Golf Course Extension Road,Apartment,3,3,1498,21,17,3,12.09,1,0,0,1,35916364
Sector 56,Apartment,4,5,2935,6,3,3,4.07,0,0,0,5,53947060
Palam Vihar,Builder Floor,4,4,2306,1,10,4,1.13,1,0,1,5,46705772
Sector 92,Apartment,3,3,1719,4,25,2,4.78,1,0,1,2,35916170
DLF Phase 1,Apartment,2,3,1178,13,21,1,14.76,0,0,0,1,23022591
Sector 67,Apartment,3,3,2362,7,40,3,13.5,1,1,0,5,43621256
DLF Phase 1,Apartment,5,5,3762,11,9,1,5.99,1,0,1,3,72829819
DLF Phase 5,Builder Floor,3,3,2590,6,24,1,13.16,1,1,1,1,61014607
Sector 83,Apartment,1,1,677,5,32,2,0.59,1,0,1,4,13805008
Sector 82,Builder Floor,1,2,870,12,3,3,4.78,0,1,0,3,11561083
Sector 84,Apartment,5,5,3166,21,33,1,10.93,0,1,1,3,53813694
South City 1,Apartment,2,3,1164,11,43,3,3.4,0,0,1,1,25367124
Sector 83,Apartment,1,1,538,16,12,2,3.06,1,1,0,2,9603526
Sector 67,Apartment,3,3,1725,15,29,1,12.94,1,1,1,4,30658789
Sector 54,Apartment,5,5,2910,0,21,3,9.28,0,0,1,5,54503759
Sector 84,Builder Floor,2,2,1008,6,39,4,14.84,1,0,1,5,22396984
Sector 84,Apartment,3,4,1551,2,34,1,2.11,0,1,1,2,31493950
DLF Phase 2,Builder Floor,3,3,2055,5,33,1,5.41,0,1,1,4,35460347
Sector 67,Apartment,1,1,531,20,32,1,4.74,1,0,1,4,9421078
Sector 70,Apartment,4,4,1447,2,20,3,13.21,0,1,1,3,33799927
Sector 54,Builder Floor,3,4,1064,21,3,0,3.9,0,1,1,3,22145076
Sector 56,Apartment,3,4,919,2,4,1,5.37,0,1,1,4,21899276
DLF Phase 3,Apartment,4,5,1606,7,17,2,2.23,1,1,1,1,46531158
Sector 84,Apartment,5,6,2160,13,17,2,11.65,1,1,1,1,40555550
Sector 82,Apartment,3,3,1390,22,19,1,3.64,1,0,1,1,28521287
Sector 57,Villa,2,2,1280,8,4,3,1.12,1,1,1,4,27663149
Sector 56,Apartment,4,5,1687,4,29,3,6.58,0,1,1,5,40809794
Sohna Road,Builder Floor,3,3,1413,14,17,3,5.93,0,0,1,1,24997109
New Gurgaon,Villa,5,5,1717,16,22,1,2.75,1,0,1,5,34188358
Sector 67,Apartment,5,6,2537,9,2,3,2.09,0,0,1,1,46933971
Sector 85,Villa,2,2,1402,7,42,2,13.46,1,0,1,4,22327861
DLF Phase 5,Apartment,5,6,2983,17,12,1,1.11,1,0,1,1,71417865
Golf Course Road,Penthouse,3,4,1834,5,11,2,1.58,1,1,0,5,61328523
Sector 84,Apartment,3,4,1799,16,40,0,3.75,0,1,1,2,32303121
Sector 54,Builder Floor,1,2,450,21,29,2,14.3,1,0,0,5,6225512
Sector 92,Apartment,4,5,2171,3,20,2,1.37,0,1,1,2,42997923
Sector 83,Apartment,3,4,1892,20,5,3,12.26,1,1,1,5,34860710
Sector 57,Builder Floor,3,3,2207,14,25,1,13.39,0,0,1,1,39068944
DLF Phase 2,Builder Floor,4,4,2603,9,34,2,5.73,1,0,0,1,52840980
DLF Phase 5,Apartment,3,3,2169,22,12,1,4.48,1,0,1,5,59393305
DLF Phase 1,Apartment,3,4,1343,12,28,3,10.19,1,1,0,1,27500351
DLF Phase 4,Builder Floor,4,5,1558,21,34,2,10.57,1,0,1,1,45704883
DLF Phase 4,Builder Floor,4,5,1418,0,6,1,11.72,1,0,1,4,51376832
Palam Vihar,Penthouse,5,5,3571,24,19,1,12.48,0,0,1,3,58900675
DLF Phase 3,Builder Floor,5,5,1992,21,12,2,4.1,1,1,0,3,51806932
Sector 57,Villa,3,4,2245,21,25,2,10.34,0,1,0,5,35706636
Palam Vihar,Builder Floor,3,4,1612,8,13,2,2.11,0,1,1,3,36831396
South City 1,Apartment,2,3,1667,4,17,1,7.71,1,1,0,2,34691532
Sector 65,Apartment,3,4,1611,10,12,2,9.23,1,0,1,5,28460854
Sector 56,Builder Floor,3,4,1634,21,3,1,2.51,0,1,1,5,27844947
DLF Phase 2,Builder Floor,4,4,2437,21,24,2,1.24,1,0,1,2,44156239
Sector 54,Apartment,2,3,1083,22,8,4,3.0,0,0,1,3,22408115
Sector 56,Apartment,2,3,1317,24,36,2,6.37,1,1,0,2,20773808
Palam Vihar,Villa,2,3,907,20,26,0,13.33,1,1,1,1,13943667
Golf Course Road,Apartment,2,3,1252,20,8,4,8.03,1,0,1,5,47618374
Sector 85,Apartment,3,3,1484,3,32,1,11.25,0,0,0,4,29517469
DLF Phase 2,Apartment,2,3,1142,19,32,2,2.69,0,0,1,2,20919701
DLF Phase 2,Apartment,2,3,814,15,1,2,1.68,0,1,0,5,18185396
Sector 56,Apartment,1,2,722,23,3,1,3.67,0,0,1,5,12803542
Sector 83,Apartment,4,4,2200,17,1,1,4.78,1,1,1,2,44876490
Sector 65,Apartment,4,5,2913,7,15,1,8.27,1,1,0,4,56671415
DLF Phase 1,Builder Floor,2,2,993,1,20,3,13.23,1,0,0,5,18717450
New Gurgaon,Apartment,4,5,2394,16,3,3,6.45,1,1,0,1,45189723
Sohna Road,Builder Floor,3,4,2188,9,15,2,7.83,1,0,0,1,37763020
Sector 83,Villa,2,3,870,12,37,1,0.17,0,1,1,1,19972753
Sector 85,Apartment,3,4,1429,14,21,3,0.6,0,1,1,4,27625314
Sector 67,Builder Floor,2,3,1426,8,42,2,1.35,0,0,0,3,23425789
Sector 82,Apartment,4,5,3154,7,39,2,10.52,1,0,0,1,54768572
New Gurgaon,Villa,1,2,602,5,23,2,7.34,1,1,1,2,6672013
Sector 65,Apartment,5,6,2321,3,40,1,2.98,1,0,1,3,38524280
Sohna Road,Builder Floor,2,3,1110,17,35,2,8.93,0,1,1,2,21585285
Sector 56,Apartment,3,3,2627,23,18,2,8.21,1,0,1,4,45931870
Sector 70,Apartment,4,4,1653,2,17,2,1.42,1,1,1,1,34250949
DLF Phase 5,Apartment,1,1,673,3,31,3,9.64,0,1,0,5,30579548
Sector 85,Builder Floor,3,3,1852,20,26,1,11.53,1,1,0,1,36580942
Sector 89,Builder Floor,3,4,1314,12,22,2,4.37,0,0,0,4,26587300
Sector 82,Apartment,3,4,1668,19,36,1,10.34,1,1,1,1,34650889
Golf Course Road,Builder Floor,2,2,694,10,35,3,3.08,1,0,1,1,35862546
Sector 54,Apartment,2,2,1280,7,11,1,11.38,0,0,0,1,22030146
New Gurgaon,Builder Floor,3,3,1981,24,27,1,13.69,1,1,1,4,35661038
Sector 54,Apartment,3,3,1226,13,34,3,6.68,0,1,1,1,23739130
Sector 92,Villa,3,4,2033,13,18,1,3.74,1,0,1,5,37637809
Sector 92,Apartment,2,2,1013,15,27,2,6.05,1,1,0,5,19571857
New Gurgaon,Apartment,2,3,988,13,4,4,3.83,1,1,0,3,18652045
Sector 85,Apartment,3,4,1390,0,17,2,0.12,0,0,0,3,30923323
Sector 85,Apartment,3,4,2077,1,6,1,9.79,1,1,1,3,43501363
Sector 56,Apartment,3,3,1096,19,42,1,0.73,1,1,1,3,27694993
DLF Phase 2,Apartment,2,2,754,0,11,3,3.23,0,1,1,5,24898742
Sector 57,Builder Floor,2,3,1034,10,5,1,10.86,0,1,0,3,18048570
Sector 70,Apartment,2,2,1043,5,18,2,10.02,1,0,1,2,18807026
Sector 89,Apartment,2,2,1375,14,25,3,1.19,1,1,1,4,28759454
Sector 56,Apartment,2,3,1174,11,10,2,9.93,1,1,0,4,26812076
South City 1,Apartment,3,4,1762,4,41,3,13.97,1,1,0,5,38046859
DLF Phase 4,Apartment,3,3,1119,22,16,1,1.21,1,1,1,4,41296404
Golf Course Road,Apartment,3,4,1703,11,10,2,6.29,1,0,1,4,53304600
Sector 70,Apartment,2,2,525,21,10,2,10.97,1,0,1,1,8056372
DLF Phase 4,Apartment,2,2,1266,13,36,1,10.05,1,0,1,3,39045835
Sector 82,Apartment,3,4,2084,13,21,1,3.48,1,1,1,3,40812866
Sector 83,Apartment,4,5,1963,18,14,2,2.53,1,1,1,1,39445090
Golf Course Extension Road,Apartment,3,3,1957,4,8,2,11.79,1,0,0,5,49976685
Sector 84,Apartment,4,5,2154,2,1,2,14.35,1,0,1,2,42694008
Sector 89,Penthouse,4,4,3089,24,16,3,11.54,1,1,1,5,56763210
Sector 89,Apartment,3,4,1895,17,26,2,14.45,1,0,1,2,32063975
Sector 84,Builder Floor,2,2,909,5,42,3,9.11,1,0,1,2,14751102
Golf Course Road,Apartment,3,4,2291,8,6,2,13.94,0,0,1,1,58083059
Sector 54,Builder Floor,2,2,1431,6,39,1,10.39,1,1,1,5,24807904
Sector 83,Builder Floor,3,3,1626,20,2,1,13.64,1,1,0,3,27326732
Sohna Road,Apartment,4,5,2677,17,9,2,2.51,0,0,1,5,50027966
Sector 54,Penthouse,4,4,2668,1,5,3,12.25,1,1,1,5,48924733
Golf Course Extension Road,Apartment,2,2,1080,19,40,1,3.03,0,1,1,2,28634155
Palam Vihar,Apartment,3,3,1827,9,5,2,0.51,1,0,1,2,31228936
Sector 89,Builder Floor,3,3,1902,11,8,1,7.81,1,1,1,3,36428260
Sector 56,Builder Floor,4,4,2021,1,5,1,4.84,1,1,0,3,41767164
Sector 57,Apartment,4,5,3154,12,5,2,0.75,1,1,0,2,58686683
DLF Phase 4,Apartment,5,5,1615,7,17,1,14.71,1,1,1,5,50709815
South City 1,Apartment,1,1,694,22,9,2,10.03,1,1,0,2,15735529
Sector 82,Apartment,3,3,1288,6,34,3,13.54,1,1,1,4,23956011
Sector 67,Builder Floor,2,3,1131,2,33,4,14.99,0,0,0,4,21992921
DLF Phase 2,Apartment,2,3,752,22,22,1,5.94,0,1,1,2,8221285
DLF Phase 2,Apartment,4,4,1661,7,21,2,3.9,1,1,1,3,37952989
Sector 83,Apartment,5,5,2939,20,43,3,2.84,1,0,1,2,53585152
Sector 57,Apartment,2,3,1220,0,15,1,7.78,0,0,0,5,20010879
Sector 67,Apartment,1,2,748,14,1,2,9.13,0,0,0,4,13583617
DLF Phase 3,Builder Floor,2,2,1088,0,7,3,7.14,0,0,0,1,27585565
Sector 57,Penthouse,4,5,2745,11,23,1,5.87,1,1,0,3,48838818
Sector 67,Villa,2,2,1197,10,6,3,2.61,1,1,0,1,26446218
New Gurgaon,Apartment,1,1,680,15,20,2,6.68,0,0,0,3,11157356
Palam Vihar,Villa,1,1,450,3,26,1,1.37,0,0,1,1,8538537
DLF Phase 2,Builder Floor,3,4,1837,1,42,2,12.99,1,1,0,1,35716286
Sohna Road,Builder Floor,5,5,3261,22,12,1,0.8,0,1,1,2,58722191
Sector 57,Apartment,2,2,1060,2,13,1,5.77,1,1,0,3,23916942
Sector 83,Apartment,3,4,1959,3,13,2,1.59,1,0,1,4,39003738
DLF Phase 2,Apartment,2,2,1333,24,2,2,11.65,1,1,0,1,18758344
Golf Course Road,Apartment,3,3,1582,17,32,2,4.76,0,1,1,2,47824553
Palam Vihar,Apartment,3,3,2125,11,31,1,1.79,0,0,1,5,42759439
Sohna Road,Apartment,2,3,555,23,11,3,8.02,1,0,1,3,8185877
DLF Phase 5,Apartment,2,3,663,0,37,2,13.75,1,0,1,3,36116975
Sector 57,Builder Floor,4,4,1820,2,4,3,13.64,1,0,1,4,35326669
DLF Phase 1,Apartment,1,2,639,3,34,3,3.82,0,1,1,1,11813792
Sector 57,Apartment,3,3,1482,5,16,1,10.82,1,0,1,2,32954705
Sector 56,Villa,3,3,1238,16,31,0,0.55,0,1,0,1,22815680
South City 1,Villa,2,3,1175,7,25,3,2.06,1,1,1,2,24247574
DLF Phase 4,Builder Floor,3,4,1842,17,39,3,7.54,0,0,1,4,52840639
DLF Phase 3,Penthouse,4,4,2043,15,8,1,3.51,1,1,1,1,52252150
Sector 56,Apartment,3,4,1302,20,8,2,11.99,0,0,1,5,27242389
Sector 82,Penthouse,1,2,600,5,34,0,13.97,1,0,0,4,8097123
Sector 54,Apartment,3,4,2133,23,15,0,0.16,1,1,1,4,36835754
Sector 70,Apartment,3,3,1290,18,5,2,3.57,1,0,0,3,27644822
Golf Course Road,Apartment,3,3,2464,24,19,1,6.65,0,0,0,2,62367412
Sector 65,Apartment,3,4,1562,20,10,4,8.49,1,1,1,1,30414560
Sector 67,Apartment,1,1,510,7,9,3,13.75,1,1,1,2,6236722
Sector 84,Builder Floor,3,3,1856,3,29,2,13.39,1,1,1,4,33775198
Sector 83,Builder Floor,3,4,1843,8,40,1,9.59,1,1,0,1,29581225
DLF Phase 3,Apartment,3,3,861,7,37,1,3.94,1,0,1,5,32310066
DLF Phase 2,Apartment,3,4,1754,20,19,1,11.77,0,1,0,2,32181467
Sector 54,Builder Floor,2,2,1361,18,13,2,3.12,1,1,1,2,27907773
Sector 57,Builder Floor,2,2,1487,0,40,1,14.48,0,0,1,5,22261550
DLF Phase 3,Apartment,5,6,2918,20,16,2,0.19,1,1,1,4,69494793
Sector 85,Builder Floor,3,3,1650,20,30,2,8.59,1,0,1,2,30061025
Sector 92,Apartment,3,4,2104,3,5,3,1.42,1,0,1,3,44787719
Sector 82,Apartment,3,3,2552,9,33,3,6.17,1,0,1,3,40473924
Sector 70,Villa,5,5,3065,7,19,2,9.56,0,1,1,1,62400536
DLF Phase 2,Apartment,5,5,2872,2,19,2,10.38,1,1,1,5,56500701
Sector 84,Apartment,3,4,2327,11,17,1,11.8,1,1,1,4,42757448
Palam Vihar,Villa,1,1,450,8,24,1,8.94,0,1,1,3,6239951
Sohna Road,Builder Floor,4,4,2435,2,28,3,3.84,1,0,1,1,44917430
Sector 56,Apartment,3,4,2811,3,42,2,13.35,1,0,1,1,50483054
Sector 85,Apartment,3,4,1990,5,37,1,12.19,0,1,0,2,35340528
Sector 89,Apartment,4,4,2829,8,22,2,2.48,1,1,0,4,58402875
Sohna Road,Builder Floor,3,4,1661,1,39,3,12.42,1,0,1,3,32673839
Sohna Road,Apartment,1,2,682,1,16,1,14.59,1,1,0,5,15865590
DLF Phase 3,Apartment,4,5,3080,17,35,1,9.59,1,0,1,2,63683387
DLF Phase 3,Villa,3,4,1164,20,27,3,4.3,0,1,0,3,26008201
Sector 65,Apartment,2,2,1173,21,12,2,9.14,1,1,1,1,19393200
Palam Vihar,Apartment,2,3,1297,2,28,2,5.2,1,1,1,5,29663650
Sector 84,Apartment,3,3,1776,2,1,1,10.17,0,0,1,1,33525157
DLF Phase 4,Builder Floor,2,2,1063,17,39,3,8.22,1,0,1,2,33224662
Sector 84,Apartment,2,2,1590,5,18,3,13.95,0,0,0,5,28251039
Sector 70,Apartment,3,4,1885,0,23,2,9.31,0,1,1,5,41410613
Sector 89,Builder Floor,4,5,2007,24,22,0,3.29,1,1,1,2,42428411
Sector 57,Apartment,3,3,2213,14,4,2,10.9,0,1,0,1,33642138
New Gurgaon,Apartment,4,4,3178,10,11,1,4.58,1,1,1,5,58480996
Sector 65,Apartment,4,5,3038,9,18,1,4.16,1,0,1,4,56835556
DLF Phase 5,Apartment,3,4,1625,3,7,1,5.94,0,1,1,4,48176451
Sector 54,Apartment,2,2,1095,13,21,1,0.28,0,1,1,1,18880967
Sector 92,Apartment,4,5,1817,1,35,4,14.54,0,0,1,5,35444101
DLF Phase 3,Apartment,3,4,1906,12,37,0,8.03,0,0,1,1,41574070
New Gurgaon,Apartment,1,1,753,15,30,2,11.63,0,1,1,4,7620894
Sector 82,Villa,2,3,1357,11,17,1,3.94,1,1,1,5,26396625
Sector 70,Penthouse,4,5,3381,21,33,2,11.22,1,1,0,5,61097771
Sector 54,Builder Floor,2,2,656,4,16,1,8.55,0,1,1,1,12774126
Sector 92,Villa,2,3,1239,18,15,2,6.42,1,0,1,5,28440793
Sohna Road,Apartment,3,3,2149,2,13,3,14.56,0,1,1,1,42757714
DLF Phase 4,Penthouse,4,5,2059,20,39,4,7.46,1,1,1,3,55318387
Sector 65,Apartment,3,3,1324,19,3,2,9.9,0,0,1,3,24224859
Sohna Road,Villa,2,3,861,20,24,1,0.33,0,0,1,4,21412871
Golf Course Road,Penthouse,1,1,614,1,23,1,4.59,1,1,1,4,33707665
Sector 82,Builder Floor,3,4,1282,16,1,2,13.34,1,0,0,2,25463872
Sector 65,Penthouse,1,2,806,20,32,1,11.41,1,1,1,3,15876269
Sector 83,Apartment,3,4,2016,10,33,2,8.1,1,0,1,3,36389280
Sector 83,Apartment,2,2,1143,0,30,4,13.51,0,1,1,2,22289725
New Gurgaon,Apartment,4,5,2354,18,2,3,7.34,1,1,1,1,41262483
Sector 92,Apartment,3,3,2254,7,18,3,8.54,1,0,1,3,37964908
Sector 92,Apartment,2,3,1575,10,30,3,5.79,0,0,1,3,33281984
DLF Phase 4,Builder Floor,4,5,1877,7,18,2,9.34,1,0,1,4,55295136
Sector 54,Penthouse,2,3,994,24,5,2,4.85,1,0,0,2,20266851
Sector 67,Apartment,2,3,1099,16,5,1,5.84,1,1,1,2,22635197
Sector 57,Builder Floor,4,5,2050,19,8,4,14.5,1,0,0,4,39518998
DLF Phase 4,Villa,2,3,694,5,9,1,1.76,1,1,0,3,31025326
Sector 65,Villa,3,3,1457,6,32,2,1.67,1,1,1,5,37290743
Sector 57,Penthouse,3,3,1504,20,14,1,0.75,1,0,1,2,25416857
Sector 67,Apartment,2,3,863,12,13,1,4.87,1,1,1,3,15425572
Sector 83,Penthouse,1,2,661,6,18,2,6.03,1,1,1,1,11809575
Golf Course Road,Builder Floor,4,5,2329,10,4,1,1.51,1,0,1,2,69075669
Sector 56,Apartment,3,4,2059,9,22,2,8.28,1,1,1,4,40008501
Sector 67,Apartment,2,3,924,7,20,2,8.79,1,0,1,2,16882390
Golf Course Extension Road,Builder Floor,2,2,1377,9,15,2,11.29,1,0,1,4,36049077
Sector 89,Apartment,5,6,3101,21,7,1,14.64,1,0,1,1,54384048
Sector 89,Builder Floor,5,6,2616,10,13,2,9.33,0,0,1,3,51994861
Sector 84,Builder Floor,3,3,2473,19,34,3,1.76,1,1,1,4,43573491
Sector 67,Apartment,4,4,2463,16,41,1,1.42,1,1,0,4,52013041
Sector 67,Apartment,4,4,2105,10,30,2,11.69,1,0,0,1,38890562
New Gurgaon,Builder Floor,2,3,1278,15,5,2,9.79,1,1,0,5,23160382
DLF Phase 2,Apartment,1,2,467,4,1,3,2.51,1,1,1,2,14471457
Sector 56,Apartment,2,3,1150,9,31,2,3.88,0,0,1,5,24863256
Palam Vihar,Apartment,4,5,3536,19,20,1,11.28,1,1,1,2,64387681
Sector 67,Apartment,4,5,1409,4,19,3,8.54,0,0,1,1,34646185
Sector 57,Villa,3,3,1578,19,29,3,8.82,1,1,1,1,29278671
DLF Phase 1,Apartment,2,3,1158,8,38,3,3.23,0,0,0,5,26873604
Sector 70,Builder Floor,3,4,1646,2,10,2,9.47,1,1,1,1,32312187
Sector 83,Apartment,4,5,2119,2,29,3,11.58,1,1,0,3,39807120
Sector 92,Apartment,4,4,3348,9,31,2,13.29,1,1,1,5,59621192
Sector 82,Villa,1,2,522,6,11,2,11.08,1,0,1,4,12075402
DLF Phase 1,Builder Floor,3,4,1966,1,23,3,8.69,1,1,1,4,40148117
Sector 84,Apartment,1,2,514,24,30,3,10.13,1,0,1,1,9368872
Sector 67,Apartment,3,4,1967,7,25,2,7.33,0,1,1,1,34805643
Sector 82,Apartment,3,3,2192,11,16,3,3.48,0,1,1,2,42333722
Sector 83,Apartment,2,2,1179,21,23,1,13.24,0,1,0,5,23661389
Sector 83,Builder Floor,4,4,2079,8,33,1,8.04,0,0,1,5,38490225
DLF Phase 2,Apartment,2,3,1165,10,37,2,8.96,1,1,0,3,25413006
Sector 84,Apartment,4,4,2699,18,28,2,14.85,0,0,1,4,48393683
Sector 54,Apartment,2,2,1442,19,27,1,14.78,1,0,1,4,25715325
Sohna Road,Villa,3,4,1907,22,6,2,8.84,0,1,1,3,32063217
Sector 92,Penthouse,5,6,2944,16,38,1,0.61,1,1,1,2,57950982
DLF Phase 3,Apartment,2,2,1558,12,37,2,6.0,1,1,0,3,38193209
Sector 65,Builder Floor,3,3,1536,0,6,3,14.07,1,0,0,2,30152392
Sector 92,Apartment,3,3,1626,0,25,2,4.4,1,1,0,2,34284717
Sector 83,Apartment,2,2,1702,7,13,1,14.99,1,1,0,2,30307040
Sector 70,Builder Floor,3,4,1759,12,33,4,1.36,0,0,1,1,38760988
Sector 83,Villa,4,5,2769,5,33,2,8.56,1,1,1,1,55417177
New Gurgaon,Villa,4,4,1903,2,25,3,7.78,1,1,1,2,43069352
Sector 84,Apartment,4,4,2960,15,14,2,3.9,0,0,1,3,57166415
Sector 54,Apartment,3,3,1316,9,40,4,14.23,0,1,1,3,27313262
Sector 84,Builder Floor,3,4,1285,6,41,3,9.33,1,1,1,3,25919666
Sector 89,Apartment,4,5,2899,21,42,2,3.53,0,0,0,1,51669342
Palam Vihar,Apartment,3,4,1648,20,38,1,5.82,1,0,1,2,32382802
DLF Phase 1,Apartment,2,2,1132,2,9,2,10.85,0,1,0,4,24466664
Sector 65,Builder Floor,3,4,1980,13,18,2,4.54,1,0,1,3,39252472
Sector 82,Apartment,4,4,2237,15,15,2,13.21,1,1,1,1,41276159
Sector 85,Apartment,3,3,1359,3,4,1,2.57,1,0,1,5,33584775
South City 1,Villa,4,5,2081,12,34,2,4.04,0,1,0,2,42177999
Sector 70,Apartment,2,2,927,0,38,2,2.26,1,1,1,3,21158622
DLF Phase 1,Apartment,5,6,3812,24,17,3,1.65,1,1,0,1,63458639
Sector 67,Apartment,3,4,2306,4,7,3,4.57,1,0,1,5,45786473
Sector 82,Apartment,3,3,1446,17,32,1,14.99,1,1,1,2,23399788
Golf Course Extension Road,Apartment,1,1,660,11,23,1,1.51,1,0,1,4,22048538
Sector 82,Apartment,2,3,1123,10,20,0,3.27,1,1,0,2,23662605
Sector 92,Villa,4,5,3217,8,2,0,4.15,1,0,1,2,59711893
Sector 56,Apartment,5,6,4658,6,21,1,9.33,0,1,1,3,78414782
Sector 70,Villa,2,3,1404,13,12,3,11.21,0,0,0,2,22938067
Golf Course Road,Apartment,1,2,528,23,42,3,11.3,1,1,1,5,31556129
Sector 70,Apartment,3,4,1313,2,27,1,0.23,0,1,1,5,32820070
Palam Vihar,Apartment,1,2,634,15,10,2,9.81,1,1,0,2,9392260
Sector 65,Apartment,2,2,1156,6,8,2,9.5,1,0,0,2,23938777
Sector 54,Builder Floor,4,5,1592,0,21,4,7.81,0,0,0,5,33377860
Sector 92,Apartment,5,5,3055,5,22,3,5.75,0,1,0,5,55518062
Palam Vihar,Apartment,2,2,1791,5,13,1,11.98,1,0,0,3,33720825
Sector 89,Villa,3,4,2138,9,40,1,5.22,1,0,0,4,44119559
DLF Phase 2,Villa,2,3,874,11,12,0,3.53,0,0,0,5,21441222
Palam Vihar,Villa,2,3,1194,21,17,2,4.72,0,1,0,4,24039665
Sector 92,Apartment,2,3,1304,18,9,2,6.65,1,0,1,4,24505300
DLF Phase 1,Builder Floor,3,4,2006,5,40,1,3.29,0,1,1,5,41134061
Sohna Road,Apartment,2,2,741,13,12,3,9.15,1,0,1,3,17297255
Sector 70,Apartment,3,3,1750,2,9,2,13.27,1,1,1,2,39358735
Sector 57,Apartment,2,3,1273,9,30,4,8.97,0,0,0,1,21077077
DLF Phase 2,Apartment,2,3,1147,8,6,0,6.76,0,1,1,2,20365259
South City 1,Apartment,2,3,659,22,25,1,11.97,1,0,1,1,9587055
DLF Phase 5,Apartment,4,5,2315,19,28,1,11.25,0,0,1,5,64793129
South City 1,Villa,3,3,2129,18,10,0,5.57,1,0,1,2,37478966
Sohna Road,Apartment,4,4,2079,21,41,3,9.1,1,0,1,2,37232040
Sector 83,Apartment,3,3,1602,14,28,1,10.97,1,1,1,1,24258467
Palam Vihar,Apartment,2,3,1591,8,29,2,3.76,1,1,1,3,28163757
Sector 83,Villa,3,4,1716,18,36,1,5.56,1,0,1,5,33837977
Sector 67,Apartment,1,2,615,7,11,1,1.68,0,1,1,5,8469680
Sector 92,Apartment,4,4,1355,21,21,3,14.82,0,1,0,5,25278780
Sector 82,Builder Floor,3,3,1357,3,38,4,1.38,1,1,1,2,31018577
DLF Phase 1,Builder Floor,2,2,1813,4,26,2,2.61,1,0,1,4,33027387
Palam Vihar,Apartment,3,4,2495,18,18,4,7.25,0,0,1,1,39756112
DLF Phase 3,Builder Floor,3,3,1998,13,4,2,12.99,1,0,0,2,42605310
Golf Course Road,Builder Floor,5,6,1399,17,44,2,5.4,1,0,0,3,54839980
Palam Vihar,Builder Floor,3,3,1240,24,41,3,11.55,1,1,0,3,24970606
Sector 70,Apartment,3,4,1229,18,15,1,10.17,1,1,1,2,26781665
DLF Phase 4,Villa,2,3,815,5,23,1,9.62,0,0,0,1,30775917
Sector 85,Apartment,5,6,2729,4,41,2,12.69,0,1,0,5,57645073
Sector 82,Apartment,3,4,2127,10,6,1,0.31,0,0,1,5,38975768
Sector 57,Apartment,3,3,1534,23,43,1,13.94,0,0,1,4,23537190
Sector 85,Apartment,2,2,1113,4,7,1,12.46,1,0,1,2,15515199
DLF Phase 3,Apartment,4,4,2227,7,15,3,14.07,1,1,1,4,55584951
Sector 56,Builder Floor,2,3,1452,4,9,2,11.92,1,1,1,3,27432968
Sector 84,Apartment,3,3,2175,10,30,2,13.19,0,1,0,5,34219282
Golf Course Extension Road,Apartment,4,5,2490,12,44,3,3.13,0,1,1,5,61691536
Sector 82,Apartment,5,5,3894,5,43,2,4.86,1,1,1,4,74934201
DLF Phase 1,Apartment,3,3,1639,4,28,2,4.8,1,0,0,2,33299087
Sector 54,Penthouse,4,5,3378,17,30,3,1.73,1,0,1,4,59267640
Sector 84,Apartment,1,2,515,9,8,3,10.97,1,1,1,3,7703614
DLF Phase 5,Apartment,4,5,1297,15,35,2,2.13,1,1,1,2,49754358
Golf Course Extension Road,Apartment,3,3,1269,21,35,2,0.88,1,1,0,3,38459348
Sector 89,Apartment,3,4,1232,13,26,2,11.65,1,1,1,2,33087187
Sector 82,Apartment,4,4,1985,22,30,2,13.58,1,0,1,4,34284651
DLF Phase 3,Builder Floor,4,4,3032,14,35,1,11.49,1,1,1,1,64648340
Sector 82,Penthouse,2,2,1074,2,38,2,12.4,0,0,1,4,19118697
DLF Phase 5,Apartment,4,5,1641,2,11,1,8.97,0,0,1,2,50966373
South City 1,Builder Floor,2,2,792,11,20,0,13.33,1,0,1,3,11784189
Sector 65,Builder Floor,4,5,2367,22,31,2,7.5,0,1,0,4,46960238
Sector 92,Villa,3,4,2440,14,34,3,14.83,0,1,1,2,45274610
DLF Phase 5,Apartment,2,2,1261,10,12,0,1.64,1,1,1,3,45334999
DLF Phase 3,Apartment,3,3,2196,9,28,1,12.16,1,1,1,3,48300583
Sector 57,Apartment,3,3,1968,19,3,2,9.66,1,0,1,3,36570130
Sector 57,Builder Floor,3,3,1158,14,42,2,8.75,1,0,1,2,27730670
Golf Course Extension Road,Builder Floor,2,3,1368,17,5,1,10.91,0,1,1,3,28977178
DLF Phase 2,Apartment,2,3,881,24,13,1,12.62,0,1,0,3,16516001
South City 1,Apartment,4,5,2166,13,12,2,12.96,1,1,1,4,45171459
South City 1,Villa,2,3,997,24,1,3,2.71,1,1,1,3,22284156
New Gurgaon,Builder Floor,3,4,1756,5,43,0,3.04,1,1,1,1,32790662
Sector 83,Penthouse,3,4,1695,13,19,1,0.34,1,0,1,2,31098758
Sector 57,Builder Floor,2,3,1093,15,29,2,2.06,1,0,1,3,23048213
Sector 67,Apartment,3,4,1684,1,39,1,4.03,0,0,1,3,34234427
Sector 89,Apartment,3,4,1912,18,42,1,10.84,1,1,1,5,38192303
Sector 92,Builder Floor,3,3,1684,4,25,2,7.19,1,1,1,4,36924185
Sector 84,Apartment,3,3,1727,10,16,4,11.39,1,0,1,3,31595976
Golf Course Road,Apartment,3,4,2636,10,17,1,7.35,0,1,1,4,64229344
DLF Phase 4,Builder Floor,2,3,1491,20,28,2,8.38,0,1,1,4,37334764
DLF Phase 1,Apartment,4,4,2120,24,39,1,1.75,1,0,1,1,36928113
Sector 85,Builder Floor,2,2,1229,18,43,3,11.67,0,1,1,2,19840888
Sector 89,Apartment,5,5,3019,17,5,1,11.4,1,1,1,1,56536141
Sector 57,Villa,3,4,1833,7,1,2,4.68,0,1,1,2,35032410
Sector 67,Apartment,4,4,2388,22,3,3,5.0,0,1,1,5,41572480
Sohna Road,Apartment,3,3,1836,11,24,4,3.37,0,0,1,1,36592832
South City 1,Apartment,2,2,1129,8,29,2,12.23,1,0,0,4,20084722
Sector 67,Apartment,4,4,2055,2,15,1,11.23,1,1,1,3,39633658
Sector 82,Builder Floor,2,2,1091,5,4,2,9.18,1,0,1,5,19836117
Sector 54,Builder Floor,2,3,713,20,44,1,3.66,1,0,0,2,15441353
Sector 65,Apartment,2,2,1394,20,1,2,2.66,1,0,1,1,23810154
Sector 70,Apartment,5,6,3337,23,15,2,0.85,1,1,1,5,61560178
DLF Phase 4,Apartment,3,3,2644,0,24,3,0.78,1,0,1,1,60516807
DLF Phase 1,Apartment,3,3,1297,16,31,2,2.89,1,0,1,4,25536788
DLF Phase 4,Villa,3,3,1630,2,20,2,1.6,1,1,1,1,49802278
Sector 89,Builder Floor,3,3,2290,17,10,3,8.39,1,1,0,2,42147575
Sector 57,Builder Floor,4,4,2600,17,11,3,5.44,1,1,1,2,51401066
Sector 56,Builder Floor,3,4,2485,1,18,2,6.73,1,0,1,3,44243334
DLF Phase 4,Apartment,4,5,3226,3,34,2,8.95,1,0,1,3,69706190
Sector 92,Villa,2,3,519,0,28,2,9.92,1,0,1,2,15861710
Sector 57,Builder Floor,2,3,1272,9,38,1,9.76,1,1,1,2,24663370
Sector 67,Builder Floor,3,4,1910,24,16,1,3.99,0,1,1,2,30453311
Sector 65,Villa,3,4,1790,4,24,2,12.16,1,1,1,5,37983054
Sector 54,Apartment,3,4,1617,4,39,1,13.77,1,0,1,1,22679084
Sector 65,Builder Floor,3,3,2456,8,12,2,4.81,1,1,0,5,42230759
Sector 85,Apartment,2,3,1192,13,42,2,0.35,1,0,1,4,29265396
Sector 65,Apartment,3,3,482,20,7,2,13.5,1,0,1,3,21035760
Sector 83,Apartment,3,3,1614,12,36,0,13.86,1,1,1,1,32400901
DLF Phase 5,Penthouse,2,3,1779,12,17,1,0.86,0,0,0,3,48215222
Sector 92,Villa,3,3,1330,23,4,1,0.17,0,1,1,4,27909066
Sector 65,Builder Floor,2,2,1540,0,37,1,12.26,1,0,1,2,21627725
New Gurgaon,Builder Floor,3,4,2237,16,33,4,4.59,1,0,1,3,40198230
Sector 54,Apartment,2,2,1128,19,19,1,13.73,0,1,0,2,13375463
Sector 57,Villa,5,6,3132,7,26,1,3.33,0,0,1,3,63317275
Sector 85,Apartment,3,3,1770,2,11,1,12.93,0,0,1,4,35601997
DLF Phase 3,Apartment,2,3,1052,16,31,2,1.12,1,1,0,3,33519186
Sector 92,Apartment,3,3,1519,11,1,2,3.98,1,0,1,4,33369987
Sector 84,Builder Floor,4,5,3195,24,40,1,14.6,0,1,0,1,51647102
Sector 70,Builder Floor,3,3,1727,24,36,3,3.54,1,1,1,5,33276251
DLF Phase 1,Apartment,4,5,1967,24,29,3,2.08,0,1,1,4,37552308
Sector 84,Apartment,2,2,1353,24,25,1,12.87,1,0,1,3,21903929
Sohna Road,Builder Floor,4,4,2638,17,18,2,1.86,0,1,1,1,48396643
DLF Phase 5,Apartment,3,4,1173,13,3,2,1.55,1,1,0,4,45916182
DLF Phase 5,Builder Floor,2,2,1019,10,18,1,4.92,0,0,0,3,33854644
Sector 57,Penthouse,3,4,1086,15,7,3,9.57,1,0,1,4,24056958
DLF Phase 3,Apartment,5,5,4785,3,28,1,10.69,1,1,1,4,94129615
Sector 89,Apartment,4,4,2196,17,17,2,13.23,0,0,1,2,40432639
South City 1,Builder Floor,3,4,1515,6,25,2,8.16,0,1,1,3,28323918
Sector 57,Builder Floor,2,2,1059,10,18,2,5.96,1,0,1,5,19702708
Palam Vihar,Apartment,3,4,1483,15,40,3,5.45,1,1,1,4,28637869
Sector 85,Penthouse,2,2,1148,15,43,1,12.72,0,0,0,1,24254406
Sector 83,Apartment,2,2,1545,2,3,1,10.88,1,1,1,3,32200002
DLF Phase 1,Apartment,3,3,1840,24,25,2,13.59,1,0,0,5,31623794
DLF Phase 2,Builder Floor,4,4,1622,22,7,1,14.46,0,1,1,3,32520521
Sector 70,Villa,3,4,1317,23,10,1,4.57,0,0,1,5,30710197
Sector 70,Apartment,2,3,1248,8,44,2,7.99,1,1,1,5,30196304
DLF Phase 1,Builder Floor,3,3,1450,7,44,1,9.51,0,1,0,4,29828557
Sector 83,Apartment,5,5,2866,6,19,1,2.54,0,0,1,2,53073924
Sector 82,Apartment,4,5,3881,24,15,1,0.89,1,0,1,3,70427036
Sector 82,Apartment,3,3,1377,16,21,1,13.03,0,1,1,1,26132074
Sector 65,Villa,5,6,1987,10,21,2,8.08,1,0,1,1,41589321
Sector 83,Apartment,4,4,1985,3,37,0,8.6,0,1,1,2,41647007
Sector 70,Apartment,2,2,696,3,28,4,8.37,1,0,0,1,13983176
Sector 82,Apartment,3,4,2340,4,32,1,11.35,1,1,0,3,38073043
South City 1,Villa,5,5,2188,7,41,2,2.27,1,0,1,1,50215121
Sector 82,Builder Floor,3,4,1390,9,27,3,9.25,1,1,0,3,30525772
Sector 89,Builder Floor,2,3,826,16,23,1,7.1,0,0,1,5,19188908
Sohna Road,Apartment,3,4,1089,5,10,2,13.46,1,1,0,4,19029346
DLF Phase 2,Builder Floor,3,4,1776,8,40,3,7.84,0,0,1,2,35375573
DLF Phase 2,Apartment,5,6,2474,9,41,1,14.15,1,1,0,2,49637291
Sector 56,Builder Floor,2,3,694,7,6,4,5.36,0,0,0,1,14734174
DLF Phase 3,Villa,3,3,1643,14,24,0,14.51,1,0,1,3,38593585
South City 1,Apartment,4,5,2604,17,18,1,13.14,0,1,0,4,45194900
Sector 84,Builder Floor,3,4,1614,22,10,3,8.81,1,0,0,1,34312233
Sohna Road,Apartment,2,2,1367,4,15,1,5.37,1,1,0,4,29010213
South City 1,Apartment,5,6,4188,17,43,2,5.7,0,1,1,3,73582925
DLF Phase 4,Apartment,3,3,2142,0,34,3,11.61,0,1,1,1,52692245
Sector 70,Apartment,3,4,1890,1,8,4,8.75,1,0,1,1,37274297
New Gurgaon,Apartment,3,4,2141,9,35,2,6.08,1,1,0,4,40565134
Sector 56,Builder Floor,1,2,911,5,27,4,9.58,1,0,1,1,13705865
DLF Phase 1,Apartment,5,5,1991,23,25,2,11.03,1,1,0,4,43882867
DLF Phase 4,Builder Floor,3,3,2065,18,3,1,0.44,0,0,1,3,51521594
DLF Phase 1,Apartment,3,4,1381,20,21,2,1.44,1,0,1,4,28982545
Sector 84,Apartment,2,3,1267,10,39,2,1.51,1,0,1,3,27877779
Sector 84,Builder Floor,3,3,1244,17,32,2,3.56,1,1,0,3,30796181
Golf Course Extension Road,Apartment,4,4,2823,15,21,2,6.46,1,1,1,5,64854804
South City 1,Apartment,4,4,2556,7,9,2,12.07,1,0,0,4,43134190
Sector 92,Builder Floor,5,6,4049,3,1,2,5.33,0,1,1,2,75912440
Sector 82,Apartment,3,3,1686,10,4,4,0.36,0,0,0,5,34316024
Sector 67,Apartment,3,3,1672,9,4,2,7.3,1,1,1,5,32121219
DLF Phase 2,Apartment,3,3,1676,15,26,1,14.95,1,1,0,4,31663113
Sector 89,Villa,4,4,3778,11,34,3,5.3,0,1,1,5,64798097
Sector 67,Builder Floor,3,3,2066,21,27,1,14.42,1,0,0,5,30455462
Sector 54,Builder Floor,3,3,2364,2,15,3,1.61,1,0,1,1,44854987
Palam Vihar,Builder Floor,2,2,1402,10,32,1,2.68,0,1,1,3,23367386
Sector 82,Apartment,2,3,1446,23,41,1,10.89,1,0,0,2,22657312
Sector 56,Apartment,3,3,1180,15,7,1,7.57,0,0,1,4,25591406
Sector 57,Builder Floor,5,6,2608,23,44,1,11.5,0,1,1,1,42458576
Sector 57,Apartment,2,3,1026,2,44,2,12.97,0,1,0,2,19046195
Sector 92,Apartment,2,2,1216,24,14,1,3.84,1,0,1,2,18321593
DLF Phase 1,Apartment,2,3,1171,9,23,3,10.27,0,0,1,1,17228612
Sector 84,Apartment,4,5,1499,20,1,2,9.15,1,0,1,4,31992721
Sector 65,Penthouse,3,3,1818,15,32,1,12.94,1,1,1,3,31659394
Sector 56,Apartment,2,3,636,24,41,2,6.51,0,1,0,1,14181034
DLF Phase 5,Apartment,3,3,2126,6,26,2,0.87,1,1,1,5,61101962
Sector 85,Apartment,3,3,1843,14,9,3,8.66,1,1,0,2,35965137
Sector 82,Penthouse,3,3,2323,14,16,2,14.39,1,1,0,5,34897133
Golf Course Road,Apartment,4,4,2519,9,31,1,0.32,0,0,1,4,70601920
Golf Course Extension Road,Apartment,2,2,1070,2,2,2,3.68,0,0,0,3,34038718
Sector 84,Builder Floor,3,3,1137,5,32,1,4.81,1,1,0,3,21924528
Golf Course Road,Builder Floor,2,2,1089,17,10,2,11.51,0,0,1,3,40387149
Sohna Road,Apartment,2,3,979,21,25,3,4.92,0,1,1,5,20519421
Sector 65,Apartment,3,3,1956,4,18,1,3.66,1,1,0,4,38226484
New Gurgaon,Apartment,2,3,1082,15,34,2,9.76,0,1,1,5,22812749
Sector 70,Apartment,3,3,2054,12,29,1,0.79,1,0,0,2,39215216
Sector 65,Apartment,1,1,789,2,24,1,2.64,1,1,1,3,18230349
South City 1,Apartment,2,2,804,14,3,2,6.18,1,1,1,4,13556865
Sector 56,Apartment,4,5,2398,22,15,2,5.4,1,1,1,5,43980049
Palam Vihar,Apartment,3,4,1779,19,3,2,5.27,1,0,1,5,32994800
Sector 92,Builder Floor,3,4,1931,5,31,1,1.72,1,1,1,5,38814869
Sector 82,Penthouse,4,5,2784,24,10,3,5.48,1,1,1,5,46866798
Golf Course Extension Road,Apartment,3,4,2466,21,38,0,11.99,0,0,1,5,52831996
Sector 57,Apartment,4,5,1778,3,22,1,6.27,1,0,1,2,40213216
Sector 56,Apartment,3,3,1139,14,14,3,8.83,1,1,1,3,20688220
Sector 56,Villa,2,2,1252,17,9,3,2.54,1,0,1,5,19670894
Sector 83,Apartment,2,3,1325,8,18,2,1.14,1,0,1,2,30029638
Golf Course Extension Road,Apartment,3,4,2102,19,8,3,13.21,1,0,1,4,50671453
DLF Phase 5,Apartment,2,3,986,3,38,1,5.04,0,1,1,4,45347655
South City 1,Builder Floor,2,3,758,15,15,1,5.32,0,0,1,2,15816183
DLF Phase 3,Builder Floor,2,3,1541,17,15,3,13.18,0,0,0,2,34819986
Sector 85,Apartment,2,2,1343,4,6,3,10.65,0,0,1,2,22222820
Sector 54,Apartment,2,2,1093,12,12,1,11.37,1,1,0,4,27333313
Sector 82,Penthouse,1,1,450,5,42,1,10.26,1,1,1,5,13690039
New Gurgaon,Apartment,2,2,1012,21,19,1,1.68,0,1,1,3,20586534
Sector 92,Builder Floor,3,3,2092,18,40,1,14.37,1,1,0,5,37319342
DLF Phase 5,Builder Floor,3,3,1982,11,5,3,13.65,0,1,1,1,49903686
Sector 65,Apartment,2,2,814,14,27,2,3.62,1,0,1,2,17093016
DLF Phase 4,Apartment,4,4,2746,8,10,2,12.08,1,1,0,5,62532079
Sector 82,Apartment,4,5,2350,6,43,2,6.2,1,0,0,3,45032733
Sector 57,Apartment,3,4,2332,13,14,3,10.29,0,1,1,5,42696556
Golf Course Extension Road,Villa,4,4,2009,18,34,1,2.57,1,0,1,1,51631853
Sector 56,Villa,3,3,1540,19,15,2,8.12,1,1,1,1,26177700
South City 1,Apartment,1,1,616,15,29,3,1.99,1,1,1,5,14758993
Sector 67,Apartment,4,5,2166,22,26,1,8.09,1,1,1,3,41221791
Sohna Road,Villa,2,3,955,23,27,3,3.73,0,1,1,5,21663908
Sector 65,Builder Floor,5,5,4289,21,3,2,6.84,0,1,1,2,75967813
Palam Vihar,Villa,3,4,2396,3,3,0,10.05,0,1,0,3,46527837
Sector 89,Apartment,2,2,931,11,35,1,13.17,1,0,1,4,15305024
DLF Phase 1,Apartment,3,3,1892,17,35,2,2.56,1,0,1,3,41462451
Sector 83,Builder Floor,3,3,1156,7,6,2,13.41,0,0,1,5,20751540
Palam Vihar,Builder Floor,1,1,838,16,14,2,5.91,0,0,1,5,12951094
Sector 84,Apartment,3,3,2119,24,26,1,12.67,1,0,1,4,36525825
Sector 85,Apartment,4,5,2962,23,3,2,7.74,1,1,1,1,54457310
Sector 54,Apartment,3,3,1694,2,33,1,12.95,1,1,0,5,32288860
Sector 85,Apartment,2,2,1528,3,42,1,9.98,0,0,1,1,26374368
Golf Course Extension Road,Apartment,2,2,1529,9,13,1,7.68,1,0,1,1,44840046
Sector 85,Villa,4,4,2307,15,29,2,4.76,0,1,1,2,41931683
Sohna Road,Apartment,3,4,1317,19,9,1,14.54,1,0,1,1,21514298
Golf Course Road,Builder Floor,3,3,1982,1,32,1,12.03,1,1,1,3,55811339
Golf Course Extension Road,Apartment,5,5,2911,11,22,1,5.78,1,0,1,1,65540886
South City 1,Builder Floor,2,3,1718,15,22,1,2.58,1,1,1,2,21136166
Palam Vihar,Penthouse,3,3,1821,9,34,1,11.72,0,0,1,5,33479887
Sector 56,Apartment,4,4,2459,4,10,2,14.85,1,0,0,5,51271095
Sector 54,Apartment,4,4,2851,11,25,2,4.26,1,1,0,4,52951108
Sector 67,Apartment,2,2,1200,2,12,2,13.75,1,0,1,1,25935319
Sector 57,Apartment,2,3,1394,11,3,2,1.97,0,0,1,3,25208020
Golf Course Extension Road,Builder Floor,3,3,1573,0,19,1,14.29,1,0,0,4,47895117
Sector 57,Villa,2,2,886,1,33,4,11.21,1,1,1,4,21510459
Sector 67,Apartment,5,6,2361,10,26,1,5.26,0,0,1,2,47688614
DLF Phase 3,Apartment,2,2,1105,11,13,2,4.64,1,1,0,5,29452533
DLF Phase 3,Apartment,2,2,1233,6,7,3,9.69,1,1,0,1,33893631
DLF Phase 1,Builder Floor,1,2,669,0,34,2,8.94,0,1,1,1,18774079
New Gurgaon,Apartment,3,3,1991,12,22,1,13.79,1,0,0,5,29596654
Sector 92,Apartment,4,5,2405,12,20,1,11.52,1,1,1,2,45195627
DLF Phase 2,Apartment,3,3,1350,1,43,0,8.15,1,1,1,2,27563601
DLF Phase 3,Builder Floor,5,6,3489,9,23,2,13.92,1,0,0,2,69077046
Sector 82,Apartment,2,2,779,22,14,2,8.93,1,0,0,3,12028933
Golf Course Road,Builder Floor,2,2,873,0,30,2,12.76,1,1,1,1,43061592
Sector 67,Apartment,4,5,2425,6,23,0,12.63,0,1,1,2,43831469
New Gurgaon,Apartment,4,4,2846,12,19,3,13.8,1,0,0,2,53750672
DLF Phase 1,Villa,4,5,2751,23,39,2,1.11,1,1,1,5,50960070
Sector 92,Builder Floor,4,5,2343,1,41,1,8.8,1,1,1,4,46916725
Sector 89,Apartment,3,4,1986,19,36,1,7.08,1,0,1,4,39020225
DLF Phase 1,Apartment,2,3,901,6,6,2,7.41,1,0,1,4,19509831
New Gurgaon,Apartment,5,5,2606,16,23,2,6.95,0,1,0,1,50593745
Palam Vihar,Apartment,2,3,1046,21,10,1,12.58,1,0,1,3,16938472
DLF Phase 2,Apartment,3,3,1390,4,35,1,4.84,1,1,1,1,28572954
Sector 82,Apartment,3,3,1649,10,21,3,6.99,1,1,1,5,35980464
Sector 70,Apartment,2,3,1141,21,32,1,3.09,1,0,1,2,19031129
Sector 89,Builder Floor,4,5,2141,23,30,1,3.85,0,0,1,1,36731297
Sector 54,Apartment,2,2,1128,10,33,3,9.94,1,0,1,4,20978008
Sector 82,Builder Floor,4,5,797,10,6,2,1.84,1,0,1,3,24102244
Golf Course Road,Apartment,3,3,1961,16,5,2,2.9,1,1,1,5,56780528
Sector 92,Villa,3,4,1629,18,15,2,7.97,0,1,1,2,35155673
Sector 57,Builder Floor,3,3,1629,24,43,2,0.75,1,1,1,3,32248640
DLF Phase 5,Builder Floor,2,2,811,7,25,2,1.99,1,1,1,1,34239074
Sector 92,Builder Floor,3,4,2451,19,13,4,12.96,1,1,1,1,44366195
DLF Phase 2,Villa,3,3,2471,13,6,1,12.71,1,1,0,3,45324802
Golf Course Road,Apartment,3,3,1099,9,37,1,5.28,1,1,1,3,43689850
Sector 85,Apartment,2,3,1134,24,2,1,5.29,0,1,1,2,21702075
South City 1,Apartment,2,3,1459,6,17,2,14.05,1,0,1,4,25236606
Sector 89,Builder Floor,2,3,1099,1,24,2,0.49,1,1,1,3,26492627
Sector 57,Builder Floor,3,4,1545,16,12,1,8.75,1,1,1,2,36402287
New Gurgaon,Apartment,1,2,506,0,44,1,9.0,0,1,1,3,8999436
Golf Course Road,Apartment,4,4,2575,12,14,1,11.84,1,1,1,3,70393491
Sector 70,Apartment,3,3,2898,18,7,1,14.28,1,0,1,4,41804840
Sector 67,Villa,4,5,2863,13,26,4,5.4,0,0,1,2,58663343
Sector 54,Apartment,4,4,1779,17,32,2,6.62,0,0,1,1,28439227
Sector 65,Apartment,2,2,1023,19,29,0,10.1,1,0,1,2,18161427
Sector 89,Apartment,4,4,2250,13,39,1,14.51,1,1,0,2,44556658
Sector 89,Apartment,3,3,1439,14,9,0,13.37,1,1,1,2,26944526
New Gurgaon,Villa,4,4,1814,13,14,2,10.04,1,0,1,4,35551577
Sector 89,Builder Floor,4,5,2819,23,17,2,12.87,1,0,0,4,49055615
Sector 67,Builder Floor,1,2,529,4,25,4,1.37,1,1,1,5,13587811
Sector 70,Apartment,3,3,1956,15,30,2,5.72,0,0,0,1,29540740
Sector 85,Builder Floor,3,3,2548,4,29,2,0.3,0,1,1,4,40056638
Sector 65,Apartment,3,4,1579,21,29,3,2.74,1,0,1,4,34952805
DLF Phase 4,Builder Floor,2,3,1276,12,18,2,9.49,1,0,1,2,36184367
Sector 56,Apartment,2,3,913,15,31,1,13.29,1,0,0,2,16370692
Sector 84,Apartment,3,4,1974,14,19,2,9.53,1,1,1,3,33321792
DLF Phase 4,Builder Floor,3,3,2346,4,17,2,10.0,1,1,0,3,56771074
Sector 65,Villa,5,6,3873,20,6,2,1.65,0,1,1,3,72525804
Sector 67,Apartment,4,5,2423,22,12,1,10.01,1,0,1,4,42981538
DLF Phase 4,Builder Floor,3,3,1582,5,38,1,6.87,1,1,0,3,50591159
Sector 56,Apartment,1,2,633,12,3,1,9.81,1,1,0,1,11394996
DLF Phase 3,Apartment,2,3,1214,15,35,0,4.96,1,0,0,3,32347910
Sector 82,Apartment,3,4,1993,9,33,3,8.76,1,1,1,5,39953461
DLF Phase 2,Apartment,4,5,2044,1,29,2,6.42,0,1,1,5,43873805
Sector 84,Apartment,3,4,1631,12,3,2,8.42,1,0,1,2,33509778
Golf Course Road,Apartment,3,3,1708,16,5,2,2.29,1,0,1,4,54762687
Sohna Road,Apartment,4,4,2773,0,14,2,6.0,1,1,0,5,50805665
DLF Phase 3,Villa,4,4,2847,3,36,4,5.68,1,1,1,1,68129865
Sector 85,Apartment,2,2,1079,17,28,1,11.07,0,1,0,2,21246912
Palam Vihar,Builder Floor,1,1,450,5,41,2,10.63,1,1,1,5,11447904
DLF Phase 1,Apartment,2,3,1301,11,32,1,13.64,1,0,1,3,26173035
Sector 83,Builder Floor,3,4,2107,24,18,3,9.52,0,1,1,5,34089708
Golf Course Extension Road,Apartment,5,6,2906,23,42,3,4.79,1,1,1,5,65572132
DLF Phase 3,Apartment,2,3,1000,19,40,3,11.77,1,0,1,2,30175061
South City 1,Apartment,1,2,533,12,13,0,7.51,1,0,0,4,5871845
DLF Phase 4,Apartment,4,5,3318,1,2,1,2.98,1,0,1,3,81884420
Sector 57,Apartment,4,5,2524,16,25,1,11.24,0,1,1,3,44233037
DLF Phase 5,Builder Floor,5,6,3709,22,20,2,2.07,1,1,1,3,81644189
Sector 89,Villa,3,4,1462,9,7,2,2.75,0,1,0,3,28175732
Sector 82,Builder Floor,3,4,2308,18,11,1,11.41,1,1,1,4,38281511
Sohna Road,Builder Floor,2,3,1450,21,5,2,11.58,1,0,1,3,25089881
Golf Course Road,Apartment,2,3,1171,4,29,1,11.88,1,1,0,4,45968410
Sector 85,Apartment,3,4,2055,20,18,3,4.47,1,1,1,2,35654045
Sector 89,Apartment,3,3,2343,11,8,1,13.01,1,1,1,1,40876925
Sector 82,Apartment,2,3,889,17,27,1,10.87,0,1,1,4,14746095
Golf Course Extension Road,Apartment,4,4,2105,8,42,2,12.53,0,1,1,3,55864733
Sector 56,Apartment,2,3,1346,10,2,2,10.66,0,1,0,2,20902612
Golf Course Road,Apartment,4,5,2411,3,35,1,8.74,0,1,1,2,73143817
Sector 70,Apartment,2,3,1315,9,26,3,1.73,1,0,0,5,26343615
Sector 84,Builder Floor,4,4,2785,0,23,2,10.69,1,1,0,5,54869155
Sector 57,Builder Floor,2,2,1339,1,5,3,10.39,1,1,1,1,22389332
Sector 89,Apartment,4,5,2258,8,16,3,4.76,1,1,1,1,44811220
DLF Phase 5,Villa,2,3,1148,22,42,2,11.06,0,0,1,5,43998409
South City 1,Villa,3,4,2453,17,11,3,8.3,1,1,0,5,42545239
Golf Course Extension Road,Apartment,4,5,2448,15,19,3,8.44,1,0,0,2,58899780
Sector 89,Apartment,2,2,1579,22,16,4,5.58,0,0,1,4,25898531
Sector 92,Apartment,2,2,1598,13,32,3,1.84,1,1,0,5,28676135
Golf Course Extension Road,Villa,4,5,1962,3,12,3,3.33,0,1,0,3,57103124
DLF Phase 2,Villa,4,4,2811,1,2,2,11.56,1,1,1,4,57337353
South City 1,Apartment,1,1,450,11,43,1,4.14,1,0,1,4,3924044
Sector 83,Apartment,2,3,1652,19,22,3,0.13,1,1,1,3,29282701
Sector 67,Apartment,2,3,1252,4,26,2,14.96,1,1,1,3,21158663
Sohna Road,Apartment,2,3,1239,3,33,1,3.24,1,0,1,3,26392460
Golf Course Road,Apartment,5,5,2394,14,24,1,9.87,1,0,1,2,70310214
Golf Course Road,Villa,3,4,1545,2,5,2,13.91,1,0,0,5,50888023
Sector 57,Builder Floor,3,3,1894,21,21,2,9.04,0,1,1,5,32584379
DLF Phase 4,Builder Floor,5,6,3063,16,18,1,12.01,1,0,0,2,71637957
Sector 54,Villa,3,4,1638,7,39,1,14.65,1,0,1,4,30829671
DLF Phase 5,Builder Floor,3,3,2168,11,5,2,12.92,1,1,1,2,59684042
Sector 84,Apartment,2,2,1199,20,8,1,8.41,0,1,1,5,19124286
Sector 92,Apartment,3,3,1375,7,21,2,5.52,0,0,1,1,29333355
Golf Course Extension Road,Apartment,3,3,2102,19,5,3,7.29,1,0,0,2,48368467
Sector 82,Builder Floor,2,2,875,19,13,3,12.64,0,1,1,1,18858872
Sector 82,Apartment,2,2,661,4,19,1,12.81,1,0,1,1,15104170
Sector 70,Builder Floor,2,3,1226,20,29,1,12.7,0,0,1,3,16279879
Sector 67,Apartment,1,1,455,5,2,2,9.0,0,0,1,3,5890963
Sector 54,Apartment,3,3,1874,4,37,2,7.21,0,1,0,3,32644507
Sector 67,Apartment,3,4,2142,20,26,1,4.74,1,1,1,1,38033852
Palam Vihar,Apartment,3,3,2213,7,29,1,0.15,1,1,1,5,41858848
Sector 57,Builder Floor,2,2,1339,21,5,3,11.49,1,1,1,3,23797030
Sector 56,Builder Floor,3,4,1243,17,32,3,4.23,1,1,1,3,31623855
DLF Phase 4,Apartment,2,3,998,3,38,2,5.01,1,1,1,4,39530878
Sector 84,Apartment,3,4,1802,3,2,1,12.67,1,1,1,1,34176473
Sector 70,Apartment,4,4,2408,4,5,1,0.88,1,1,1,1,45841616
Sector 85,Apartment,2,3,936,14,33,1,13.92,0,1,1,3,20443919
Sector 54,Apartment,4,4,2141,5,35,1,0.12,0,0,1,4,45343070
Sector 83,Villa,4,5,2853,20,19,2,14.09,1,0,0,4,55743351
DLF Phase 1,Apartment,1,1,670,15,15,2,6.88,0,1,1,2,13785585
Golf Course Extension Road,Apartment,1,2,556,13,35,1,1.62,1,0,0,2,22415309
Sector 56,Apartment,5,6,3720,13,8,3,10.15,1,0,0,3,70073358
Sector 57,Apartment,2,3,828,15,1,2,13.45,1,0,1,1,21117643
DLF Phase 3,Apartment,4,4,2860,21,38,2,6.63,1,0,1,4,59755574
Palam Vihar,Apartment,3,3,2087,23,22,4,10.4,1,0,1,4,34689981
South City 1,Apartment,2,3,1409,3,17,2,14.69,0,0,1,4,22497803
Sector 70,Apartment,2,3,1283,10,16,3,3.69,1,1,1,1,25290425
Sector 82,Apartment,3,4,1525,18,1,1,12.32,0,0,0,2,25627228
DLF Phase 2,Apartment,3,4,2048,24,3,1,4.5,1,1,0,3,36619141
Sector 70,Apartment,3,3,1625,18,6,2,6.45,0,0,0,2,28710618
Sector 83,Villa,4,5,2514,7,3,2,4.3,1,0,1,4,50898753
Golf Course Extension Road,Apartment,4,5,1992,9,30,1,6.75,0,1,0,4,54864385
DLF Phase 4,Apartment,2,2,1103,4,11,2,0.18,1,1,1,1,39646108
Sector 85,Apartment,4,4,2319,15,27,0,4.62,1,1,0,1,44070719
DLF Phase 5,Apartment,4,5,2623,24,22,2,6.73,0,0,0,1,64646481
Golf Course Road,Apartment,5,6,3397,2,6,2,9.52,1,0,1,3,83827945
Golf Course Extension Road,Builder Floor,3,3,2512,9,38,2,9.6,0,1,1,5,58645514
Sector 82,Builder Floor,4,4,2482,23,41,2,8.8,1,0,1,5,46053245
DLF Phase 1,Apartment,3,4,1401,12,31,4,4.47,1,1,1,3,23722540
DLF Phase 4,Apartment,2,2,1423,6,43,1,14.22,1,1,1,3,41716963
DLF Phase 1,Apartment,5,5,3236,11,6,4,5.94,0,1,0,3,60492790
Sector 54,Villa,1,2,573,22,20,1,3.33,0,1,1,2,11575237
Sector 85,Builder Floor,2,3,1087,13,41,2,8.36,1,0,1,3,22876256
Sector 70,Apartment,4,4,2053,9,11,2,11.26,1,0,0,2,43367161
Palam Vihar,Apartment,2,3,1017,8,2,3,0.28,1,1,1,1,20608406
Sector 54,Apartment,4,5,1716,11,31,3,4.22,1,1,1,4,33470490
Sector 56,Apartment,3,4,2205,23,38,3,12.39,1,0,1,5,43087535
Sector 84,Apartment,1,2,660,2,26,1,7.65,1,0,0,4,16338206
DLF Phase 4,Apartment,3,4,1839,12,27,3,6.19,0,0,1,5,48513259
Sector 82,Builder Floor,4,4,2052,5,31,1,13.97,0,1,1,1,38006054
Sector 83,Apartment,3,3,2257,5,24,0,1.43,0,0,0,5,41708314
New Gurgaon,Apartment,5,6,2005,20,13,1,9.27,0,1,1,1,40979432
Sector 67,Villa,4,5,2326,18,25,2,5.2,1,1,1,4,42811574
Sector 57,Apartment,2,3,1475,24,37,2,1.16,1,1,1,2,29174565
Sector 54,Apartment,2,2,642,6,41,1,3.28,1,1,1,5,17417910
Sector 54,Apartment,5,5,3123,3,25,1,9.46,0,0,1,3,54515462
Golf Course Road,Apartment,3,3,1522,21,29,2,0.52,1,0,1,2,51934574
DLF Phase 1,Builder Floor,2,2,1233,4,31,4,8.92,1,1,1,2,26689331
Palam Vihar,Apartment,4,5,2190,0,43,2,14.36,1,1,1,1,41965252
Golf Course Road,Apartment,4,5,2732,17,39,2,11.95,1,0,1,4,70981444
Sector 67,Apartment,3,3,2317,16,2,2,5.25,0,1,0,3,41192576
Palam Vihar,Builder Floor,3,3,2855,8,12,3,2.16,1,1,1,4,46263417
Palam Vihar,Builder Floor,3,4,1752,8,5,4,7.03,1,0,1,4,34829178
DLF Phase 5,Apartment,3,4,2109,20,27,2,5.95,1,1,1,2,57602074
Sector 82,Apartment,4,5,2591,23,34,2,14.58,0,1,0,3,45797714
Sector 85,Builder Floor,5,6,3291,9,14,3,14.85,1,0,1,5,65791360
Sector 92,Apartment,3,4,2419,19,7,4,6.22,1,0,1,3,45602666
Sector 70,Builder Floor,4,4,2016,16,37,1,2.32,1,0,0,1,37789175
Sector 82,Builder Floor,5,6,2749,12,36,2,13.67,0,1,1,2,52250626
DLF Phase 5,Villa,2,2,1150,3,10,3,11.92,1,1,1,3,42211509
DLF Phase 4,Apartment,1,1,462,22,29,2,7.72,0,0,1,1,13397520
DLF Phase 2,Apartment,4,5,2399,17,16,2,5.54,1,1,0,5,41601454
Golf Course Extension Road,Builder Floor,2,2,1384,17,38,2,6.78,1,0,1,4,36736921
Sector 56,Apartment,1,1,715,21,21,1,13.54,1,1,1,4,16299995
Sector 83,Apartment,2,3,1148,8,38,1,2.85,0,1,0,1,21742419
Sector 56,Villa,3,3,2279,2,41,4,12.12,0,1,1,2,44835998
Sector 85,Villa,2,3,619,6,33,2,0.37,1,1,0,4,12875013
Sector 84,Apartment,2,3,1851,14,29,3,13.82,1,1,1,2,30366214
New Gurgaon,Apartment,5,5,3397,8,17,3,7.55,1,0,0,2,60650103
Sector 67,Apartment,3,4,1619,8,13,2,3.48,1,1,1,4,34995457
DLF Phase 1,Builder Floor,3,4,1994,3,6,3,0.14,1,0,1,5,43444655
DLF Phase 1,Villa,2,2,1157,17,2,1,8.44,1,1,0,3,20174970
Sector 82,Apartment,4,5,1230,16,8,2,3.74,1,1,1,4,28973918
DLF Phase 1,Apartment,4,4,2426,21,32,2,9.51,0,1,0,3,47775526
Golf Course Road,Villa,3,3,2182,20,36,2,4.29,0,0,1,2,66623515
Sector 67,Apartment,2,3,1469,5,9,1,1.41,0,1,0,5,27403599
DLF Phase 1,Apartment,3,3,1905,6,23,1,7.63,0,1,1,2,35438298
DLF Phase 5,Penthouse,4,5,2936,24,7,1,8.51,0,0,1,5,70325418
Sector 57,Apartment,3,3,1982,9,31,2,6.84,1,1,0,1,37988111
Sector 84,Builder Floor,4,5,2524,9,21,4,6.92,0,0,1,5,49543960
Sector 83,Apartment,3,4,1510,5,1,4,8.89,0,0,1,5,25486472
Sohna Road,Apartment,3,3,1654,5,2,1,7.94,0,1,1,2,33428428
Sector 84,Builder Floor,4,4,2256,18,40,1,2.08,0,0,0,4,48143223
Sector 82,Apartment,2,3,1279,7,11,0,3.04,1,1,0,4,20649067
DLF Phase 1,Penthouse,3,4,2137,8,37,1,2.21,0,1,1,3,35816331
Sector 65,Apartment,5,5,2569,0,18,3,10.43,1,0,1,1,47868592
DLF Phase 5,Apartment,4,5,1620,15,44,3,7.98,0,1,1,5,54891097
Golf Course Road,Apartment,2,3,1603,5,24,1,6.5,1,0,1,3,46445740
DLF Phase 1,Apartment,2,2,928,22,19,1,12.0,0,0,1,5,19299779
DLF Phase 1,Apartment,3,3,2005,7,5,1,4.95,1,1,0,5,35267631
Sector 56,Apartment,4,5,2541,14,29,1,8.56,0,1,1,1,49254662
Sector 56,Apartment,3,3,1655,11,39,3,1.21,1,1,1,1,31844234
DLF Phase 3,Apartment,3,3,2055,9,2,2,11.19,0,0,1,3,44578873
Sector 84,Builder Floor,2,3,861,15,17,3,10.46,1,0,0,4,18786267
Sector 89,Builder Floor,3,3,2484,14,11,2,12.06,0,1,1,5,44976711
Sector 54,Builder Floor,3,3,2906,10,37,1,13.28,0,0,1,2,45745814
Sector 85,Apartment,5,6,3861,23,13,1,11.39,1,0,0,3,67848895
DLF Phase 2,Apartment,2,2,973,6,29,0,12.68,1,1,1,5,21621639
Sector 57,Builder Floor,4,5,1097,7,32,3,5.25,1,0,1,1,22504090
Sector 84,Apartment,3,3,2000,10,40,3,5.22,1,0,1,1,37202665
Sector 70,Apartment,3,3,1256,8,43,3,14.17,1,0,1,1,25029601
DLF Phase 4,Builder Floor,4,5,2168,6,8,1,13.73,1,1,0,1,51255759
Sector 84,Builder Floor,2,2,1626,14,10,3,8.27,1,1,1,4,29405163
Sector 84,Apartment,3,3,2481,14,25,0,5.56,1,0,1,4,43443621
Sector 65,Apartment,4,4,3369,15,11,1,13.0,0,1,1,5,60738768
Sector 92,Builder Floor,3,3,1841,2,28,2,4.92,1,1,0,5,38479751
Sector 85,Apartment,2,2,1451,15,33,2,2.39,1,0,1,3,30878690
DLF Phase 3,Builder Floor,3,3,963,14,39,3,9.63,1,1,0,1,32237234
Sector 54,Builder Floor,3,4,1170,24,26,2,0.74,1,0,1,1,21594107
Sector 85,Builder Floor,4,4,2238,0,8,1,5.75,1,1,1,2,43860362
DLF Phase 4,Apartment,2,2,1435,13,38,1,12.13,1,0,1,2,42408706
Sector 84,Apartment,4,5,2161,23,26,1,4.5,0,0,0,1,42113714
Sector 85,Builder Floor,2,3,1424,21,32,1,13.98,0,1,0,2,25001397
DLF Phase 5,Builder Floor,2,3,877,10,28,1,14.34,0,1,1,2,37349257
Sector 70,Builder Floor,2,2,1228,2,7,2,12.26,1,0,1,1,23910986
Sector 56,Apartment,4,5,2707,8,35,1,14.82,0,0,1,4,49520166
Sector 82,Apartment,2,3,1412,5,2,3,8.01,1,1,0,4,27260306
DLF Phase 1,Villa,4,4,2147,22,22,2,8.58,0,0,1,5,43165286
Sector 83,Builder Floor,3,4,1812,15,22,1,12.56,0,1,1,4,34280895
Sector 54,Villa,5,5,1921,10,3,2,7.44,0,0,1,1,34427501
South City 1,Builder Floor,4,4,2341,17,8,2,6.16,0,1,1,2,45002548
Sector 92,Apartment,4,4,3005,16,4,2,9.26,1,0,0,1,55145741
Golf Course Road,Builder Floor,4,4,2252,16,15,0,9.9,1,0,1,3,61183768
Palam Vihar,Villa,3,3,1485,2,44,3,11.29,1,1,0,2,28689628
Sector 83,Apartment,4,5,2837,18,39,1,10.06,1,0,0,1,49895758
DLF Phase 2,Builder Floor,2,2,1839,23,12,3,11.21,1,1,1,5,35183429
DLF Phase 1,Apartment,2,3,1808,22,29,0,10.15,1,0,0,5,28500723
Sector 57,Apartment,3,3,1909,14,9,3,7.26,1,0,1,2,34493493
Palam Vihar,Builder Floor,3,4,2123,9,42,2,2.11,1,1,1,4,43005237
Sector 65,Apartment,3,3,2488,7,40,2,11.8,0,0,1,5,44339522
Sector 84,Apartment,3,3,1901,16,20,1,0.56,1,0,1,3,33874348
Sector 82,Apartment,3,3,1993,3,34,1,14.89,0,0,1,2,35643397
Sector 89,Apartment,3,4,1664,7,26,3,12.44,1,0,1,3,32923908
Palam Vihar,Apartment,1,2,931,1,21,3,10.1,0,0,1,2,20635892
Sector 56,Apartment,5,6,3503,22,23,2,14.5,1,0,1,4,59664172
Sector 65,Villa,5,5,2812,7,18,1,9.23,1,0,0,1,53629415
Sector 70,Apartment,5,5,2597,24,24,1,0.94,0,1,1,2,51696384
Sector 57,Apartment,3,4,1019,6,42,2,8.43,1,0,1,1,26688724
Sector 67,Apartment,3,3,1136,8,29,1,4.23,1,1,0,2,23294804
DLF Phase 3,Builder Floor,5,6,2491,17,38,1,5.61,0,1,0,4,64814690
New Gurgaon,Apartment,4,4,2919,16,38,2,6.95,1,0,1,3,47554166
Sector 70,Builder Floor,4,5,2582,0,13,2,11.64,1,0,1,1,44750351
New Gurgaon,Builder Floor,3,4,1272,11,32,0,7.59,0,0,1,3,26435825
Sector 56,Builder Floor,3,3,1410,3,19,1,7.17,0,1,1,2,24122209
Sector 83,Apartment,4,5,2557,16,17,2,4.6,1,1,1,2,46818725
Golf Course Extension Road,Builder Floor,2,2,1668,6,2,1,8.14,1,1,1,4,44075337
DLF Phase 4,Apartment,3,3,1337,23,18,3,3.8,0,1,1,2,45677246
Sector 92,Villa,4,4,2657,2,39,1,3.99,1,0,1,4,52067710
South City 1,Builder Floor,3,4,1612,0,27,1,11.38,1,1,0,2,33561711
Sector 54,Apartment,3,4,1625,18,14,3,5.2,1,0,1,3,33975327
Sector 83,Apartment,3,4,1307,1,15,2,0.87,1,1,1,2,25778772
Sector 92,Apartment,5,5,3438,5,8,1,5.22,0,0,0,1,64602000
DLF Phase 4,Builder Floor,3,3,1595,10,9,2,9.61,0,0,1,5,45758628
Palam Vihar,Apartment,4,5,2203,22,21,0,12.23,0,1,1,1,37418276
Palam Vihar,Apartment,4,4,2951,24,43,2,14.43,1,1,1,1,47798091
South City 1,Apartment,3,3,2235,20,35,1,11.22,1,1,0,4,38342113
Sector 84,Builder Floor,3,4,1493,3,14,2,6.49,1,0,1,2,33809642
Sector 67,Builder Floor,3,4,1924,0,27,2,4.56,1,1,0,3,41987610
Sector 54,Builder Floor,3,3,2180,10,8,2,2.03,1,1,1,2,40766097
DLF Phase 3,Builder Floor,3,3,1722,15,35,3,9.45,0,0,1,5,45357232
Sector 57,Apartment,1,2,693,5,18,2,7.7,1,0,1,2,10410837
Golf Course Road,Apartment,2,3,1110,10,14,2,10.2,0,1,0,5,42174286
Palam Vihar,Builder Floor,2,2,1103,7,8,1,3.63,1,1,1,5,28443111
New Gurgaon,Apartment,4,4,1877,19,8,1,4.92,1,1,1,1,40809234
Sector 54,Apartment,2,2,1679,0,37,3,4.45,1,1,1,5,30678965
Sector 83,Apartment,2,3,1064,13,44,3,11.99,1,0,1,5,23227411
Sector 89,Apartment,2,2,975,20,2,1,2.65,0,1,1,3,16907743
DLF Phase 5,Apartment,3,3,1360,20,17,3,9.17,0,0,1,4,43180517
Sector 70,Villa,1,1,611,1,13,2,0.87,1,0,0,2,13008629
Sector 84,Apartment,3,3,1372,5,14,2,8.29,1,1,1,3,25251579
DLF Phase 3,Apartment,2,2,1000,8,41,0,1.05,0,1,1,4,31797793
DLF Phase 4,Apartment,4,4,2847,13,41,1,2.72,0,0,0,1,69844142
Sector 83,Builder Floor,5,6,3314,21,9,2,1.78,0,1,1,3,61395599
Sector 83,Apartment,5,6,2058,7,27,1,5.27,1,1,1,3,43713622
New Gurgaon,Villa,3,4,2104,2,20,2,5.22,1,1,0,1,38687382
DLF Phase 4,Villa,3,3,1813,9,38,4,12.41,1,0,1,5,43311045
Sector 89,Apartment,3,4,2277,17,12,2,3.46,1,0,1,1,33791804
Sector 84,Villa,3,3,2395,19,42,2,1.39,1,1,1,2,48705347
Sector 67,Penthouse,3,3,1124,8,22,2,9.09,0,1,1,1,22560674
Palam Vihar,Builder Floor,2,2,1414,8,37,0,10.34,1,0,0,3,21814635
South City 1,Villa,4,4,3315,18,39,4,4.49,1,1,1,1,56530808
DLF Phase 1,Apartment,2,2,1258,12,31,3,9.08,0,1,1,2,22844177
Sector 65,Apartment,3,4,2089,0,13,2,11.66,1,1,1,5,40104950
DLF Phase 4,Apartment,3,4,1894,16,1,1,5.28,1,0,1,5,52187426
Sector 54,Apartment,3,4,2211,3,38,1,7.93,1,1,1,4,38443346
DLF Phase 5,Penthouse,4,4,2614,3,40,1,2.28,1,0,1,4,70089643
DLF Phase 2,Apartment,3,4,950,15,9,2,0.45,1,0,0,2,24127481
Sector 84,Builder Floor,3,3,1749,15,39,1,14.72,1,1,1,4,31243049
Sohna Road,Builder Floor,3,4,1721,14,10,2,4.57,1,0,1,5,36675887
Golf Course Road,Villa,2,3,1399,5,29,2,4.26,1,1,1,5,54609581
New Gurgaon,Penthouse,3,4,2294,4,40,0,14.6,0,0,1,4,39730033
Sector 57,Apartment,5,6,2840,21,30,2,10.95,1,1,1,1,53344999
Sector 67,Apartment,5,6,2142,9,2,1,8.82,0,0,0,5,45355289
Sector 54,Apartment,4,5,2571,6,18,3,10.52,1,1,1,4,51972578
Sector 83,Apartment,2,2,982,6,28,1,10.68,1,1,1,4,22474466
Sector 83,Apartment,2,2,1030,9,32,1,11.47,0,0,0,2,20044728
DLF Phase 2,Apartment,3,3,2800,9,24,0,1.1,1,0,1,2,51441050
Sector 56,Builder Floor,4,4,2020,24,38,4,6.25,1,1,1,5,40786052
Sector 65,Apartment,4,4,1523,14,14,2,4.5,1,1,0,3,35537857
Sohna Road,Apartment,4,5,2738,5,25,2,1.15,1,1,1,4,56258674
Sector 54,Builder Floor,3,3,2096,23,25,1,6.25,1,1,0,1,35899989
Sector 56,Apartment,2,2,1446,1,32,2,9.28,1,0,0,3,30747040
Sector 67,Apartment,2,2,1435,7,27,1,2.76,0,1,0,4,22517967
Sector 84,Builder Floor,1,1,620,24,32,4,4.64,0,1,1,3,11080946
Golf Course Extension Road,Builder Floor,3,3,1865,19,31,4,9.62,0,0,1,4,46976523
DLF Phase 3,Builder Floor,2,2,1463,14,24,2,8.73,0,1,1,4,35920929
Sector 92,Apartment,4,4,3300,20,35,4,13.04,0,1,0,3,61885709
Sector 67,Builder Floor,3,3,1270,20,30,1,11.89,1,1,0,2,23688837
Sector 89,Apartment,2,2,1029,17,33,1,14.49,1,0,1,4,22211544
Golf Course Extension Road,Apartment,2,3,1375,4,33,1,9.0,1,0,0,5,36639110
Sector 57,Builder Floor,2,2,1271,24,27,1,10.51,0,1,1,3,20364617
Sector 89,Villa,4,4,1397,3,33,4,12.92,1,0,0,2,31880487
Sector 67,Apartment,3,4,1559,9,33,1,12.62,1,1,0,1,29524719
Palam Vihar,Apartment,2,3,1284,18,4,3,10.81,1,0,1,4,19920305
Sohna Road,Penthouse,4,4,2407,13,30,3,7.55,1,1,1,4,47727600
Palam Vihar,Builder Floor,3,3,1649,22,44,1,4.17,1,0,0,5,30973927
Sector 85,Apartment,3,3,2784,23,15,0,13.17,0,1,0,2,42533578
South City 1,Builder Floor,4,5,2386,12,29,0,11.67,1,0,1,4,38221707
DLF Phase 2,Apartment,4,4,2529,9,28,1,12.58,1,0,1,2,41738672
Sector 85,Apartment,3,4,1855,21,32,2,2.2,1,0,1,4,30893714
Sector 85,Apartment,3,4,1888,5,36,2,4.79,1,1,0,1,36776622
Sector 54,Villa,3,4,1815,12,30,2,6.43,1,1,0,5,38958637
DLF Phase 1,Villa,4,5,1233,20,42,3,12.59,1,0,1,1,24731400
Sector 70,Apartment,3,4,1384,10,43,1,13.4,1,0,0,1,28308024
Sector 83,Apartment,3,3,1667,21,38,1,4.34,1,1,1,3,28609535
Sector 54,Apartment,4,4,2855,24,42,3,10.33,1,1,0,1,49104220
DLF Phase 1,Penthouse,4,5,2232,14,12,1,1.26,1,0,1,5,43860784
Golf Course Extension Road,Penthouse,2,3,967,1,3,1,6.2,0,0,1,5,33183070
Sector 83,Builder Floor,2,3,1464,14,15,3,7.35,1,0,1,4,26632454
Sector 70,Builder Floor,2,3,1578,18,10,3,11.51,0,0,1,1,26290730
Sector 82,Builder Floor,4,4,1541,16,22,3,13.39,1,0,1,2,33923351
Sector 70,Apartment,3,4,1840,19,23,1,5.13,1,1,1,3,36496660
New Gurgaon,Apartment,2,3,452,17,11,2,7.96,0,1,1,3,12047917
Sector 54,Apartment,2,2,1112,5,16,1,9.75,0,0,1,3,21373023
Sector 83,Builder Floor,2,2,1727,14,16,4,5.0,1,1,0,5,29178756
Sector 89,Builder Floor,2,2,1225,16,14,1,14.78,1,1,1,5,20414420
Sector 84,Apartment,2,2,813,23,6,1,13.15,1,1,1,4,15127623
Golf Course Road,Villa,3,4,1230,21,42,3,4.52,1,1,0,1,48075632
Sector 54,Apartment,1,2,469,8,17,4,7.67,1,1,1,5,8375700
Sector 84,Apartment,2,3,1011,11,31,2,3.54,1,1,1,3,15360962
Sector 57,Builder Floor,4,5,1340,21,42,1,7.77,1,1,1,5,30145063
Sector 85,Builder Floor,4,5,2584,22,10,2,10.28,1,0,1,1,43438314
Sector 84,Builder Floor,2,3,1352,4,20,3,1.37,1,0,1,5,32519495
Sector 65,Apartment,2,3,1101,13,9,2,13.06,1,1,0,1,22163518
South City 1,Apartment,3,4,2659,23,15,1,8.95,1,1,1,4,47580647
Palam Vihar,Builder Floor,3,4,1619,7,39,1,14.85,0,0,1,5,26861070
Palam Vihar,Apartment,1,1,768,24,2,3,0.48,0,1,0,1,14863649
DLF Phase 5,Apartment,2,3,811,21,4,2,12.49,0,0,0,1,29738718
Sector 54,Builder Floor,2,2,1283,16,24,2,11.9,1,0,0,2,23917024
DLF Phase 4,Apartment,3,3,1989,8,18,1,2.08,1,1,1,4,56438054
DLF Phase 4,Builder Floor,4,4,2002,2,11,2,5.1,1,1,0,5,52488310
DLF Phase 3,Builder Floor,4,4,2493,24,37,4,13.28,1,1,0,2,51611691
South City 1,Apartment,3,4,1497,6,26,1,7.82,1,0,1,5,35595265
Sector 84,Apartment,3,3,1668,11,8,2,6.08,1,1,0,3,28148185
Golf Course Extension Road,Builder Floor,3,3,1681,2,22,1,13.59,1,1,0,3,46013255
DLF Phase 4,Apartment,3,4,1209,8,5,1,1.49,1,0,1,1,38704906
South City 1,Builder Floor,2,2,1346,13,2,3,7.15,1,0,1,2,28110304
Sector 67,Builder Floor,3,4,2048,22,5,3,9.82,1,0,1,1,35531840
Sector 65,Builder Floor,4,5,2190,22,35,2,9.17,0,1,1,1,40559665
DLF Phase 1,Penthouse,3,4,1901,22,32,1,4.04,0,1,0,1,37340483
New Gurgaon,Apartment,4,5,1884,17,44,1,8.49,0,1,1,3,42403906
Sector 89,Apartment,3,3,1274,10,19,3,10.66,1,1,1,1,26164041
New Gurgaon,Apartment,3,4,1632,3,39,1,8.81,1,1,1,1,34588247
Sector 92,Apartment,1,1,696,7,4,3,10.3,1,1,1,1,12922024
Sector 85,Apartment,3,3,1768,17,23,1,3.92,0,0,0,1,36836072
Sector 54,Apartment,4,5,2154,12,19,3,12.51,1,0,1,2,46121712
Sector 92,Villa,3,3,1940,3,26,3,6.8,1,0,1,5,38571258
DLF Phase 3,Apartment,2,3,943,9,26,0,14.81,1,1,1,2,30171772
Sector 84,Apartment,2,2,856,7,7,3,0.45,0,0,1,4,22591411
Sector 65,Apartment,3,3,1651,11,32,1,5.77,1,0,1,2,29779962
Sector 56,Apartment,3,3,1442,18,33,1,2.79,1,0,1,4,28303292
Sohna Road,Apartment,3,3,1300,11,44,2,8.38,1,1,1,3,30386589
Sector 82,Apartment,5,6,3632,21,26,2,3.72,0,1,0,5,62123918
DLF Phase 5,Apartment,4,5,3633,1,24,1,11.09,0,1,1,1,83931333
DLF Phase 4,Apartment,3,3,1147,23,23,2,13.24,1,1,1,4,39484334
New Gurgaon,Villa,1,1,541,7,38,1,3.24,1,1,1,3,9808029
Sector 92,Villa,1,1,624,12,26,0,2.49,0,0,1,5,14772418
Sector 89,Builder Floor,3,3,1077,0,31,2,13.14,1,0,1,4,25693946
New Gurgaon,Apartment,4,5,2275,2,6,2,5.48,0,0,1,3,43418742
DLF Phase 4,Villa,3,3,1736,1,31,2,6.58,1,0,0,1,44580532
Sector 82,Villa,3,3,2001,22,40,2,3.39,1,1,1,3,35493909
Sector 84,Apartment,1,1,491,22,12,3,6.44,0,0,0,3,4550549
Sector 65,Builder Floor,5,6,2604,19,17,2,3.55,1,1,0,1,49709165
DLF Phase 3,Apartment,5,5,3680,7,26,0,10.02,1,0,0,4,74999326
Sector 56,Builder Floor,3,4,1976,2,3,2,7.53,1,0,1,3,42145065
Sector 82,Penthouse,2,3,1403,24,15,2,11.84,0,1,0,1,18553787
Sector 56,Apartment,3,3,1063,20,38,2,4.76,1,0,0,4,19257870
South City 1,Villa,4,4,2025,14,24,2,7.63,1,1,1,1,38598708
Sector 85,Builder Floor,3,3,2436,1,30,1,3.97,1,0,1,2,52624177
DLF Phase 1,Penthouse,3,4,1764,24,44,1,14.02,1,0,1,4,26486451
DLF Phase 3,Apartment,2,3,1164,16,36,2,7.88,1,1,0,2,25716320
New Gurgaon,Villa,2,2,1176,23,44,1,2.68,1,1,0,3,25134395
Sector 65,Apartment,2,3,1639,5,27,2,4.16,1,0,0,3,29035484
DLF Phase 1,Apartment,4,4,1982,0,22,2,1.34,1,1,1,3,40402238
DLF Phase 3,Apartment,3,3,2082,3,2,2,0.51,0,1,1,4,51903672
DLF Phase 3,Penthouse,4,4,2547,18,7,2,7.94,1,0,1,5,59314923
DLF Phase 5,Builder Floor,2,2,817,6,16,0,5.12,0,0,1,4,37672050
Sector 89,Villa,5,5,2790,22,24,4,14.46,1,1,1,4,54467021
DLF Phase 1,Villa,4,4,1933,21,30,2,2.65,1,1,0,5,36865573
DLF Phase 4,Apartment,2,3,843,13,44,2,11.93,0,0,1,4,33534045
DLF Phase 4,Apartment,4,5,3069,13,1,1,4.81,0,0,0,2,70622365
Sector 84,Apartment,2,3,858,9,27,1,3.43,0,0,0,5,22334736
Sector 70,Apartment,2,2,1409,23,9,2,14.55,0,0,0,5,26445904
Sector 85,Apartment,2,2,958,6,7,1,12.06,1,0,1,2,15765486
DLF Phase 1,Apartment,4,4,3160,15,5,1,9.5,1,1,1,5,61642924
Palam Vihar,Apartment,4,5,2164,3,30,1,10.49,0,1,1,5,42150936
Sector 83,Apartment,2,2,1293,6,42,2,14.87,0,1,1,2,18745757
DLF Phase 3,Apartment,3,4,1562,14,27,2,8.94,1,0,1,1,45121526
South City 1,Apartment,3,3,889,16,10,2,1.62,0,0,0,1,22062401
New Gurgaon,Penthouse,4,5,1466,2,25,3,1.07,1,0,1,1,28982347
Sector 57,Builder Floor,2,2,668,15,18,1,10.03,0,1,1,2,11763718
South City 1,Penthouse,3,3,1906,1,7,2,9.9,1,0,1,3,34519442
DLF Phase 4,Apartment,3,4,1787,6,31,1,11.25,1,0,0,4,47332301
New Gurgaon,Apartment,1,2,683,24,32,2,1.72,0,0,1,5,17570542
DLF Phase 5,Builder Floor,3,4,1514,15,11,2,14.18,0,1,1,2,45860974
Sector 54,Apartment,3,3,888,20,10,1,8.31,1,1,1,4,18646800
New Gurgaon,Apartment,2,3,1564,8,22,1,9.78,0,0,1,2,30354101
Sector 57,Apartment,5,6,3692,11,31,3,0.62,1,1,1,5,68995343
DLF Phase 3,Apartment,1,1,652,23,41,1,14.42,0,1,1,3,25754624
Golf Course Road,Apartment,5,5,3777,0,14,2,8.48,1,0,1,2,92145624
Sector 54,Apartment,2,3,1171,13,3,3,8.49,1,0,1,4,25853935
Sector 57,Builder Floor,1,1,637,10,24,2,14.16,1,1,1,4,17329206
Sector 82,Apartment,2,3,1002,17,14,2,13.95,0,0,1,5,15758131
South City 1,Apartment,4,5,1800,21,16,3,3.38,1,1,1,1,39636789
DLF Phase 3,Builder Floor,4,5,1517,4,28,1,13.97,1,0,0,5,41337711
DLF Phase 1,Apartment,2,2,989,14,35,1,11.08,1,1,0,5,19455435
Sector 92,Apartment,2,3,1945,6,40,3,0.38,1,0,1,1,30176613
Palam Vihar,Villa,3,4,1161,24,2,3,3.67,0,1,1,3,22965519
Sector 89,Apartment,3,3,1406,13,34,1,6.25,0,1,1,2,31837583
Sector 70,Apartment,4,5,2463,19,18,1,8.78,0,0,1,4,47535793
Sector 84,Apartment,1,2,935,7,7,1,10.55,0,0,0,2,13976931
Palam Vihar,Apartment,3,4,1359,3,38,3,3.23,0,0,1,2,29936646
Sector 70,Apartment,4,4,2047,2,42,2,12.57,0,1,1,4,43293394
Sector 84,Builder Floor,5,6,3470,11,7,3,12.7,0,1,0,1,65172002
Sector 70,Apartment,3,3,2058,17,4,4,9.56,0,0,1,4,38105112
Sector 65,Apartment,2,2,1005,23,43,3,13.82,0,1,1,1,19750317
Sector 83,Apartment,2,3,966,14,16,2,12.21,0,1,1,1,17482552
DLF Phase 1,Apartment,3,4,1988,10,6,1,3.4,0,0,1,5,33474560
Sector 67,Builder Floor,3,3,1672,23,20,1,12.0,1,1,1,3,27216747
Golf Course Road,Apartment,4,5,2560,10,31,2,14.3,0,1,1,5,68557057
Sector 84,Apartment,4,5,2305,11,19,1,2.15,0,1,1,3,39616837
Sector 65,Apartment,3,3,1947,18,22,1,14.68,0,0,1,1,29158967
South City 1,Apartment,3,4,1991,16,21,2,0.47,1,1,1,5,36277793
Sector 89,Apartment,3,4,981,5,18,2,7.88,1,1,1,2,20091546
Golf Course Road,Builder Floor,2,2,1070,20,32,3,11.63,0,1,1,4,36255618
Golf Course Extension Road,Apartment,1,2,646,7,34,1,11.88,1,0,1,4,29332033
DLF Phase 1,Apartment,3,3,2140,14,27,1,11.05,1,1,0,4,40859719
DLF Phase 1,Apartment,2,2,1107,21,38,2,7.99,1,1,0,3,19116417
DLF Phase 5,Builder Floor,2,3,683,19,44,4,9.8,1,1,0,4,33688977
Golf Course Road,Apartment,2,2,1549,9,30,3,10.53,1,0,0,3,48001169
Sector 83,Builder Floor,2,3,1439,14,33,1,7.47,0,1,1,3,24615160
Sector 83,Builder Floor,1,2,614,11,27,1,8.98,1,1,0,3,14239879
Sector 70,Villa,3,3,1604,10,23,3,12.71,1,1,1,2,31829341
DLF Phase 1,Apartment,3,3,2052,17,43,1,4.76,1,0,1,1,33590802
Sector 67,Apartment,3,3,1608,23,19,1,7.9,1,0,1,2,32501291
Sector 92,Villa,3,3,2167,4,31,1,0.23,0,0,1,1,41553559
Sector 56,Penthouse,5,5,4257,11,4,2,10.34,0,0,1,2,76594817
Sector 56,Villa,2,2,1063,23,19,2,3.01,1,0,1,3,20376432
Sector 57,Apartment,3,4,2127,4,38,1,7.27,1,1,1,1,40559708
Sector 67,Apartment,2,3,1016,21,40,2,3.23,1,1,1,4,20410837
DLF Phase 3,Apartment,3,3,2231,9,22,1,0.45,1,0,1,2,52983266
Sector 85,Builder Floor,5,6,2827,13,9,2,7.3,0,1,1,1,50855959
Sector 92,Apartment,4,4,3210,15,31,2,6.43,1,1,1,4,59506580
DLF Phase 2,Apartment,3,3,1683,4,10,2,6.43,1,1,1,5,29987257
Sector 84,Builder Floor,3,4,1422,10,10,1,3.21,1,1,1,3,28645044
Sector 89,Apartment,3,4,1659,18,30,2,14.21,1,1,1,2,35215137
South City 1,Villa,1,1,568,7,10,2,0.15,1,0,1,2,9049209
Sector 67,Apartment,3,3,1899,18,36,2,13.38,0,1,1,5,32249977
Sector 67,Apartment,3,3,1661,19,18,2,11.08,0,0,1,1,27632737
DLF Phase 1,Apartment,3,4,1903,21,44,2,2.66,0,1,1,2,32968412
DLF Phase 2,Builder Floor,2,2,1273,17,43,0,7.14,1,1,1,2,21970796
DLF Phase 1,Apartment,4,4,2160,22,19,1,14.83,0,0,0,2,38010853
DLF Phase 5,Apartment,1,2,645,20,43,1,9.69,0,1,0,2,31832202
DLF Phase 3,Villa,2,3,1035,11,23,2,2.0,1,0,1,5,35449433
Golf Course Extension Road,Apartment,3,4,2639,12,4,2,6.92,0,0,0,3,59451866
Palam Vihar,Apartment,2,2,1283,20,12,3,7.08,0,0,1,2,21627533
Sector 67,Apartment,4,4,2742,20,24,2,12.05,1,1,1,5,47522345
South City 1,Apartment,3,4,1717,17,13,3,13.75,1,0,1,4,33850090
Sector 85,Builder Floor,4,4,1996,14,4,1,1.33,1,1,1,2,41778330
New Gurgaon,Apartment,2,2,1434,14,27,1,4.78,1,1,1,1,27404814
Golf Course Extension Road,Apartment,4,5,2584,11,38,3,4.55,1,1,0,5,61199735
DLF Phase 1,Apartment,4,5,936,8,39,1,14.94,1,1,1,1,24344786
DLF Phase 5,Builder Floor,3,3,2608,18,8,2,8.43,1,1,1,3,64002837
Sector 84,Apartment,2,3,1406,11,26,1,13.21,0,0,1,4,22692619
Sohna Road,Apartment,4,5,2186,22,34,3,6.45,1,0,1,1,44953112
Sector 82,Apartment,1,1,684,4,9,2,10.87,1,1,1,2,8329735
Sector 92,Apartment,3,3,1977,20,10,1,4.37,0,1,0,5,33636870
DLF Phase 4,Apartment,2,2,1338,19,1,2,13.69,0,0,1,4,34340103
DLF Phase 2,Apartment,1,1,478,9,8,1,6.88,0,1,1,5,8734384
DLF Phase 5,Builder Floor,2,2,1219,21,10,3,12.08,1,0,1,4,37578510
DLF Phase 1,Apartment,3,3,1926,6,43,1,3.91,1,1,0,1,34897878
DLF Phase 5,Villa,3,4,2317,22,25,2,10.43,0,1,0,3,60015071
Golf Course Road,Penthouse,2,3,1228,10,31,1,6.14,1,1,1,5,47542012
DLF Phase 2,Apartment,4,5,2641,7,39,3,0.57,1,1,1,2,49714535
DLF Phase 1,Apartment,3,3,1417,20,3,3,6.25,1,1,1,5,30542578
DLF Phase 4,Apartment,5,5,3047,6,39,3,8.3,1,1,1,3,75609205
Golf Course Extension Road,Builder Floor,5,5,3606,15,38,3,2.36,0,1,1,1,72333756
Palam Vihar,Apartment,4,4,2016,15,35,1,2.84,1,0,0,2,37904678
DLF Phase 1,Apartment,5,5,2728,13,8,3,7.03,1,0,1,2,54904496
DLF Phase 1,Apartment,3,4,1395,14,1,2,5.21,1,1,0,1,29606021
Sohna Road,Villa,4,4,1640,19,5,3,6.67,0,0,1,5,35563091
Sector 92,Builder Floor,2,3,958,8,27,2,6.97,0,0,1,2,16848093
Sector 83,Apartment,3,3,2036,15,26,1,2.19,1,1,1,5,39949525
New Gurgaon,Builder Floor,4,5,2262,15,43,2,2.8,0,1,1,5,39638210
Sector 67,Apartment,3,4,1439,4,26,1,12.74,1,0,0,1,27654050
South City 1,Apartment,4,5,3620,2,11,2,2.52,1,0,1,3,71302080
South City 1,Villa,4,5,2007,20,34,2,10.02,0,1,1,3,41385942
Sector 85,Apartment,2,3,1374,24,41,1,6.34,1,1,1,5,25531923
Sector 92,Apartment,4,5,2586,12,2,4,14.53,1,1,1,1,46563182
Sector 56,Apartment,2,3,1269,7,21,3,1.08,1,0,1,3,30020650
Sector 65,Villa,2,2,687,16,26,3,12.47,1,1,1,5,15006062
DLF Phase 1,Builder Floor,3,3,2333,4,12,3,7.42,1,1,0,2,41836397
Sector 56,Builder Floor,2,3,1289,5,9,2,0.18,1,1,0,2,30590034
Sector 57,Builder Floor,3,3,2185,1,41,2,4.03,1,0,1,4,42210934
DLF Phase 3,Apartment,3,3,2278,21,23,1,6.17,1,0,1,4,50942493
Sector 89,Apartment,2,3,1679,13,42,3,4.78,0,1,0,4,26073318
Sector 57,Apartment,4,4,1840,24,5,3,5.5,1,1,1,3,35489620
Sector 56,Apartment,3,4,1498,3,9,2,13.76,1,1,0,2,32411382
Sector 89,Apartment,2,2,1037,2,10,3,5.48,0,1,0,2,21196593
Sector 83,Villa,2,3,957,8,10,2,6.34,1,1,1,3,20616982
Sector 85,Apartment,4,4,3140,17,14,2,11.44,1,0,1,2,51345123
Sector 70,Apartment,4,5,1838,11,36,4,11.93,0,1,0,2,39710117
DLF Phase 3,Apartment,2,2,1093,8,10,2,1.35,1,1,1,5,32632148
DLF Phase 2,Apartment,1,1,450,17,37,2,10.59,0,1,0,2,7443472
DLF Phase 1,Villa,4,4,2809,12,41,1,7.29,1,1,1,5,56397779
Sector 85,Apartment,3,4,1746,13,38,2,2.09,1,1,1,4,40696365
Sector 57,Apartment,2,3,1447,9,22,2,4.04,0,0,1,1,24157667
Sector 67,Builder Floor,3,3,2094,2,23,2,0.77,1,1,1,5,41090008
DLF Phase 2,Apartment,3,3,1110,6,16,2,5.47,1,1,0,2,26823313
Golf Course Extension Road,Apartment,4,5,2503,17,11,1,3.91,1,1,0,4,57587285
Sector 83,Apartment,2,2,894,15,35,2,5.79,1,0,0,1,19958462
New Gurgaon,Apartment,3,3,1859,16,20,3,8.75,1,0,1,1,35869157
Sector 89,Penthouse,2,3,1035,24,37,0,11.01,0,1,0,4,19314417
Sector 82,Builder Floor,5,6,4283,5,41,1,9.12,1,1,1,4,76822418
Palam Vihar,Apartment,4,4,3891,24,5,1,10.21,1,0,0,1,63914685
Sector 54,Builder Floor,4,5,2262,11,36,3,13.0,0,1,0,1,44005430
DLF Phase 1,Apartment,3,3,1841,18,13,2,13.12,0,0,1,2,32407774
New Gurgaon,Apartment,3,3,840,2,17,4,12.92,1,1,1,5,17718489
Golf Course Extension Road,Apartment,5,6,1848,2,26,2,2.38,1,0,0,5,59311417
Sector 92,Apartment,2,2,1308,17,44,2,3.84,1,1,1,1,24589549
Sohna Road,Apartment,4,5,2381,10,20,3,7.58,1,1,1,1,46567351
Sector 56,Apartment,2,3,1317,5,39,1,5.45,1,0,0,3,29042088
DLF Phase 5,Villa,2,2,976,18,33,1,2.06,0,1,1,1,36216063
Sector 57,Apartment,3,4,1927,4,30,2,4.39,1,0,1,5,35612044
DLF Phase 1,Apartment,4,4,983,12,16,1,14.63,1,1,1,2,22821422
DLF Phase 2,Apartment,4,5,2058,4,7,1,5.27,0,1,1,3,45938573
Sector 89,Apartment,3,3,1995,2,30,1,6.34,1,1,1,5,36380066
Sector 70,Apartment,3,4,2512,18,2,1,0.2,1,0,1,2,39175019
Sector 92,Apartment,5,5,2918,16,12,1,10.82,1,0,1,3,52637601
Sector 56,Builder Floor,2,2,1365,21,43,3,6.26,1,1,1,3,26135227
Sector 57,Apartment,4,5,2025,2,40,1,1.64,1,0,1,3,46357827
Sector 56,Apartment,3,3,1986,14,1,1,14.53,1,1,0,3,35604129
Golf Course Road,Apartment,3,3,1592,16,3,1,11.68,1,0,1,3,50294488
Sector 84,Apartment,1,1,873,12,8,2,10.92,1,0,1,3,10098199
Golf Course Road,Apartment,3,3,1661,13,26,2,14.37,0,0,0,4,50084305
DLF Phase 4,Builder Floor,2,2,1152,15,40,3,6.17,1,1,1,2,31597552
Sector 92,Apartment,2,2,1416,24,11,3,10.81,1,1,1,5,28017282
DLF Phase 3,Apartment,2,3,1340,10,21,1,3.17,1,0,1,1,32195647
South City 1,Apartment,3,4,1646,16,5,1,10.49,1,0,1,5,29145945
Sector 89,Apartment,3,4,1972,4,40,1,0.31,1,0,0,4,35184799
Sector 85,Apartment,4,5,1809,20,26,4,1.98,0,0,1,4,37089783
DLF Phase 4,Builder Floor,2,2,1263,14,21,2,6.44,1,1,0,3,39298102
Sohna Road,Apartment,3,3,2030,17,9,0,0.28,1,1,1,4,41479994
Sector 84,Builder Floor,3,4,1622,15,17,1,6.98,1,1,1,5,32301351
DLF Phase 5,Apartment,3,3,1644,13,37,2,7.89,1,1,1,4,48248169
Sector 67,Builder Floor,4,5,2047,13,2,1,9.36,1,1,1,5,44226774
DLF Phase 1,Apartment,3,3,1196,12,40,3,1.6,0,1,0,3,27063299
Sector 67,Builder Floor,4,4,2632,0,28,2,2.8,0,1,0,3,50695122
DLF Phase 4,Apartment,3,4,1600,5,27,2,9.24,1,1,1,4,46984840
Palam Vihar,Villa,3,3,2033,22,40,2,9.91,0,0,1,1,31602564
Sector 70,Apartment,3,4,1723,10,1,1,0.49,1,1,1,3,37216351
DLF Phase 3,Apartment,4,5,2744,10,11,2,8.15,1,1,1,2,61451207
DLF Phase 5,Apartment,5,6,1800,24,39,2,11.8,1,1,1,2,51534145
Golf Course Extension Road,Builder Floor,3,3,1318,15,18,1,1.13,1,1,1,3,39323447
DLF Phase 1,Apartment,4,4,1928,23,27,2,6.26,1,0,0,4,39884007
South City 1,Builder Floor,1,2,767,2,10,3,4.97,0,0,1,3,22286513
Sector 65,Apartment,4,4,2625,24,36,1,13.71,1,1,1,4,45758826
Sector 54,Apartment,2,3,1126,16,21,2,2.87,1,1,0,5,25252430
Sohna Road,Apartment,2,3,1066,21,28,1,4.84,1,1,1,1,18993748
Golf Course Road,Penthouse,1,1,683,13,1,2,13.49,0,0,0,1,31621567
Palam Vihar,Builder Floor,5,6,2587,1,14,0,5.03,1,0,1,5,54487916
DLF Phase 2,Villa,4,4,2811,24,20,2,8.02,1,1,1,5,55031635
Sector 89,Apartment,4,4,2279,8,9,1,0.59,0,1,1,5,49041014
Sector 92,Apartment,4,4,3124,7,27,1,14.78,1,1,0,1,56568638
Sector 92,Builder Floor,3,4,1403,10,4,2,12.39,1,1,1,3,26411764
Sector 70,Apartment,5,6,2910,6,37,2,9.55,1,1,0,2,58139912
DLF Phase 1,Villa,5,5,2356,21,18,3,1.01,1,1,1,4,53267520
Sector 56,Villa,3,3,2483,1,31,2,1.22,1,0,0,2,47535792
Sector 83,Villa,2,3,1205,3,39,2,8.22,1,0,0,4,26170147
DLF Phase 4,Builder Floor,3,3,1376,22,10,2,4.35,1,1,1,1,42579840
Sector 54,Apartment,5,5,2368,13,9,1,9.38,1,0,1,3,46137477
Sector 83,Apartment,4,5,2687,12,28,0,9.01,0,1,0,2,50173533
Sector 92,Penthouse,4,5,1381,21,28,1,12.6,0,1,1,5,28649946
DLF Phase 1,Apartment,5,6,2875,24,13,1,4.29,0,0,0,5,49001914
Sector 83,Builder Floor,4,4,1922,12,18,1,8.71,0,0,0,5,41435207
Sector 89,Builder Floor,4,5,2310,12,12,3,11.68,1,0,0,2,45620881
New Gurgaon,Builder Floor,3,4,1842,4,8,3,7.41,0,1,1,3,30667533
Palam Vihar,Penthouse,2,3,1172,11,23,3,12.48,1,0,1,3,14884864
Sector 57,Apartment,3,4,1688,5,5,4,2.06,1,0,0,5,34980781
Sector 57,Apartment,3,4,1869,21,7,2,11.04,1,1,0,2,35410305
Sector 57,Apartment,4,5,3379,13,15,1,14.15,0,0,1,5,56672017
Sector 84,Apartment,3,4,2335,7,3,2,5.05,1,0,1,4,41076870
Sector 65,Apartment,2,2,1105,23,18,3,5.56,0,0,1,4,19354850
Sector 67,Apartment,1,2,701,21,38,2,1.34,1,0,1,2,12236698
Sohna Road,Builder Floor,3,3,2083,7,26,2,9.66,1,1,1,4,38577671
Sector 83,Villa,3,3,1640,6,38,1,8.33,1,1,1,1,28729771
Sector 85,Apartment,2,3,1191,16,33,2,0.7,1,0,1,1,23666983
DLF Phase 1,Apartment,2,2,1350,20,21,1,11.31,1,1,1,1,22716085
DLF Phase 1,Villa,3,4,1493,10,17,1,12.46,1,0,0,4,24507137
Sector 65,Apartment,2,2,1132,9,43,3,13.62,0,1,1,3,22483800
Golf Course Road,Apartment,2,3,1144,12,2,1,8.23,1,1,1,1,42848317
Sector 57,Apartment,3,3,1686,9,25,4,6.84,1,1,0,5,31722378
South City 1,Apartment,3,4,1670,20,41,0,13.15,1,0,1,3,30515967
DLF Phase 5,Apartment,3,4,1985,13,19,3,6.04,1,0,1,2,54541395
Sector 83,Penthouse,2,2,1207,8,38,2,9.87,1,1,0,4,22001607
Sector 85,Apartment,4,4,2758,6,25,2,9.27,1,0,0,5,48775508
Sector 84,Apartment,3,4,2858,6,39,1,5.65,0,1,0,2,50793272
Sector 85,Apartment,2,2,1050,17,4,2,1.39,1,0,1,4,24578581
DLF Phase 1,Apartment,2,3,1260,15,3,3,0.42,0,0,1,4,24469655
Sector 89,Builder Floor,2,2,1342,7,34,1,6.48,0,1,1,5,23550414
Palam Vihar,Builder Floor,2,3,1505,15,42,1,7.27,1,1,0,4,29815684
Sohna Road,Builder Floor,1,1,660,18,10,1,12.36,0,1,1,4,10246101
DLF Phase 3,Apartment,3,4,1341,14,27,1,6.27,1,0,0,4,33187766
DLF Phase 5,Villa,3,3,1521,24,26,1,4.29,1,0,0,3,46717073
South City 1,Builder Floor,3,4,1861,14,27,2,6.99,1,1,1,1,33378560
Sohna Road,Builder Floor,4,4,2013,5,1,1,3.65,0,1,1,5,43996396
Sector 89,Apartment,1,2,450,8,44,2,1.46,0,1,1,3,5164699
Sector 85,Apartment,5,5,2435,14,20,3,1.78,1,1,0,5,50127782
Sector 85,Apartment,2,2,975,24,25,2,4.86,1,0,1,3,21401491
New Gurgaon,Builder Floor,3,4,1376,6,10,1,0.29,0,1,1,4,29397573
DLF Phase 1,Apartment,2,2,1907,7,1,2,3.38,0,1,1,4,33961114
Sector 82,Apartment,4,4,2576,17,16,1,11.83,0,1,0,3,43507348
Sector 85,Villa,3,4,1848,20,11,1,3.6,0,0,1,4,33598317
Golf Course Extension Road,Villa,2,3,1457,15,4,1,1.75,1,1,1,1,35032139
Sector 83,Villa,3,4,2555,14,35,3,14.24,1,1,1,5,41782852
Sector 83,Apartment,1,2,654,2,13,2,9.37,1,1,1,4,10440396
Sector 82,Builder Floor,4,4,2969,0,21,1,0.99,1,0,1,2,60331999
Golf Course Road,Apartment,3,3,1589,12,15,2,1.03,0,0,1,3,48944926
Sector 57,Apartment,2,2,946,21,10,1,9.22,1,1,1,3,15138487
Golf Course Extension Road,Apartment,3,4,2181,11,38,4,8.15,1,1,0,4,48465338
Sector 70,Apartment,1,1,724,8,11,4,1.12,0,0,0,3,18466370
Sector 54,Apartment,3,3,2134,1,32,1,3.44,1,0,1,2,39017551
New Gurgaon,Builder Floor,2,3,1235,8,33,1,13.94,1,1,1,3,19037318
Sector 83,Apartment,3,3,1472,7,20,2,8.62,1,1,1,2,27868229
Golf Course Road,Builder Floor,5,5,2663,24,36,2,6.66,1,0,1,3,69759029
Palam Vihar,Apartment,2,3,1523,4,30,1,3.83,1,0,1,3,32012302
Sector 83,Apartment,5,5,2586,12,10,2,2.09,1,1,0,2,51156822
Sector 92,Apartment,3,4,1878,1,15,1,6.1,0,0,1,5,33518595
Sector 83,Apartment,2,3,984,9,29,2,13.84,0,0,0,1,21843195
Sector 65,Apartment,3,3,1719,5,1,1,0.83,1,1,0,2,36242264
Sector 84,Apartment,4,4,1794,6,21,2,14.87,0,0,0,1,31885572
DLF Phase 5,Apartment,3,3,1768,2,15,2,3.2,1,0,1,3,54911725
Sector 67,Apartment,2,3,1066,13,3,2,6.19,1,1,1,5,17744909
Sohna Road,Apartment,2,3,722,15,33,2,0.77,0,1,0,2,10867225
DLF Phase 5,Villa,4,4,2766,5,38,2,8.81,1,0,1,5,66610923
Sector 65,Apartment,3,3,2055,21,19,1,7.3,1,0,1,2,38232700
Sector 57,Builder Floor,3,4,1823,7,4,1,10.03,0,0,1,4,38911924
DLF Phase 3,Builder Floor,2,2,885,0,12,1,8.19,1,0,1,2,25700340
DLF Phase 3,Villa,4,4,1778,19,25,1,6.03,1,1,0,1,45206854
DLF Phase 1,Builder Floor,5,6,4631,14,34,2,11.09,0,1,0,4,85087397
Palam Vihar,Apartment,1,1,450,16,17,1,0.47,0,1,0,3,10913730
Sector 85,Builder Floor,2,2,894,23,6,1,8.16,0,0,1,2,13431030
Sector 65,Villa,4,4,3603,17,12,3,1.8,0,0,1,1,65125105
Sector 57,Apartment,4,4,3779,23,15,2,6.6,0,0,0,3,65614635
Sector 57,Apartment,3,4,2513,2,17,2,11.89,1,0,1,1,42531963
Sector 85,Apartment,5,6,3372,23,1,1,2.22,0,0,1,3,54221650
Sector 85,Builder Floor,3,4,1532,5,14,1,14.04,0,0,1,2,26796770
Golf Course Extension Road,Builder Floor,2,3,728,16,2,2,13.34,0,1,1,5,26370590
DLF Phase 4,Apartment,4,4,2627,22,4,3,6.28,1,1,1,3,59953029
Sector 67,Apartment,3,3,1479,12,2,1,0.19,1,1,1,5,30356465
Sector 84,Apartment,5,5,4016,22,26,2,11.87,1,0,1,3,74709363
DLF Phase 2,Apartment,2,2,681,21,40,4,13.23,1,1,0,5,15159716
Sector 70,Penthouse,3,4,1884,16,33,2,2.7,1,0,1,2,32383262
DLF Phase 3,Apartment,4,4,2920,20,39,2,13.75,1,0,0,1,56218867
DLF Phase 5,Apartment,2,2,1483,15,6,2,13.72,0,0,1,2,44891249
Sector 70,Apartment,3,4,2150,16,30,3,7.12,0,0,1,3,38299740
DLF Phase 3,Builder Floor,4,5,2590,0,22,2,11.99,0,0,0,4,60110965
South City 1,Apartment,3,4,1853,15,27,3,6.73,1,0,0,1,35450850
Golf Course Extension Road,Builder Floor,3,3,2181,5,19,2,8.5,0,0,0,5,51449916
Sector 85,Apartment,4,5,2590,7,10,3,4.87,0,1,1,1,56906531
Sector 67,Apartment,2,2,1304,0,6,4,2.48,1,0,1,1,25391833
South City 1,Apartment,5,5,3024,1,26,2,11.22,1,0,1,2,54080402
Palam Vihar,Apartment,3,4,1638,14,42,2,0.12,1,1,0,3,33906282
Sector 56,Apartment,3,4,1233,4,3,2,8.74,1,0,0,2,26475099
Sector 67,Villa,3,4,1305,23,3,3,12.98,1,1,1,3,26876640
Sector 83,Builder Floor,5,5,2731,19,6,3,3.4,1,0,0,4,51583898
Sector 57,Penthouse,2,2,1166,14,10,0,5.06,1,1,0,2,20184071
DLF Phase 2,Apartment,2,2,929,20,38,2,8.85,1,1,1,4,21958424
South City 1,Penthouse,2,3,908,9,13,3,3.78,0,1,1,3,23039794
DLF Phase 5,Apartment,2,2,1097,4,38,2,12.73,1,0,1,1,38001596
Palam Vihar,Apartment,3,3,2178,2,12,2,5.56,0,1,0,4,41964729
Sector 84,Apartment,5,5,1515,5,27,0,8.77,1,1,0,4,37309223
South City 1,Apartment,4,4,1874,20,8,2,3.47,1,1,1,3,37911252
Palam Vihar,Builder Floor,2,3,1245,14,5,3,0.72,0,1,1,3,20971196
DLF Phase 4,Apartment,3,3,2340,17,36,3,2.69,1,1,1,2,50644478
Sector 84,Apartment,3,4,2707,13,38,1,0.79,0,1,1,2,50260163
Sector 57,Apartment,1,2,552,9,43,2,7.08,1,0,0,3,9739056
Sector 92,Apartment,4,4,2200,3,30,3,8.84,1,1,0,4,48470217
DLF Phase 2,Apartment,4,4,2322,10,37,3,0.77,0,1,1,5,42434851
Sector 85,Apartment,4,5,2527,19,29,2,1.45,1,1,1,2,49707506
New Gurgaon,Builder Floor,3,3,1781,6,22,0,7.33,0,1,1,3,30385748
Palam Vihar,Builder Floor,3,4,1848,14,14,2,12.01,1,1,1,5,35884757
Sector 54,Apartment,1,1,450,22,10,3,9.46,1,1,1,5,6683254
Sector 67,Apartment,3,3,1101,8,11,2,1.66,1,0,0,5,19666634
Sohna Road,Apartment,3,4,2100,14,35,3,13.32,1,0,1,5,40561086
DLF Phase 1,Builder Floor,4,4,2292,11,23,2,13.77,0,1,1,1,43627195
Sector 84,Apartment,4,5,2866,17,8,4,4.94,1,1,0,2,54570175
Sector 65,Apartment,5,6,3156,5,21,3,9.28,0,1,0,5,64574218
DLF Phase 4,Apartment,4,4,1597,17,37,2,7.44,1,0,1,5,51019785
New Gurgaon,Apartment,1,2,817,24,28,3,14.14,0,0,1,3,10322489
Sector 67,Apartment,3,3,1813,17,31,3,7.68,1,0,1,3,39878697
Sector 57,Villa,2,2,990,21,28,3,14.4,1,0,1,1,18553448
Golf Course Extension Road,Apartment,2,2,1050,23,42,2,3.07,0,0,1,5,28412715
South City 1,Apartment,3,4,1291,5,27,2,5.25,0,0,1,1,26562688
DLF Phase 5,Builder Floor,3,3,1939,14,40,1,11.74,0,0,1,3,50064148
DLF Phase 5,Builder Floor,3,3,1753,18,21,1,11.78,1,1,0,2,54937901
Sector 84,Apartment,1,2,882,4,9,2,11.01,0,1,0,4,18705537
Sector 57,Apartment,2,3,1345,3,29,2,12.91,0,0,1,4,25874359
Golf Course Road,Apartment,2,3,1748,16,15,1,10.57,1,1,1,1,50572330
Sector 89,Villa,2,3,930,20,33,3,9.58,0,1,1,3,23874470
Sector 83,Apartment,2,2,1107,9,37,2,6.94,1,1,1,4,26233624
New Gurgaon,Villa,3,3,2173,11,36,2,7.06,1,0,1,5,38810368
DLF Phase 2,Builder Floor,4,4,2729,4,28,2,6.15,1,0,0,2,51202127
Sector 56,Apartment,3,3,1793,6,10,1,9.34,1,0,1,3,35752976
Sector 83,Apartment,3,4,1347,11,23,3,6.16,0,0,0,1,24694628
DLF Phase 5,Apartment,2,3,590,22,28,1,2.3,0,1,1,3,29132742
Sector 82,Apartment,5,5,2846,1,34,2,1.69,1,0,0,2,62690870
Sector 67,Apartment,3,4,1725,19,5,2,13.87,0,1,0,3,30637956
Sector 67,Builder Floor,4,5,2471,16,18,2,0.47,1,0,1,1,46386284
Sector 67,Penthouse,5,6,1988,12,6,2,1.67,1,1,0,5,47065291
Sector 82,Apartment,4,5,1907,4,42,1,6.74,1,0,1,3,36772583
Sector 70,Builder Floor,2,3,1309,4,23,1,4.02,0,1,1,1,25593116
Sohna Road,Apartment,3,3,2045,19,28,2,6.15,1,1,1,5,41877502
Sector 54,Apartment,2,2,1256,11,41,3,1.85,1,1,0,4,20496733
Sector 85,Apartment,1,2,551,11,13,2,2.05,1,0,0,3,9557180
DLF Phase 4,Apartment,1,2,450,6,25,1,12.03,1,0,1,5,23954365
Sector 56,Villa,4,4,2934,5,7,1,11.41,1,0,0,4,50717269
DLF Phase 1,Builder Floor,4,4,2807,9,2,2,1.65,1,1,1,3,56966420
DLF Phase 5,Apartment,2,3,1039,18,16,2,10.05,1,0,0,3,40708331
Sector 67,Apartment,3,4,2149,15,2,1,9.18,1,1,1,2,40369025
DLF Phase 1,Apartment,5,6,2951,1,36,2,10.73,0,0,0,3,56413359
South City 1,Apartment,3,3,1513,3,2,1,7.17,0,0,1,3,34945846
Sohna Road,Builder Floor,3,4,2189,8,38,2,4.12,0,1,1,5,40587233
DLF Phase 3,Builder Floor,3,4,1842,4,10,1,9.99,0,0,1,1,44805173
DLF Phase 3,Apartment,4,5,2160,0,14,3,5.63,0,0,1,2,54736604
Golf Course Extension Road,Apartment,3,4,1261,10,27,1,3.36,1,1,0,3,38248368
DLF Phase 4,Apartment,4,5,1733,18,15,2,6.19,1,1,1,5,51355178
DLF Phase 3,Apartment,3,4,2155,24,21,4,11.47,1,0,1,5,45198832
Sector 82,Apartment,2,3,1326,22,12,1,7.19,0,0,0,1,25036345
Sohna Road,Apartment,2,3,872,2,43,2,4.57,1,1,0,4,14718159
DLF Phase 3,Builder Floor,2,2,867,0,33,1,12.49,1,1,0,3,28475916
Golf Course Extension Road,Builder Floor,3,3,2683,3,40,1,13.24,1,0,0,4,56337298
Sector 85,Apartment,2,2,1330,8,22,2,6.56,1,1,1,1,24758914
Sector 54,Apartment,4,5,3077,15,38,3,5.68,1,1,1,5,51255743
Sector 54,Apartment,3,3,2426,6,44,2,9.23,1,1,0,4,47221617
Sector 84,Apartment,4,4,1880,4,18,2,0.96,1,0,1,1,38747204
Golf Course Road,Builder Floor,5,5,4219,12,44,2,10.4,1,1,1,4,98788165
Sohna Road,Apartment,4,4,1796,10,2,2,11.76,1,0,0,5,36332578
DLF Phase 1,Apartment,5,5,3510,13,29,2,6.02,1,0,0,3,63426577
Sector 56,Apartment,3,4,1751,21,7,1,2.7,1,0,0,2,33696126
Sector 89,Villa,2,2,1402,16,31,1,0.53,0,0,1,5,22087376
DLF Phase 3,Apartment,5,6,2852,22,41,2,9.59,0,0,1,4,63274259
DLF Phase 4,Apartment,4,5,2707,11,18,3,4.11,0,1,1,3,62263140
Sector 54,Apartment,4,4,3162,20,9,1,7.01,0,1,1,2,51806395
Sector 82,Builder Floor,3,4,2270,22,8,2,5.86,1,0,1,1,38229543
DLF Phase 1,Villa,3,3,1774,20,33,1,2.71,0,0,1,3,30147099
Sector 57,Apartment,1,2,466,20,5,1,7.67,1,1,1,5,9896838
Sector 54,Villa,4,5,2233,18,14,2,6.95,0,1,1,4,38963812
Sector 89,Villa,2,2,1324,4,13,3,9.4,1,1,1,2,27637546
Sector 67,Villa,2,3,1382,23,11,2,3.85,0,1,1,3,31333598
Sector 83,Builder Floor,3,4,2249,7,20,1,3.3,1,1,1,2,45687949
DLF Phase 4,Builder Floor,3,4,1492,1,23,3,12.23,1,0,1,2,47202558
DLF Phase 1,Apartment,1,2,469,16,27,1,10.56,1,0,1,3,6612410
Sector 92,Builder Floor,4,5,1828,1,15,2,11.61,1,0,1,4,39417517
Sector 67,Apartment,4,5,2289,22,30,2,1.94,0,1,1,1,45196966
DLF Phase 1,Builder Floor,3,4,1889,2,16,2,3.44,1,1,1,3,42002834
DLF Phase 5,Apartment,3,4,1955,23,40,3,8.68,1,1,0,1,58114515
DLF Phase 5,Builder Floor,5,5,2009,19,18,2,12.87,0,1,1,2,56517965
Sector 70,Builder Floor,2,3,933,23,42,1,13.39,0,0,1,2,10754304
South City 1,Apartment,4,4,2006,17,23,1,12.5,0,1,1,4,39501889
Sector 70,Builder Floor,2,2,1692,14,36,1,0.75,1,0,1,3,29864396
Sohna Road,Apartment,3,4,1639,4,38,0,12.33,1,1,1,3,29577316
DLF Phase 4,Villa,3,4,1179,21,8,3,13.5,0,0,1,5,36585481
Golf Course Extension Road,Apartment,4,4,2613,16,39,1,0.95,1,0,1,4,58094219
Sector 92,Apartment,1,1,584,13,29,2,6.3,0,1,0,3,10803219
Sector 89,Villa,2,2,871,0,12,2,8.1,0,1,1,2,24914745
Sector 82,Apartment,3,4,1601,13,18,3,3.57,1,1,0,4,33202095
Palam Vihar,Villa,3,4,1656,8,19,2,7.8,1,0,1,5,32505197
DLF Phase 4,Apartment,3,4,1748,4,36,2,13.3,1,1,1,5,53362623
Sector 89,Apartment,2,2,1460,3,33,1,13.02,1,1,1,2,27548671
Sector 57,Apartment,3,4,2035,0,5,2,14.1,1,1,1,3,40833093
New Gurgaon,Apartment,2,3,1235,2,39,1,7.31,0,1,1,2,30277459
Sector 67,Apartment,2,3,1476,19,28,3,6.22,0,1,0,5,21219765
Sector 70,Apartment,3,4,1627,10,26,1,10.02,1,0,1,4,27826846
South City 1,Apartment,3,3,1495,15,43,1,6.31,1,0,1,3,28236005
Sector 70,Apartment,2,3,1286,10,21,2,0.72,0,1,1,2,29599148
Palam Vihar,Penthouse,2,3,1264,20,23,3,10.83,1,1,0,3,22087111
Sector 56,Penthouse,3,3,1180,9,21,2,4.29,1,0,0,4,28187573
Sector 83,Apartment,2,3,1618,11,11,1,0.83,1,0,1,5,26713705
DLF Phase 5,Builder Floor,3,3,1372,4,42,1,0.41,1,1,1,2,50686226
South City 1,Apartment,3,3,2022,9,39,1,13.98,0,0,1,5,36300239
Golf Course Road,Builder Floor,2,3,1354,23,16,2,3.86,0,0,0,2,42793938
DLF Phase 2,Builder Floor,1,1,450,12,33,2,6.77,1,1,1,3,13526700
Sector 67,Villa,4,5,2527,18,27,2,14.26,0,0,1,1,47252372
Sector 67,Apartment,3,3,2487,6,1,2,7.07,0,0,0,2,43831327
Sector 89,Builder Floor,3,3,1501,15,44,2,1.27,0,0,1,2,29004595
Sector 85,Apartment,3,4,1002,5,16,3,8.32,1,1,1,5,20658146
Sector 89,Penthouse,3,3,1750,9,5,1,1.41,0,0,1,1,32065761
DLF Phase 1,Apartment,5,6,3326,9,18,2,1.52,0,1,1,1,58994213
Sohna Road,Apartment,3,4,1763,10,41,2,12.79,0,1,1,1,32967819
Palam Vihar,Builder Floor,2,3,933,21,34,1,4.41,1,0,0,1,18348617
Sector 83,Builder Floor,3,4,1367,9,44,2,10.21,1,0,0,4,29766062
DLF Phase 2,Apartment,3,3,1118,24,25,1,7.68,0,1,0,3,21725294
Sohna Road,Villa,3,4,1012,13,42,1,3.41,1,0,1,2,28025534
Golf Course Road,Apartment,3,3,1655,14,34,2,7.82,1,1,0,3,49460964
Sector 83,Builder Floor,4,5,2637,6,15,1,1.13,1,0,1,3,51307202
South City 1,Apartment,3,3,1866,12,4,1,5.27,0,1,1,3,38742133
Sector 54,Apartment,2,2,1270,10,4,2,7.89,1,1,1,3,26231708
Sector 84,Apartment,2,2,1376,6,25,2,3.5,1,1,1,4,25801459
South City 1,Apartment,3,3,2349,10,41,1,9.94,0,0,0,5,43005101
Sector 89,Apartment,1,2,603,13,13,1,0.87,0,1,0,4,10613061
Sector 54,Apartment,2,3,1296,16,42,2,7.32,0,0,1,2,23241328
Sohna Road,Apartment,3,3,1947,15,25,2,10.75,1,1,1,1,37244412
Palam Vihar,Builder Floor,3,3,1861,0,3,3,6.51,1,1,0,5,33277000
DLF Phase 4,Villa,5,6,3013,8,35,1,13.13,0,0,0,2,73682609
Sector 54,Apartment,2,2,1228,8,9,1,9.52,0,1,1,1,24763072
Sohna Road,Apartment,2,2,1637,9,14,1,14.38,1,0,1,4,22620285
Sector 57,Apartment,2,3,1601,18,22,2,4.33,1,0,0,3,18003062
DLF Phase 2,Apartment,3,3,1083,14,9,2,14.09,1,1,1,2,16242268
Sector 83,Builder Floor,2,2,1261,15,24,2,9.14,1,0,1,3,22850390
Golf Course Road,Apartment,3,4,1802,10,23,3,11.2,1,1,1,3,62691656
New Gurgaon,Apartment,2,2,1552,23,37,2,13.54,0,0,0,3,26345239
New Gurgaon,Apartment,3,4,1784,24,15,4,8.31,1,1,1,5,37696594
Sector 89,Apartment,4,5,2540,16,36,1,12.95,1,1,0,1,48575536
Sohna Road,Builder Floor,1,2,509,18,14,1,8.17,1,0,1,3,10286780
Sector 70,Penthouse,3,4,2141,12,20,1,9.03,1,0,0,2,31678617
Sector 83,Apartment,3,3,1277,5,39,0,6.73,1,0,1,5,31070289
Sector 65,Apartment,4,5,2229,14,36,3,2.27,0,1,0,1,41786035
DLF Phase 5,Villa,3,4,1357,15,27,1,8.35,0,1,0,2,41157702
Sector 89,Villa,3,3,1673,3,17,2,14.66,1,0,1,5,31535722
Sector 85,Apartment,4,5,2092,7,26,1,11.83,1,0,0,5,43810130
Sector 57,Apartment,3,3,2151,24,41,1,11.24,1,1,1,1,36652346
DLF Phase 2,Apartment,3,4,1708,6,4,1,9.69,1,1,1,3,34463544
Sector 92,Apartment,2,3,1617,16,3,1,5.28,0,1,1,2,28268875
Sector 65,Apartment,4,5,2265,15,19,2,2.63,1,1,1,4,49545999
DLF Phase 2,Apartment,4,5,1793,1,41,4,3.45,1,1,1,3,35598061
Sector 56,Apartment,5,5,2830,16,40,2,0.19,1,1,1,4,56166719
DLF Phase 1,Apartment,5,5,3333,24,39,2,10.13,1,1,1,2,61963331
DLF Phase 4,Builder Floor,4,4,3344,3,7,0,12.2,0,1,1,4,74857162
Sector 65,Apartment,3,4,1529,13,36,3,4.11,0,1,1,4,35814425
Sector 57,Apartment,4,5,3328,7,19,0,1.47,1,0,1,1,60886788
DLF Phase 4,Apartment,3,4,1720,4,12,3,5.1,1,0,1,1,48738813
Sector 57,Apartment,3,3,1613,4,20,2,4.45,1,1,0,1,30612399
Golf Course Road,Penthouse,3,4,2125,4,38,1,6.82,1,0,1,4,57701340
DLF Phase 1,Apartment,2,2,1598,4,12,2,4.04,1,1,1,4,28952938
Sector 56,Apartment,4,4,2711,2,29,4,5.16,1,1,1,5,49874442
Sector 70,Builder Floor,3,3,1205,5,30,1,13.62,1,0,1,5,25130901
Palam Vihar,Apartment,2,3,1293,0,20,1,5.09,0,0,0,1,18871852
Sector 85,Villa,2,3,1808,7,4,1,11.8,1,0,1,5,32312666
Golf Course Road,Apartment,4,5,1124,12,2,2,9.42,1,0,1,3,48013275
Sector 85,Apartment,3,4,1956,19,30,1,5.13,1,1,1,5,40727980
Sector 92,Apartment,3,3,1680,5,23,3,12.29,1,0,0,5,34412736
Sector 83,Apartment,3,3,1406,17,6,3,8.97,0,1,1,3,31083707
Sector 82,Builder Floor,3,4,2234,17,18,3,0.23,0,0,1,3,41300448
Sector 83,Builder Floor,1,2,450,15,22,1,1.12,1,1,1,2,13021120
Sohna Road,Apartment,3,4,1652,7,37,2,11.31,0,0,1,4,32198619
Sector 67,Apartment,4,4,2960,16,4,1,6.75,1,1,0,4,50703144
South City 1,Builder Floor,3,4,2172,7,43,2,6.14,1,0,1,1,38975944
Sector 54,Villa,3,3,2050,14,11,3,2.27,1,0,1,2,40036180
Golf Course Extension Road,Apartment,1,1,624,9,41,2,2.44,0,1,1,2,25800824
Sector 84,Apartment,3,3,1747,0,35,3,11.99,1,1,0,2,35003298
Sector 85,Apartment,1,1,534,8,11,3,12.45,1,0,0,2,9522773
Palam Vihar,Villa,3,3,1392,16,34,1,8.44,1,0,1,5,28268963
South City 1,Apartment,3,3,2141,19,9,2,4.5,0,1,1,2,35639563
Sector 89,Apartment,4,4,2518,24,31,0,14.0,1,1,1,1,44340776
Sector 67,Builder Floor,3,4,2154,0,42,1,9.4,0,0,0,4,38872455
Sector 82,Apartment,2,3,981,8,32,1,11.97,1,0,1,2,18639016
South City 1,Apartment,3,4,1462,13,43,3,0.15,1,0,0,4,25191259
Palam Vihar,Apartment,3,3,2008,23,35,2,6.81,1,0,0,3,36303049
Palam Vihar,Apartment,2,2,562,4,11,2,13.08,0,0,1,1,8115916
DLF Phase 1,Apartment,3,4,737,5,17,2,5.14,0,0,1,3,15949186
Sector 83,Apartment,4,4,2967,4,36,3,10.93,1,0,1,2,55502297
DLF Phase 5,Apartment,2,2,1001,3,2,2,9.9,0,1,1,5,33890349
DLF Phase 3,Apartment,3,3,1881,15,24,1,2.37,0,0,0,5,47028291
South City 1,Builder Floor,4,4,2612,15,15,2,11.65,1,1,0,1,44700920
Sector 56,Builder Floor,3,3,2234,9,28,2,1.78,0,0,1,2,42515027
Sector 89,Apartment,3,3,1615,13,3,2,10.95,0,0,1,2,25602890
DLF Phase 5,Apartment,2,2,1092,12,29,0,14.87,1,0,1,2,35218853
Golf Course Extension Road,Apartment,2,2,1027,3,13,1,14.37,0,0,1,2,33064082
Sector 70,Apartment,3,3,2060,13,22,3,12.02,1,1,1,1,36510551
DLF Phase 3,Apartment,3,3,2079,23,31,1,8.06,1,0,0,1,42324031
Sector 67,Builder Floor,5,5,3894,23,7,2,10.15,1,1,0,1,68916206
Sector 67,Apartment,2,2,850,8,26,1,10.95,1,1,1,5,10558709
Sector 56,Apartment,3,4,2738,2,31,1,0.23,0,1,1,2,53673195
DLF Phase 2,Apartment,2,2,1112,9,38,1,1.63,1,1,1,3,19652619
Golf Course Road,Builder Floor,2,2,1186,14,38,2,9.0,1,0,1,4,48522270
Sohna Road,Apartment,3,4,1868,23,4,3,0.2,1,0,1,1,37354167
DLF Phase 4,Builder Floor,3,4,1417,18,35,1,13.64,1,0,1,1,40420245
Sector 65,Apartment,2,3,1084,1,33,1,7.4,0,0,1,5,23788740
Sector 82,Villa,2,2,1608,1,3,2,3.94,1,0,1,5,25655010
Sohna Road,Villa,3,3,2419,8,19,1,5.97,1,1,0,4,41517078
Golf Course Extension Road,Apartment,5,6,3143,3,9,3,12.78,0,0,1,5,70614408
Sector 70,Apartment,4,5,2984,4,19,1,13.92,1,1,1,1,55415557
South City 1,Apartment,2,3,1315,1,19,2,1.83,1,0,1,2,26982886
Sector 89,Apartment,4,4,2367,24,26,2,11.69,0,0,1,2,40750714
Sector 70,Builder Floor,3,3,1483,6,13,3,8.72,0,1,0,5,28836500
Palam Vihar,Builder Floor,4,5,1917,18,22,2,8.82,1,0,1,4,37712395
Sector 67,Builder Floor,3,3,1481,5,8,1,11.71,1,1,1,2,29580386
New Gurgaon,Builder Floor,3,3,2478,22,24,1,3.42,1,0,1,1,44528318
DLF Phase 1,Apartment,4,5,2889,15,26,3,8.01,1,0,1,2,53883495
Sector 89,Apartment,2,3,1603,13,41,3,4.86,0,0,1,4,30465732
DLF Phase 1,Builder Floor,4,5,2623,11,41,0,1.51,1,0,1,5,55056088
DLF Phase 4,Apartment,4,4,1906,5,3,3,1.67,1,1,1,3,57736882
Sector 56,Builder Floor,5,5,3422,21,7,2,2.13,1,0,0,2,62434670
DLF Phase 3,Apartment,2,2,1555,12,2,2,9.26,1,0,1,1,39052387
Sector 92,Apartment,2,2,1379,14,33,0,1.68,1,0,1,4,25037145
Sector 57,Penthouse,2,2,831,23,12,3,8.59,1,0,1,2,15494957
DLF Phase 3,Apartment,5,6,1968,13,12,1,8.87,0,1,1,3,55838862
Golf Course Road,Penthouse,2,2,1378,7,10,2,13.57,1,0,1,5,47735271
Golf Course Road,Penthouse,3,3,1668,20,41,0,9.43,0,1,0,2,53273710
South City 1,Builder Floor,3,4,1931,19,27,3,14.79,1,0,1,4,38525776
Sector 65,Builder Floor,3,4,1496,10,18,0,0.56,1,0,1,2,36285778
South City 1,Apartment,2,3,1235,20,4,1,10.59,0,1,1,5,16705054
DLF Phase 1,Villa,3,4,1337,8,40,1,0.49,1,1,0,4,24789417
Sector 83,Apartment,4,4,2538,11,23,1,10.97,1,1,1,3,43960156
DLF Phase 5,Apartment,1,1,701,5,21,2,5.85,1,1,0,1,26167124
Sector 57,Apartment,4,5,2838,18,36,1,9.21,0,0,1,5,61203570
Sector 56,Apartment,3,3,1251,2,30,4,4.71,0,0,1,2,31030983
Sector 67,Apartment,3,4,1996,0,21,2,2.47,1,1,0,3,38531627
Sector 82,Apartment,3,3,1553,14,23,2,10.88,1,0,1,4,30178916
Sector 65,Apartment,2,2,1627,14,21,1,13.58,1,1,1,4,25453895
DLF Phase 5,Villa,3,3,2201,4,8,2,2.84,1,1,1,4,56981728
DLF Phase 5,Apartment,4,5,2414,21,39,1,13.82,0,1,1,2,54595786
Sector 85,Villa,2,3,1810,23,13,3,2.19,0,1,1,5,26700548
Sector 65,Builder Floor,3,3,1494,10,40,1,11.06,1,1,1,3,31867920
DLF Phase 3,Builder Floor,1,1,592,24,22,3,14.4,0,0,0,4,15626816
Golf Course Extension Road,Apartment,4,5,2703,22,7,1,2.3,1,1,1,1,59052307
Sector 84,Builder Floor,3,4,2654,0,24,4,6.58,1,0,1,5,55482804
Sector 89,Apartment,3,3,2414,22,5,1,5.13,1,1,0,3,42934203
Sector 85,Builder Floor,2,2,1424,9,26,0,5.89,1,1,0,3,29678403
DLF Phase 1,Apartment,5,6,2385,24,10,2,11.32,1,1,1,4,45124383
DLF Phase 5,Villa,2,2,953,19,11,4,9.95,1,1,1,1,39537499
DLF Phase 2,Penthouse,3,4,2092,10,40,2,14.53,1,1,0,4,39940407
DLF Phase 1,Apartment,3,4,1273,6,38,1,2.86,1,0,1,5,24649070
Golf Course Extension Road,Apartment,4,4,2579,24,11,2,8.19,0,1,0,2,57461629
Sector 54,Builder Floor,2,2,1425,16,30,3,6.79,1,0,0,5,19788537
Sector 54,Apartment,4,4,1572,11,4,0,13.79,0,1,1,1,30564489
Sector 85,Villa,3,4,2072,24,2,1,0.26,1,1,1,2,35905680
Sector 84,Apartment,3,4,2176,3,13,3,14.84,0,1,1,3,41457016
DLF Phase 2,Apartment,3,4,1647,11,39,3,7.25,1,1,1,4,32635203
Golf Course Extension Road,Penthouse,4,4,2312,23,17,2,9.42,0,1,0,5,57979867
Golf Course Extension Road,Builder Floor,3,3,1049,2,23,4,5.46,1,0,1,4,36978736
Sector 56,Villa,4,5,2338,17,10,1,12.8,1,1,1,5,44894776
Palam Vihar,Apartment,2,3,772,11,13,2,8.47,1,0,1,4,18339528
New Gurgaon,Builder Floor,4,4,2013,23,42,2,9.98,0,1,1,2,36514811
DLF Phase 3,Apartment,2,3,1087,23,39,2,9.77,1,0,0,4,33023171
Sector 65,Apartment,3,3,1314,18,42,3,5.52,1,1,1,1,29535624
DLF Phase 3,Builder Floor,3,3,1276,12,29,3,1.23,1,0,0,1,37959766
Sector 54,Apartment,3,4,1296,15,16,1,12.13,0,0,1,4,23782219
Sector 65,Apartment,2,3,1541,7,3,0,4.42,0,1,0,3,24663639
DLF Phase 4,Apartment,3,4,1770,5,36,1,12.75,1,1,0,1,48566279
Sector 83,Builder Floor,2,3,1554,9,4,2,9.17,1,1,1,5,29100734
Sector 92,Apartment,3,4,1629,24,36,1,5.37,1,1,0,4,28341333
Sector 85,Builder Floor,2,2,1092,9,16,3,8.95,0,0,1,4,20075061
DLF Phase 4,Apartment,3,4,1622,5,41,1,9.72,0,0,1,1,42486129
Palam Vihar,Builder Floor,2,2,450,7,6,0,10.63,0,0,1,3,15320586
Golf Course Road,Builder Floor,2,3,1341,17,42,2,12.35,0,0,1,5,48344200
New Gurgaon,Apartment,2,3,1170,16,28,2,2.48,1,0,1,1,18707972
Sector 82,Apartment,3,4,1821,9,36,1,14.17,0,1,1,1,34014296
DLF Phase 1,Apartment,4,5,1228,1,23,2,6.22,1,0,1,2,24650978
DLF Phase 3,Apartment,4,5,2383,11,12,2,12.92,1,0,0,1,53084870
DLF Phase 5,Villa,2,3,1077,19,42,1,3.39,0,1,0,5,38060741
Palam Vihar,Apartment,3,3,1852,9,31,1,0.53,1,0,1,2,33578339
Sector 84,Builder Floor,3,4,1768,8,12,2,8.64,1,0,0,3,31473406
Sector 70,Apartment,3,4,1596,15,32,1,4.94,0,0,1,3,31396739
Sector 57,Apartment,3,4,2036,6,25,3,14.77,1,1,1,1,36545792
DLF Phase 3,Villa,2,3,1486,8,29,2,1.66,1,0,1,5,41177141
Sector 67,Apartment,3,3,1628,24,19,1,0.8,1,1,1,3,35350019
DLF Phase 3,Apartment,3,3,1191,24,22,1,0.77,1,1,1,5,36549998
Sector 54,Apartment,2,2,812,23,24,1,3.33,1,0,0,5,19870242
DLF Phase 2,Apartment,3,3,1977,5,33,2,8.73,1,0,1,2,34825240
Sector 82,Apartment,3,3,2344,9,36,2,7.63,0,1,0,1,41192505
Sector 67,Apartment,2,2,692,6,40,3,5.32,0,1,0,5,19898525
Sector 89,Builder Floor,3,4,1372,17,16,1,1.42,1,0,0,5,27869963
Palam Vihar,Apartment,4,5,2213,10,2,1,3.58,1,0,1,5,45448295
Sector 83,Apartment,4,4,1257,0,8,1,2.84,0,0,0,1,26414059
Sector 85,Apartment,3,4,1759,20,13,1,11.21,0,0,1,2,36013056
Golf Course Extension Road,Apartment,3,4,1952,23,30,2,11.72,1,1,0,5,44851765
Sector 67,Builder Floor,3,4,2001,18,1,4,11.68,1,1,1,4,37962871
DLF Phase 4,Penthouse,3,4,1632,22,12,2,14.54,0,0,1,2,41477012
Sector 57,Apartment,2,3,1100,4,7,3,13.28,0,1,1,1,17746523
Sector 56,Villa,3,3,1371,23,14,1,7.52,0,0,1,3,26519107
Sector 57,Apartment,3,3,1056,5,42,1,6.28,1,1,1,5,30446104
Golf Course Extension Road,Apartment,3,3,1721,21,35,1,13.74,1,1,1,4,40725462
Sector 82,Apartment,5,5,3285,6,28,1,9.21,0,0,0,3,57019936
Sohna Road,Apartment,4,4,2408,22,12,2,4.49,1,0,1,3,43011016
Sector 89,Apartment,2,2,1510,3,40,1,8.51,0,0,1,5,26509556
Sector 54,Apartment,2,3,1296,15,24,3,14.88,1,1,1,5,25374435
DLF Phase 5,Apartment,2,2,1384,9,1,4,12.76,0,1,1,3,37408440
DLF Phase 2,Villa,4,5,2493,14,17,1,4.29,1,0,0,4,50592998
Sector 56,Apartment,3,4,2580,12,38,2,14.3,1,1,1,2,49199093
Sector 83,Apartment,5,5,2657,7,28,2,14.72,0,1,1,5,52970011
South City 1,Builder Floor,3,3,2085,21,33,1,3.54,1,0,1,5,34497241
Sector 67,Apartment,4,4,2538,12,24,3,13.44,0,0,0,1,48309872
Sohna Road,Apartment,3,4,2109,23,6,1,13.26,1,1,1,5,35889464
Sector 57,Builder Floor,4,4,2586,6,21,2,0.69,0,0,1,1,49597311
Sector 54,Villa,4,4,2376,16,4,1,10.08,0,1,1,3,43599056
Sector 54,Builder Floor,3,3,1958,3,33,1,4.65,1,1,1,4,35022559
South City 1,Builder Floor,3,4,2011,6,10,2,10.15,1,0,1,1,43381214
Sector 83,Builder Floor,4,4,2754,15,36,3,13.71,1,1,1,1,45564147
Sector 56,Villa,3,3,2414,24,13,1,7.53,0,0,1,2,40025546
Sector 65,Apartment,2,3,1254,1,36,1,6.27,1,1,0,3,25907410
Golf Course Road,Apartment,1,2,450,20,9,2,13.83,1,0,0,1,28357935
Sector 65,Apartment,3,4,1869,24,31,1,14.61,1,1,1,1,33194078
Sector 56,Apartment,3,3,1613,24,4,2,1.03,1,1,0,3,30915381
Sector 85,Builder Floor,2,2,1067,21,20,3,13.85,1,0,1,5,20164235
Sector 85,Builder Floor,2,3,1110,22,8,3,1.33,1,0,1,4,19090764
DLF Phase 4,Apartment,2,2,947,24,27,2,5.13,1,1,1,3,29661623
Sector 57,Apartment,3,4,792,13,36,3,11.46,0,1,1,2,22443025
Golf Course Extension Road,Builder Floor,2,3,1613,13,9,2,11.68,0,0,1,2,40692979
Sector 85,Apartment,2,3,1063,7,43,3,10.91,1,1,1,4,21894249
Sohna Road,Builder Floor,2,3,719,5,24,1,0.68,0,1,0,2,21149443
Sector 54,Apartment,2,3,1250,21,37,2,2.08,1,0,1,3,25129730
Golf Course Extension Road,Apartment,4,4,2744,6,41,4,14.05,1,1,1,5,66059800
Sector 57,Apartment,2,2,1150,6,40,2,1.31,1,0,1,2,27960168
Sohna Road,Apartment,3,3,1258,1,30,3,1.27,1,1,0,3,29627491
DLF Phase 3,Builder Floor,3,3,1205,24,26,0,12.55,1,0,1,2,30827724
Sector 84,Villa,5,6,4597,3,4,3,9.65,1,0,0,1,79688650
DLF Phase 2,Builder Floor,2,2,805,12,1,2,5.34,1,0,1,1,10368735
Sector 82,Apartment,2,3,743,9,20,1,2.57,1,1,1,5,15481197
Sector 70,Apartment,1,2,556,8,28,0,13.27,1,0,0,1,11164809
Sector 85,Builder Floor,2,2,1430,14,24,1,14.83,0,0,1,1,20298978
Sector 83,Builder Floor,3,3,2496,11,28,3,0.84,1,1,1,2,44863212
Sector 92,Apartment,2,3,1140,9,28,2,8.36,1,0,0,2,23921453
Palam Vihar,Apartment,2,2,1136,18,5,3,3.99,0,0,1,4,21638565
DLF Phase 4,Builder Floor,4,4,1680,20,32,2,12.5,0,1,1,5,49028811
Sector 92,Apartment,3,3,2257,4,30,3,5.26,1,0,1,1,46022626
Golf Course Road,Apartment,2,2,1180,6,21,2,10.75,1,1,1,4,47570748
Golf Course Road,Apartment,1,2,594,19,42,1,8.14,1,0,0,2,25148286
Sector 54,Apartment,2,3,1321,10,16,1,8.17,0,1,0,4,29218596
Sector 84,Villa,5,5,3211,15,8,4,12.88,0,0,1,1,57147559
DLF Phase 3,Villa,4,5,2321,12,12,1,7.11,0,1,1,4,56802834
Sector 67,Apartment,4,5,3139,3,32,1,12.7,1,0,0,3,56959320
Palam Vihar,Apartment,5,5,1877,15,25,0,5.52,1,0,1,5,38112682
DLF Phase 3,Apartment,3,3,1888,12,3,1,2.7,1,0,1,1,46634018
Sector 83,Apartment,2,3,1314,0,26,3,6.89,1,0,1,3,25062598
Sector 82,Apartment,3,4,1626,21,36,2,7.53,1,0,1,4,29961182
Sector 54,Apartment,3,4,2058,3,17,2,7.23,0,1,0,1,40743818
Sector 85,Apartment,4,4,2771,14,27,3,12.14,0,1,1,4,47992843
Sector 82,Apartment,3,4,2266,20,22,2,8.51,0,0,1,5,33968386
DLF Phase 5,Apartment,3,4,1753,24,38,3,13.34,1,0,1,5,47437190
Sector 83,Apartment,5,5,2847,15,35,1,7.76,0,1,1,2,57475918
Sector 83,Apartment,2,3,1350,3,7,4,3.45,1,1,1,3,31352911
Sector 84,Apartment,4,4,2289,16,3,1,2.03,0,0,1,5,45333005
Sector 57,Penthouse,2,2,774,10,6,2,13.04,0,0,0,3,15555533
South City 1,Apartment,3,4,2162,24,13,2,0.94,1,0,1,4,45610235
DLF Phase 3,Apartment,2,2,686,4,15,1,1.85,1,0,1,3,30701882
Sector 92,Villa,3,3,1968,12,26,1,1.05,1,0,1,1,34522250
Sector 67,Penthouse,3,4,2866,11,33,1,6.41,1,1,0,2,51343120
Palam Vihar,Apartment,3,3,2023,22,15,1,8.04,0,1,0,3,36732359
DLF Phase 3,Builder Floor,4,5,2011,2,39,2,0.4,1,0,1,3,51028472
Golf Course Extension Road,Apartment,3,3,1610,3,41,4,7.78,1,1,1,5,47394651
Golf Course Road,Apartment,4,4,2607,9,14,2,5.97,1,0,0,1,67853836
Sector 57,Apartment,2,3,1194,8,19,2,11.63,0,0,1,5,22452241
Sector 65,Builder Floor,4,5,2823,9,28,0,12.47,1,0,1,3,50610844
Sector 82,Builder Floor,2,3,1606,12,24,1,10.31,0,0,1,4,31536752
New Gurgaon,Apartment,2,2,1568,0,41,2,7.16,0,1,1,5,32968380
Sector 92,Apartment,2,3,876,11,33,4,3.32,0,0,1,5,16960541
DLF Phase 3,Builder Floor,3,3,1806,10,12,3,12.72,1,1,0,1,49476744
Sector 56,Apartment,4,5,2675,20,10,1,5.19,1,1,0,5,51676651
DLF Phase 1,Apartment,2,2,1624,7,7,2,5.41,1,0,0,5,25471216
Sector 89,Builder Floor,3,4,1950,22,1,2,13.75,1,1,1,2,31756032
Sector 89,Builder Floor,4,4,2017,13,15,2,14.64,1,1,1,3,35251775
South City 1,Builder Floor,3,4,1982,13,1,2,13.48,1,1,1,1,34707097
South City 1,Villa,4,4,3418,19,20,3,14.97,0,0,1,5,63278107
Sector 67,Apartment,2,2,1129,22,2,0,13.05,1,0,1,3,18334540
Sector 65,Builder Floor,3,3,1505,16,3,3,10.59,1,1,0,1,29387433
DLF Phase 1,Apartment,2,2,1190,21,36,1,4.48,1,0,0,5,27247440
Sector 89,Apartment,5,6,2544,24,16,2,14.3,1,0,0,4,45137652
Sector 83,Apartment,3,3,2147,18,29,3,13.16,1,1,1,2,38869176
South City 1,Apartment,3,4,1529,19,44,2,3.69,0,0,1,1,32481472
South City 1,Apartment,2,2,1561,23,36,1,7.39,1,1,1,4,24128469
Sector 82,Apartment,2,3,1338,20,44,1,1.14,0,1,0,1,26249957
Sector 83,Villa,2,2,1395,20,39,2,14.3,0,1,1,1,23143534
Sector 54,Apartment,3,3,2089,16,3,1,8.63,1,1,0,2,32913999
Golf Course Road,Apartment,2,3,1438,5,37,2,3.75,1,0,1,4,53184376
Sector 54,Penthouse,4,5,2226,13,44,1,4.46,0,1,0,5,44609115
DLF Phase 3,Apartment,2,2,926,17,12,3,14.71,1,1,1,3,27739716
Sector 82,Apartment,4,5,2133,16,20,1,9.27,1,0,1,4,42416845
DLF Phase 1,Apartment,1,2,729,5,23,2,6.37,0,0,1,1,18315916
Golf Course Extension Road,Apartment,2,3,705,4,22,2,7.55,1,1,0,4,29467984
DLF Phase 1,Apartment,4,4,1280,12,32,2,1.57,0,0,1,3,27248204
Sector 84,Apartment,4,5,2525,15,7,1,1.22,1,0,1,4,44714707
Sector 57,Apartment,3,3,2154,20,22,2,8.93,0,0,0,3,34271878
South City 1,Apartment,1,2,737,8,44,2,7.73,1,0,1,2,11150865
Sector 67,Apartment,3,4,1400,11,2,1,5.45,1,0,1,1,26550418
Sector 54,Apartment,3,3,1304,9,14,3,8.54,1,1,0,5,27422402
Sector 92,Builder Floor,2,3,1007,12,16,3,1.18,1,1,0,4,24396265
Golf Course Road,Builder Floor,3,4,1635,18,24,1,14.17,0,1,0,2,48189176
DLF Phase 1,Apartment,3,4,1659,15,7,2,4.48,0,0,1,4,29586496
Golf Course Extension Road,Apartment,2,3,1233,16,4,2,1.17,1,0,0,2,34915976
Sector 65,Builder Floor,4,5,3187,15,37,0,2.63,1,0,0,3,56854593
Palam Vihar,Apartment,4,5,2365,13,41,1,1.52,1,0,1,2,48361780
Sector 92,Apartment,1,2,731,15,5,4,2.76,0,1,1,3,15121214
South City 1,Apartment,3,3,2074,23,2,2,6.31,1,0,0,2,37261045
Sector 89,Villa,2,2,1001,14,5,3,11.1,1,0,1,4,19711990
Sector 84,Builder Floor,4,4,2760,11,3,2,4.16,1,1,1,5,48404219
DLF Phase 4,Apartment,3,3,2041,4,42,0,6.6,0,0,0,1,46762303
DLF Phase 3,Builder Floor,2,2,1199,10,8,1,13.94,1,1,0,5,25430817
DLF Phase 1,Apartment,1,2,624,4,26,2,4.51,1,0,0,2,9222579
Sector 85,Builder Floor,1,1,591,23,10,2,11.94,1,0,0,3,7075130
New Gurgaon,Apartment,3,3,1341,23,34,1,2.45,1,1,1,4,28083004
Sector 82,Apartment,4,5,3724,10,36,2,2.76,1,0,1,1,58625423
Sohna Road,Builder Floor,2,2,1495,1,12,3,6.9,0,0,1,1,25024435
DLF Phase 1,Apartment,2,3,1347,18,20,3,3.59,1,0,1,4,23993227
Sector 92,Apartment,2,3,1086,16,29,1,13.56,1,0,1,2,17610741
Sector 70,Villa,2,2,1174,18,14,1,0.86,1,1,0,1,20171130
DLF Phase 4,Apartment,3,3,1307,11,5,4,9.0,0,1,0,4,37714802
DLF Phase 5,Apartment,3,4,1997,19,27,3,9.1,1,0,1,2,53475699
South City 1,Apartment,3,4,1941,22,4,1,1.08,0,0,1,4,32850198
Sector 67,Builder Floor,5,5,2855,24,29,3,11.02,0,1,0,1,55532270
Sector 82,Builder Floor,5,6,3020,4,3,1,7.09,0,0,0,5,61403788
Golf Course Road,Apartment,3,3,1674,11,33,1,10.87,0,1,1,1,50195173
DLF Phase 1,Builder Floor,4,4,2123,15,30,1,12.42,1,1,1,1,37738089
South City 1,Apartment,5,5,2456,0,36,1,4.91,0,0,1,5,56039470
Sector 89,Builder Floor,2,2,914,1,9,3,7.32,0,0,1,2,15005196
Sector 67,Apartment,1,2,501,9,1,2,3.99,0,1,1,4,11516587
Golf Course Road,Apartment,1,2,512,1,23,1,3.1,1,0,0,2,38022972
Sector 82,Villa,3,3,2257,24,3,3,0.11,1,0,1,2,37562306
Sector 83,Apartment,4,4,2053,9,32,3,14.46,1,1,0,4,35474645
South City 1,Apartment,3,4,945,22,24,1,6.67,1,0,0,2,18248629
Sector 83,Apartment,3,4,1922,17,6,2,0.29,1,1,1,3,36725610
Sector 56,Penthouse,3,4,2061,0,13,2,0.23,1,0,0,1,40830227
Palam Vihar,Apartment,2,3,1471,4,15,2,4.4,0,1,1,3,28916365
Sector 57,Apartment,2,3,1246,11,30,2,0.31,1,1,1,4,27187182
Sector 57,Apartment,1,1,450,16,12,1,5.68,0,1,1,5,3500000
Sector 84,Apartment,2,2,976,24,40,1,1.04,1,1,1,5,19669451
Sector 84,Apartment,4,4,2736,18,35,3,0.68,1,1,1,4,49698798
Sector 84,Builder Floor,4,4,3217,17,28,3,10.07,0,1,1,4,60520102
Sector 65,Penthouse,4,5,1759,12,4,1,13.61,1,0,1,2,37362816
Sector 67,Apartment,4,5,2518,21,7,0,6.2,1,1,1,1,49179888
Sector 65,Apartment,4,4,2089,2,43,3,12.57,1,0,1,3,44731445
Sector 70,Apartment,3,3,1453,20,16,1,0.54,1,0,1,4,29458861
Sector 56,Apartment,3,4,1814,9,22,1,11.69,0,0,1,5,32536469
South City 1,Villa,3,3,1743,13,41,1,1.04,1,1,0,1,33010409
Sector 89,Apartment,3,3,949,7,25,2,12.59,1,0,1,1,23727437
DLF Phase 2,Apartment,3,4,1884,9,3,1,13.25,1,1,0,2,33861618
DLF Phase 4,Builder Floor,4,5,2583,1,22,2,11.81,1,0,1,5,65243075
Sector 89,Apartment,2,3,1409,12,31,1,12.33,0,1,1,1,24051219
Golf Course Extension Road,Builder Floor,3,3,1559,4,37,4,8.47,1,0,1,5,43744061
Sector 82,Apartment,3,4,1133,10,22,3,4.05,1,1,1,3,30482280
Sector 82,Builder Floor,2,3,1082,23,27,3,9.68,1,1,1,5,19270873
Golf Course Road,Villa,5,5,3494,0,2,3,6.65,0,1,0,1,83821042
DLF Phase 3,Builder Floor,2,3,1178,9,22,2,0.18,1,1,0,5,37151290
Golf Course Road,Villa,2,2,1437,12,17,1,7.2,1,1,1,5,48337762
Sector 83,Apartment,2,2,835,3,20,0,9.8,1,0,1,5,16215732
DLF Phase 2,Apartment,4,4,2854,20,24,1,0.31,0,1,1,1,49913378
Golf Course Extension Road,Apartment,3,3,1904,9,31,1,9.36,0,0,1,3,45537330
Sector 54,Apartment,3,4,1650,11,43,2,9.82,1,0,1,5,30442955
Golf Course Extension Road,Apartment,4,4,2999,13,8,4,2.46,1,1,1,3,72836400
DLF Phase 4,Apartment,3,4,1900,2,5,2,6.52,1,0,0,1,54914652
Sector 92,Apartment,2,3,924,1,2,2,14.47,0,0,1,4,15079353
Golf Course Extension Road,Apartment,2,3,1474,18,4,2,13.27,1,0,1,5,35843220
DLF Phase 4,Apartment,4,5,2264,10,35,1,6.22,1,0,1,3,58261888
Sector 65,Builder Floor,3,4,1815,20,34,3,5.31,0,0,1,5,27195269
DLF Phase 5,Apartment,2,2,958,6,3,2,1.95,1,0,1,2,36570925
South City 1,Apartment,2,3,1185,17,20,1,0.62,0,0,1,2,23588240
Sector 89,Apartment,2,2,935,13,9,3,4.53,1,1,1,1,18814147
DLF Phase 5,Apartment,3,3,1727,6,6,2,14.11,1,0,1,3,54423417
Sector 89,Villa,1,1,604,21,5,2,14.38,1,1,1,3,10377336
New Gurgaon,Apartment,1,2,684,6,41,2,12.21,1,1,1,5,18131144
DLF Phase 3,Apartment,3,4,1209,22,38,2,5.33,0,0,0,2,35573000
Sector 54,Builder Floor,3,4,2221,8,35,1,2.24,1,0,0,5,41496611
Golf Course Extension Road,Apartment,3,4,2234,22,31,3,8.97,1,0,0,5,48460045
Sector 84,Apartment,3,3,1720,11,13,4,9.73,1,1,1,1,29774750
Sector 57,Apartment,3,4,1854,5,26,2,6.43,1,1,1,4,38348410
New Gurgaon,Villa,3,4,1928,23,22,2,10.41,1,1,1,1,37255118
Sector 57,Apartment,5,5,3058,6,32,3,11.23,1,1,1,1,58857064
Sector 56,Apartment,2,2,1368,21,15,1,11.77,1,1,1,1,24056566
Sector 67,Apartment,3,3,1637,3,11,4,7.58,1,1,1,5,36648520
Sector 82,Apartment,3,3,1480,15,16,2,11.9,1,1,1,5,28052211
Palam Vihar,Apartment,2,2,1319,6,6,2,0.48,1,1,1,5,28861809
DLF Phase 5,Apartment,4,4,1545,7,11,2,10.24,1,1,1,5,54039217
DLF Phase 3,Apartment,2,2,1373,7,10,2,3.61,0,0,1,2,32148987
Sohna Road,Villa,3,4,2103,19,16,1,4.13,1,1,1,3,39433853
Sector 92,Builder Floor,3,4,1471,24,12,3,1.46,1,1,0,2,30652546
Sector 56,Apartment,2,2,1598,2,7,2,2.97,0,0,0,3,30421348
Sector 67,Builder Floor,3,3,1652,8,39,3,14.88,1,0,1,5,32723377
DLF Phase 3,Apartment,3,4,1616,18,27,1,6.29,0,1,1,2,43031969
Palam Vihar,Apartment,4,4,2034,12,24,2,13.92,1,0,1,3,45654086
Sohna Road,Builder Floor,4,4,2650,6,15,3,2.53,0,1,1,4,51912200
Sector 57,Builder Floor,2,2,1090,19,6,4,3.14,1,0,0,1,25075166
Palam Vihar,Builder Floor,3,3,1196,20,19,3,8.41,1,1,1,3,19783672
New Gurgaon,Apartment,4,4,2591,14,8,3,5.31,1,0,1,2,48881628
Sector 65,Villa,2,3,1118,18,36,1,9.69,0,0,1,2,14717973
Sector 54,Apartment,3,3,2256,1,13,3,6.39,1,1,1,4,42003531
DLF Phase 2,Villa,4,4,2572,11,33,1,12.19,1,0,0,3,51575106
Sector 85,Penthouse,3,3,1911,7,32,1,6.53,1,1,1,1,38709640
Sector 57,Apartment,2,3,1484,22,28,1,8.63,0,0,0,2,24210391
DLF Phase 2,Builder Floor,3,4,1867,22,40,3,4.88,1,1,1,5,39491570
DLF Phase 2,Apartment,3,3,2128,7,10,1,10.59,1,0,0,5,39376161
DLF Phase 3,Apartment,5,5,2545,12,33,1,9.86,0,0,1,3,57803077
Sector 83,Apartment,2,2,1660,0,1,1,6.02,0,1,1,4,25887616
Sector 89,Apartment,5,5,3192,23,21,2,4.21,1,0,1,1,59629623
DLF Phase 4,Villa,3,4,1295,9,5,3,9.25,1,1,1,3,40408310
South City 1,Builder Floor,2,3,1238,20,1,2,14.15,1,1,1,3,21919345
Sector 85,Apartment,3,3,1878,23,21,2,2.08,1,0,1,1,33747648
Sector 92,Builder Floor,3,3,1852,8,25,1,12.01,1,0,1,2,32836047
Sector 85,Villa,2,3,556,1,20,1,8.19,1,0,1,5,16359587
Sector 56,Apartment,2,3,1046,18,9,1,7.93,0,0,1,2,24131888
Sector 54,Penthouse,4,4,1625,21,16,2,14.43,0,0,1,4,31825481
Sector 84,Apartment,5,5,2042,24,28,2,9.13,0,1,0,1,39795989
South City 1,Builder Floor,2,2,1246,13,40,1,12.47,0,1,1,2,20827520
Sector 92,Apartment,2,3,1042,9,36,3,7.77,0,0,1,3,20863438
Sector 83,Apartment,4,5,2196,9,39,4,3.82,0,0,1,3,47326107
Sector 92,Apartment,3,4,1424,7,24,1,10.45,1,1,1,4,19802424
Sector 67,Builder Floor,2,3,1586,13,16,0,13.86,0,0,1,4,25601740
DLF Phase 2,Apartment,5,5,3027,12,14,3,12.63,1,1,1,1,49894576
DLF Phase 2,Apartment,2,3,773,5,34,1,3.06,1,0,1,2,16725772
Sector 70,Apartment,3,4,2070,20,24,1,4.82,0,1,1,3,37662200
DLF Phase 4,Villa,3,4,1656,12,11,1,7.8,1,1,1,1,50310779
Sector 84,Apartment,3,3,2301,2,36,3,8.62,0,0,1,1,43898458
Sector 67,Apartment,2,3,1197,19,1,2,2.99,1,1,1,3,27547046
DLF Phase 4,Apartment,3,4,1507,12,12,0,3.53,1,1,1,2,44782541
DLF Phase 3,Apartment,5,6,2620,22,21,0,11.41,1,1,0,5,57251282
Sector 65,Builder Floor,3,3,1630,22,9,1,10.98,1,0,1,4,27715883
Palam Vihar,Builder Floor,3,4,2005,18,39,1,12.6,1,0,0,2,36716437
South City 1,Apartment,2,2,980,15,3,2,14.0,1,1,1,5,23027402
Sohna Road,Apartment,4,4,3096,3,16,3,4.69,0,0,0,5,58264822
DLF Phase 2,Builder Floor,5,6,3257,2,4,1,12.91,0,0,1,3,59305199
Golf Course Road,Apartment,4,4,2525,14,26,1,10.02,1,1,1,5,65264413
Palam Vihar,Builder Floor,3,4,1830,14,13,1,14.37,1,0,1,4,32781493
Sector 56,Builder Floor,5,5,2985,17,20,0,4.15,1,0,1,1,57643367
Sector 65,Builder Floor,2,2,844,21,19,4,4.12,0,0,1,2,12570983
New Gurgaon,Apartment,3,4,1922,6,27,1,10.59,1,0,1,4,42614905
Sector 56,Apartment,3,4,2608,19,2,1,13.93,0,0,0,5,42592373
Sector 56,Villa,3,3,2090,4,10,1,12.39,1,1,1,1,41278125
South City 1,Apartment,4,4,2645,7,25,2,10.93,0,1,1,1,45340454
DLF Phase 3,Apartment,3,3,1155,24,19,3,5.87,0,1,0,5,32095851
Sector 92,Apartment,2,2,1504,22,15,1,10.79,1,0,1,4,28871593
Sector 56,Builder Floor,3,4,2137,9,39,2,12.04,1,1,0,5,36165367
Sector 57,Apartment,2,2,1526,0,24,0,11.32,0,0,1,2,28340987
Sector 92,Apartment,3,3,1420,10,16,3,10.18,1,0,0,1,25000521
Sector 89,Apartment,2,3,1088,2,17,2,0.8,0,0,1,3,20662530
Sector 70,Apartment,2,2,783,20,16,2,9.93,1,0,1,1,14185039
DLF Phase 2,Builder Floor,3,4,1140,2,18,2,7.23,0,1,1,5,24914924
DLF Phase 5,Apartment,4,5,2076,14,4,3,14.43,1,1,1,5,60213909
Sector 92,Apartment,5,6,3327,16,2,2,9.15,1,1,1,3,61394448
Sohna Road,Builder Floor,5,5,2708,17,31,2,9.16,0,1,1,3,49482647
Golf Course Extension Road,Apartment,4,5,2025,7,2,2,14.91,0,0,1,1,50286953
Golf Course Road,Apartment,2,3,1295,22,2,2,1.49,1,1,1,5,51840284
Sector 54,Apartment,4,5,584,12,15,1,4.22,1,1,1,1,17375225
Sector 65,Apartment,3,3,1572,9,43,1,9.88,1,0,0,4,26945663
Sector 85,Apartment,4,4,2589,2,29,1,4.8,0,0,1,5,46674556
Sector 89,Apartment,3,3,1630,19,34,2,5.26,1,0,1,1,27578328
Sector 56,Apartment,4,4,3127,13,40,2,13.4,1,1,1,5,53208882
New Gurgaon,Apartment,3,4,1522,12,32,1,8.73,0,1,1,5,26477793
Sector 70,Apartment,2,3,1034,2,21,2,1.63,1,0,1,2,25561186
DLF Phase 3,Apartment,3,4,1385,12,30,3,4.73,1,1,0,1,39524416
Sector 85,Apartment,2,2,987,19,24,1,1.23,1,1,0,5,19732532
Sector 82,Builder Floor,5,6,3193,23,44,1,8.39,1,1,1,3,66221287
Golf Course Road,Apartment,3,3,2139,24,14,3,2.68,1,1,0,3,62299693
Sector 56,Apartment,3,3,2705,22,28,2,12.87,0,1,1,2,55088049
Sector 65,Apartment,4,4,2723,8,14,1,8.7,1,0,1,5,54627602
Golf Course Extension Road,Apartment,3,4,1305,24,44,2,0.98,1,1,1,1,35393464
Sector 84,Apartment,2,3,1547,15,34,2,4.58,1,1,1,1,24355725
DLF Phase 1,Apartment,2,2,1336,22,14,2,9.28,0,0,1,3,20525794
Sector 85,Villa,3,4,1812,22,25,2,5.1,1,1,1,4,33616232
Sector 82,Apartment,4,4,2997,7,12,2,7.75,1,0,1,5,59162579
Sector 89,Villa,4,5,3726,11,41,3,13.65,1,1,1,2,63795701
DLF Phase 1,Apartment,5,5,2867,11,40,1,5.32,1,0,1,2,54741263
DLF Phase 5,Apartment,2,2,966,18,20,2,5.1,0,1,1,5,33616014
Sector 82,Apartment,2,2,1571,23,42,4,12.31,1,0,1,5,28577372
DLF Phase 3,Apartment,2,3,1943,16,7,1,4.85,1,0,0,2,46054466
DLF Phase 1,Apartment,4,5,2481,14,15,3,1.26,0,0,0,2,49311194
Sohna Road,Builder Floor,2,3,1208,21,9,1,2.8,0,0,1,1,21712707
Sector 65,Apartment,2,3,1248,17,4,1,14.24,0,1,1,2,24328219
Palam Vihar,Villa,3,4,1988,6,31,3,14.01,1,0,1,3,38916588
Sector 89,Villa,3,3,1208,12,23,0,3.45,1,0,0,2,27184117
Sector 65,Apartment,3,4,1928,18,6,1,8.35,1,1,0,2,32688214
Sector 67,Apartment,3,3,1914,15,28,2,2.15,0,0,1,3,34640103
DLF Phase 1,Apartment,3,4,1890,10,12,2,10.15,1,0,0,3,37088499
Sector 89,Apartment,3,4,1870,4,22,2,2.86,0,0,0,5,35498082
Golf Course Road,Apartment,4,5,2453,1,24,1,0.84,1,1,1,2,77793713
Sohna Road,Apartment,3,3,917,0,34,1,12.39,1,1,1,3,23587951
DLF Phase 4,Apartment,2,3,998,15,19,1,4.95,0,1,1,1,36055627
DLF Phase 5,Apartment,2,2,1439,4,24,2,1.72,1,1,1,4,50157783
Palam Vihar,Penthouse,2,3,1505,24,20,2,12.53,0,1,1,3,25667084
Golf Course Extension Road,Builder Floor,4,4,2163,24,34,2,11.46,0,1,1,4,53254684
South City 1,Villa,2,2,932,6,27,2,10.29,1,0,1,2,16991141
DLF Phase 4,Apartment,4,4,2801,8,44,1,13.68,0,0,0,1,62770893
Sector 92,Apartment,2,2,1276,3,29,3,7.39,1,0,1,1,24692079
DLF Phase 4,Apartment,4,5,2331,18,1,1,2.01,0,0,0,5,55980704
Sector 82,Apartment,4,5,2882,19,36,1,1.01,1,1,0,5,58430517
New Gurgaon,Apartment,3,3,1304,14,43,2,4.84,0,0,0,2,22158645
DLF Phase 5,Builder Floor,3,4,2287,6,39,1,1.39,1,1,1,3,58698705
Sector 57,Builder Floor,2,2,779,23,7,2,8.08,0,0,1,1,13599290
DLF Phase 2,Apartment,3,4,1453,17,43,1,0.32,1,0,1,2,30989725
Golf Course Extension Road,Apartment,2,3,908,4,20,2,6.71,1,0,0,2,29215481
Sector 84,Apartment,3,4,1555,20,20,1,2.76,1,0,0,3,28460940
Sector 83,Apartment,4,4,2571,24,25,4,5.59,1,1,1,1,46549703
Sector 84,Apartment,2,3,1389,12,43,1,10.16,0,1,1,1,24580653
Sector 92,Apartment,4,4,2354,2,21,2,5.33,0,1,1,1,47970936
South City 1,Apartment,3,4,1263,5,9,3,5.19,0,0,0,5,25581879
DLF Phase 2,Villa,3,3,959,11,27,2,14.86,1,0,1,1,18872419
Sector 54,Apartment,5,6,3592,20,28,2,10.81,1,0,1,4,65883194
DLF Phase 2,Builder Floor,3,3,2103,17,25,2,7.76,0,1,0,3,40606997
DLF Phase 1,Apartment,3,3,2249,17,36,2,8.73,1,0,1,1,41848583
DLF Phase 2,Apartment,3,3,1744,3,34,3,9.34,1,1,0,3,35685336
South City 1,Apartment,4,5,2774,19,2,1,0.47,0,1,0,3,44755650
Sector 57,Apartment,2,2,1020,22,9,3,1.3,1,0,1,4,17552493
Palam Vihar,Apartment,3,4,2001,13,19,2,9.77,1,1,1,1,34733742
DLF Phase 2,Builder Floor,3,3,1598,13,15,3,5.53,1,1,1,3,35248220
Sector 82,Builder Floor,1,1,486,0,21,0,0.93,1,0,1,1,7945290
Sector 56,Apartment,2,2,1264,10,16,3,4.53,0,1,1,4,20104551
Sector 82,Apartment,2,3,1250,21,2,1,2.04,1,1,0,5,25034694
Sector 56,Villa,3,4,2182,8,26,2,13.75,1,0,0,5,41083821
South City 1,Apartment,4,5,1680,17,44,2,3.12,1,0,1,5,34003470
Sector 84,Apartment,4,5,2919,4,29,2,2.24,1,0,1,5,54886710
Sector 57,Apartment,3,4,1854,9,33,2,9.43,1,1,1,2,40622437
Sector 85,Builder Floor,2,3,1499,14,34,1,7.88,0,0,1,3,21978264
DLF Phase 4,Penthouse,2,3,1496,9,27,2,8.68,1,0,0,2,38751117
Sector 57,Apartment,3,3,777,15,7,1,6.6,1,0,1,1,19963207
Sector 83,Villa,3,3,2240,3,15,2,7.06,0,0,1,5,41884905
DLF Phase 4,Builder Floor,2,3,1506,3,17,2,11.7,0,0,0,1,41159575
Sector 83,Apartment,3,4,1271,7,9,1,3.38,0,1,1,4,23598504
Sector 89,Apartment,4,5,1525,5,13,2,6.01,0,0,0,3,30609569
DLF Phase 1,Apartment,3,4,2125,22,32,2,14.37,1,1,0,4,36111407
South City 1,Penthouse,4,5,2463,10,2,1,2.93,0,1,0,3,52929538
Golf Course Road,Apartment,3,3,1530,24,32,4,4.48,0,1,0,4,49625240
Sector 56,Builder Floor,2,3,1602,12,20,2,2.95,1,1,0,4,25670119
Sector 83,Apartment,2,3,1284,18,43,1,0.41,0,1,0,3,22541773
DLF Phase 4,Builder Floor,4,5,1231,10,19,1,4.12,0,1,0,1,41507239
Palam Vihar,Apartment,3,3,1372,1,27,2,0.79,1,0,0,4,32041583
Palam Vihar,Apartment,3,3,2237,2,36,1,2.4,1,0,0,3,34036161
Sector 67,Builder Floor,2,2,1210,14,30,1,5.5,0,0,0,3,19206028
Sector 83,Builder Floor,3,3,1497,23,11,0,0.41,1,0,1,4,33295230
Sector 92,Villa,1,2,663,12,16,2,11.32,0,1,1,1,13114799
Golf Course Road,Apartment,2,2,1029,24,26,2,11.95,0,0,1,5,39548892
Sector 54,Builder Floor,2,2,850,9,30,1,6.23,1,0,0,2,15371713
DLF Phase 3,Apartment,3,3,2227,4,2,2,14.77,0,1,1,5,52446499
Sector 92,Apartment,2,2,1526,23,34,4,10.22,1,1,1,4,28580752
Sector 56,Apartment,2,2,1334,10,41,4,11.18,1,1,1,4,22161089
DLF Phase 1,Apartment,4,5,1540,22,22,3,2.97,0,0,1,3,35960365
Sector 92,Apartment,3,3,2577,13,31,3,12.58,0,1,0,1,50133380
Sector 54,Penthouse,3,3,2562,24,21,1,14.18,0,0,1,1,39482660
Sector 65,Apartment,3,3,2334,19,36,1,3.62,0,1,1,4,38300751
Sector 70,Builder Floor,5,6,3212,14,40,2,10.33,1,1,1,1,62414821
Sohna Road,Apartment,1,2,612,12,23,2,11.23,1,0,1,2,13668547
Sector 54,Apartment,2,3,1322,2,26,3,4.65,0,1,1,1,25715075
DLF Phase 4,Apartment,3,4,1320,8,18,1,7.18,1,0,1,1,38875158
Golf Course Extension Road,Villa,2,3,1047,7,15,2,1.55,0,1,0,3,35377553
Sector 56,Villa,3,4,1553,14,34,2,2.68,0,1,1,4,23064446
Sector 89,Villa,3,4,2055,22,22,2,1.02,0,1,0,1,37407039
DLF Phase 4,Penthouse,5,6,3172,0,28,2,8.45,1,1,0,4,67393327
DLF Phase 2,Apartment,4,4,1863,1,43,1,9.42,0,1,1,1,36750332
New Gurgaon,Apartment,5,5,1885,8,7,4,13.75,1,1,0,1,44106923
Sector 85,Builder Floor,2,3,1299,20,40,2,8.18,0,0,1,1,28579811
Sector 70,Apartment,4,4,1804,16,42,2,3.98,1,1,1,3,40702692
Sector 83,Apartment,2,3,848,8,24,1,0.99,0,1,1,1,19352462
Palam Vihar,Apartment,3,3,2680,0,35,2,13.29,0,1,0,5,48760350
Sector 54,Apartment,4,4,3693,7,13,1,7.23,1,1,0,2,65257233
Sector 56,Apartment,2,3,1074,4,13,1,11.09,1,0,1,1,17875783
Sector 84,Apartment,3,3,1034,10,31,1,0.32,0,1,1,5,25854688
Sector 70,Apartment,1,2,769,5,19,0,7.37,1,1,0,4,13774708
Palam Vihar,Apartment,2,3,1294,16,29,2,4.95,1,1,1,3,27367723
DLF Phase 4,Apartment,5,5,3539,17,22,1,0.55,1,1,1,4,84366275
Sector 89,Apartment,2,3,1022,22,41,3,11.66,1,0,1,3,17358440
DLF Phase 2,Builder Floor,2,2,909,17,21,0,7.74,1,0,1,4,16984977
Golf Course Extension Road,Apartment,3,3,1699,4,16,0,5.06,1,1,0,4,46597268
Sector 57,Apartment,4,5,2497,24,30,3,12.11,0,1,1,2,45629713
Sector 89,Builder Floor,2,3,995,4,5,1,6.76,1,0,1,2,27455347
Sector 83,Apartment,3,4,2344,18,41,0,0.15,1,0,0,2,40811023
Palam Vihar,Apartment,4,5,1427,12,41,1,14.17,1,1,1,4,25730129
Sector 83,Builder Floor,2,3,1314,21,6,3,3.91,0,1,1,3,23741937
Sector 85,Apartment,2,2,1235,6,21,3,12.48,1,1,1,2,29348120
South City 1,Builder Floor,4,5,3082,13,42,1,12.26,1,1,1,3,56535818
New Gurgaon,Builder Floor,3,3,1397,7,11,2,2.52,1,0,1,3,30094316
New Gurgaon,Apartment,4,5,2795,2,24,2,7.16,1,1,1,1,49793871
Sector 54,Apartment,2,2,1333,3,28,3,0.7,1,1,1,5,27926280
Golf Course Extension Road,Apartment,5,5,3170,9,15,1,5.38,1,1,1,4,77429139
Sector 57,Apartment,5,5,2379,3,39,3,10.99,0,1,1,5,52655740
DLF Phase 4,Apartment,2,2,983,17,40,1,3.63,0,0,0,4,37460332
Sector 67,Apartment,1,1,558,22,19,1,1.85,0,1,0,3,5402230
DLF Phase 4,Apartment,5,6,2648,11,17,1,7.66,0,1,1,5,69943772
Sector 89,Apartment,3,3,2329,19,3,2,8.1,0,0,1,1,33247153
DLF Phase 2,Apartment,3,4,1856,19,3,2,10.17,0,0,1,5,33499508
Sector 57,Apartment,3,3,2133,14,39,2,11.41,1,0,1,5,39304179
Sector 65,Apartment,4,5,1587,12,28,2,10.47,1,1,1,1,37426966
DLF Phase 2,Builder Floor,4,4,1368,11,31,2,12.7,1,1,1,1,32655824
Golf Course Road,Apartment,2,2,1150,7,42,3,3.42,1,1,0,2,49169231
DLF Phase 5,Apartment,2,3,842,21,8,1,8.59,1,0,1,4,38631124
DLF Phase 5,Villa,4,5,2422,21,17,2,5.47,0,0,0,3,62119671
Sector 92,Apartment,4,4,1927,8,35,1,14.44,1,0,0,5,33677556
Palam Vihar,Apartment,3,3,1928,19,36,2,6.66,0,1,1,5,37134009
DLF Phase 5,Apartment,5,6,2452,8,27,2,14.4,1,1,0,3,69634478
DLF Phase 4,Builder Floor,4,4,2714,16,40,2,11.56,1,1,0,1,61755068
Sector 57,Apartment,2,2,953,24,33,2,10.81,0,0,1,1,15686706
Palam Vihar,Apartment,4,5,1355,0,11,1,7.42,1,1,1,5,35520883
Sector 56,Apartment,3,3,2158,22,21,2,6.71,0,1,1,5,42955894
Sector 83,Villa,1,1,492,5,6,1,7.95,0,0,1,3,5138829
Sector 56,Apartment,2,3,1584,6,21,3,4.48,0,1,1,3,33963647
Sector 56,Apartment,4,4,2040,8,28,1,13.58,1,0,1,4,39537387
Sector 89,Villa,5,6,2424,9,17,2,11.94,0,1,1,1,47794722
Sector 56,Apartment,2,3,1120,3,18,3,12.04,1,1,1,2,26805109
Golf Course Road,Villa,2,2,1043,15,11,3,6.55,1,0,0,2,39922166
Sector 84,Apartment,3,3,1852,11,44,2,1.16,1,0,1,3,37664527
DLF Phase 5,Builder Floor,4,5,2625,8,25,1,10.28,0,0,0,4,64117261
Golf Course Road,Apartment,4,5,2710,2,30,2,5.68,0,0,0,5,73020313
Sector 82,Builder Floor,3,3,1763,8,25,1,13.07,0,0,1,3,36467240
Sector 89,Villa,3,4,1169,16,7,2,11.73,1,1,1,3,26024108
Sector 85,Apartment,2,2,1682,13,37,3,2.27,1,1,1,3,35055549
DLF Phase 4,Apartment,3,4,1644,4,27,1,9.07,1,1,1,2,42098089
Sohna Road,Apartment,2,3,1081,20,26,2,10.41,0,1,1,3,23608525
Sector 83,Apartment,4,5,2350,0,13,3,8.57,0,1,1,4,44263324
Sector 89,Apartment,2,2,1126,0,24,1,7.76,1,0,0,2,20145265
Sector 92,Apartment,3,4,1065,2,12,2,3.5,1,1,1,4,25553116
DLF Phase 3,Apartment,2,3,1360,8,14,3,3.62,1,0,0,2,37379051
Sector 56,Apartment,3,4,1455,22,9,3,11.54,1,0,1,4,29218131
DLF Phase 2,Apartment,2,3,1109,5,31,2,0.38,1,1,1,1,26000437
DLF Phase 4,Apartment,2,2,1692,8,4,0,11.71,0,1,0,1,43882008
Golf Course Road,Apartment,2,3,1464,3,19,1,7.95,0,0,1,2,50046585
Sector 54,Apartment,4,4,3302,19,1,2,14.05,0,0,1,1,54324970
Sector 70,Apartment,3,4,1515,18,29,1,14.96,1,0,1,5,29186280
Sector 83,Apartment,4,5,2808,4,6,1,9.99,0,1,1,4,53876103
New Gurgaon,Apartment,3,3,1969,4,1,3,6.24,1,1,1,2,34217917
Sector 89,Apartment,3,3,1777,13,25,3,7.18,1,1,1,1,35603701
DLF Phase 2,Apartment,3,4,1484,9,27,3,3.14,1,1,0,2,32056291
Sector 84,Builder Floor,5,6,3759,22,22,1,1.58,1,1,1,5,72253311
Sector 57,Apartment,3,4,1584,15,17,1,8.72,0,0,1,2,34119209
Sector 84,Builder Floor,2,2,1238,22,29,3,12.1,0,1,1,2,25488087
Sector 82,Builder Floor,4,5,2911,5,3,2,4.0,1,0,1,3,45516361
Golf Course Extension Road,Builder Floor,2,2,926,19,17,3,6.35,1,0,0,3,26981250
Palam Vihar,Villa,4,5,1790,22,2,4,8.37,1,1,1,3,33865459
South City 1,Apartment,2,2,1904,13,32,3,13.63,0,1,0,3,31279837
Sector 89,Apartment,3,3,1438,17,22,2,2.17,0,1,0,4,26702346
DLF Phase 3,Villa,2,2,1652,8,39,1,3.63,1,1,1,5,44058477
DLF Phase 1,Apartment,5,6,2962,6,33,2,13.79,1,1,1,2,55110989
DLF Phase 4,Apartment,3,4,1621,17,22,2,0.69,0,0,1,5,47965349
Sector 85,Builder Floor,2,2,1108,9,4,1,9.88,1,1,1,2,18876635
Sohna Road,Builder Floor,2,2,1182,1,38,3,9.63,1,1,1,3,24716916
Sector 89,Villa,3,3,2361,12,13,1,5.81,1,1,0,4,34730914
South City 1,Penthouse,3,4,2117,5,23,3,7.08,1,1,1,2,38936478
South City 1,Builder Floor,3,4,1711,22,13,0,12.84,1,1,1,2,25453138
Golf Course Road,Apartment,2,3,677,8,20,2,2.56,0,1,0,1,41215085
DLF Phase 1,Villa,3,3,1808,19,33,3,3.55,1,0,1,4,34758547
Sohna Road,Apartment,3,4,1855,7,34,1,7.73,0,0,0,4,34466745
DLF Phase 1,Apartment,2,3,1552,9,38,2,6.21,0,0,1,4,27240698
Sector 89,Villa,2,3,788,15,29,1,8.66,0,0,1,5,15467121
Sector 54,Apartment,3,3,1592,14,32,3,13.82,1,1,0,3,33164543
New Gurgaon,Apartment,5,6,2632,12,11,3,13.76,1,1,0,1,51062205
Sector 82,Apartment,2,3,1184,17,18,3,3.53,1,0,1,5,22526892
South City 1,Villa,4,5,2450,5,21,3,4.6,1,1,0,3,43511990
Sector 54,Apartment,2,3,1322,19,12,2,2.51,1,0,1,2,22908320
Sector 89,Builder Floor,3,4,1004,23,39,1,13.92,0,1,1,1,19126665
New Gurgaon,Apartment,3,3,1872,8,20,1,6.03,1,1,1,5,37805850
Sector 56,Builder Floor,2,2,1268,17,7,2,6.8,1,0,1,1,24021669
Sector 65,Builder Floor,3,3,1831,6,27,2,12.06,1,1,1,3,37222752
DLF Phase 1,Apartment,4,4,2300,22,7,3,7.74,0,1,0,5,42411186
Golf Course Extension Road,Apartment,5,6,606,23,2,1,1.88,1,0,0,5,31365482
Sector 84,Apartment,2,3,1359,4,43,1,6.62,0,1,0,1,24757052
Sector 56,Penthouse,2,2,927,10,33,2,9.49,0,0,1,2,14702292
Golf Course Road,Builder Floor,5,5,3429,12,21,1,10.82,1,0,0,2,78168425
Sector 84,Villa,2,2,1550,2,29,2,9.72,0,1,1,2,29489251
Sector 85,Apartment,3,4,1096,0,32,2,1.88,1,1,1,3,21895378
DLF Phase 5,Builder Floor,2,3,1363,3,12,2,4.63,1,0,1,1,41474736
Sector 85,Builder Floor,3,4,1281,18,13,1,11.03,0,1,1,3,25054042
Sector 84,Builder Floor,2,2,1188,17,39,4,13.21,1,1,1,3,26767693
Palam Vihar,Penthouse,4,4,2329,5,44,0,0.8,1,1,0,2,43865045
Sector 83,Apartment,4,4,2823,22,40,1,0.73,0,0,0,2,43495504
Sohna Road,Apartment,2,3,1370,9,3,2,9.69,1,1,1,2,25486642
Sector 67,Builder Floor,4,5,2546,6,39,0,8.27,1,1,1,1,48141945
Sector 83,Builder Floor,3,3,1109,11,8,1,2.41,1,1,0,1,21470901
Sector 54,Apartment,2,2,495,7,2,1,8.27,1,1,1,2,12158600
Golf Course Road,Apartment,4,5,2910,12,6,2,14.62,0,0,1,3,71193822
DLF Phase 3,Apartment,3,4,2113,17,41,3,9.5,1,0,0,1,48427331
DLF Phase 1,Apartment,2,2,920,13,15,2,6.79,1,1,1,5,17306428
Sector 85,Apartment,2,2,1297,10,12,2,12.43,0,1,1,3,21006742
DLF Phase 5,Builder Floor,5,6,2853,9,41,1,3.27,0,1,0,3,76121017
Sector 67,Builder Floor,4,4,3008,5,32,0,6.27,0,1,1,4,54441956
Sector 56,Apartment,4,4,2446,12,6,0,7.96,0,1,1,1,43109746
DLF Phase 5,Apartment,2,3,1452,21,27,3,7.62,0,1,1,5,48721840
Sector 70,Apartment,4,4,2056,9,13,1,13.82,0,1,1,1,39937607
Sector 84,Apartment,2,3,1279,11,23,4,4.46,0,0,1,3,19743708
DLF Phase 1,Builder Floor,5,5,2711,0,10,1,0.94,0,0,1,1,50489613
DLF Phase 2,Villa,1,2,513,17,14,2,13.75,1,0,1,3,8209500
Golf Course Extension Road,Apartment,3,3,821,12,3,3,3.33,1,0,0,5,35504619
Sector 56,Builder Floor,3,3,2187,24,12,1,5.75,1,0,0,3,30987696
Sector 92,Villa,4,4,3379,23,25,2,8.01,0,1,1,2,53934139
Golf Course Extension Road,Villa,4,5,1622,3,1,1,14.64,1,0,1,3,50599926
Sector 83,Apartment,3,3,2091,5,32,1,8.08,1,0,1,2,36118954
DLF Phase 5,Villa,3,3,2073,17,24,1,6.77,1,1,1,5,53781467
Sector 65,Apartment,4,5,2111,4,42,3,8.8,1,1,0,5,39344044
Sector 84,Apartment,1,1,496,17,9,1,14.57,1,1,1,3,9470020
Sector 83,Apartment,4,5,3061,4,1,1,12.29,0,0,1,2,49663843
Sector 92,Apartment,5,6,3752,6,42,4,2.62,0,1,0,3,69916476
Sector 83,Apartment,1,2,663,22,39,1,12.07,1,1,1,5,12478678
Sector 89,Apartment,1,1,527,8,10,2,12.63,0,1,1,2,9462047
Sector 82,Apartment,3,4,2257,2,44,4,10.39,1,0,0,4,43115586
Sector 65,Builder Floor,2,2,965,11,43,1,9.89,1,1,1,4,17534433
New Gurgaon,Villa,3,4,2396,19,41,1,6.67,1,1,1,5,46482897
Sector 56,Apartment,4,4,3314,24,30,3,9.66,1,0,1,2,57957917
Palam Vihar,Villa,3,4,2296,13,5,1,11.09,1,0,1,3,36407129
DLF Phase 2,Villa,2,3,1295,7,4,1,1.93,0,0,1,5,24129579
Golf Course Extension Road,Builder Floor,3,3,730,11,8,2,3.93,0,1,1,5,37404215
Sector 67,Apartment,3,4,1722,6,16,2,2.99,1,0,1,1,35734347
DLF Phase 3,Builder Floor,5,5,4235,23,1,0,12.63,1,1,0,3,84070966
Sector 82,Villa,2,3,1462,8,15,1,10.23,1,0,0,3,22600992
DLF Phase 1,Builder Floor,3,3,1982,11,24,1,6.82,0,0,1,4,39194704
DLF Phase 3,Apartment,4,5,2018,3,15,1,12.41,0,1,1,1,43759016
Sector 56,Apartment,3,4,2230,4,6,2,10.78,0,1,1,3,42214426
Sector 82,Builder Floor,3,3,1139,8,2,1,13.71,0,1,1,3,22532300
Palam Vihar,Apartment,2,3,1152,6,5,2,1.24,1,0,1,4,23792838
Golf Course Road,Apartment,4,4,3374,13,39,2,7.69,0,0,1,1,83344774
Sector 92,Apartment,3,3,1462,19,41,1,10.63,1,0,1,1,23404517
Sector 82,Builder Floor,5,6,3426,21,34,1,3.19,1,1,1,2,64072802
New Gurgaon,Villa,4,5,1416,16,39,1,4.97,0,1,0,5,32130628
Golf Course Extension Road,Apartment,3,4,1526,0,32,1,6.34,1,1,1,2,45343360
New Gurgaon,Villa,3,3,1875,24,29,2,11.94,1,1,1,1,36972751
DLF Phase 5,Apartment,1,1,649,14,29,2,7.45,0,1,1,4,29491368
DLF Phase 4,Builder Floor,2,3,1778,23,24,1,7.44,1,0,0,2,45265404
Palam Vihar,Builder Floor,3,3,1588,14,31,2,6.52,0,0,0,4,33000487
Sector 85,Builder Floor,3,4,2049,0,24,4,3.51,1,0,1,1,38467792
DLF Phase 3,Villa,3,4,2037,14,15,1,13.85,1,1,1,4,46712644
Sector 84,Apartment,4,5,2070,1,12,2,4.84,1,0,1,2,39286709
Sector 85,Villa,2,2,1467,3,20,2,8.56,1,1,1,1,29242344
Sector 85,Apartment,3,3,2080,16,4,0,2.32,1,0,1,1,37676307
DLF Phase 2,Builder Floor,3,4,1685,15,13,3,6.57,1,0,0,2,34456793
Sector 67,Builder Floor,3,3,1881,17,41,4,13.57,0,0,1,5,33564017
Palam Vihar,Builder Floor,5,6,2328,20,44,1,14.93,1,1,1,2,43829629
Sector 82,Apartment,3,4,1428,15,10,3,5.49,1,0,1,2,30308477
DLF Phase 5,Villa,3,3,1790,7,41,1,2.39,1,1,0,3,57616833
DLF Phase 3,Apartment,3,4,2113,5,23,1,4.79,0,1,1,1,51472206
DLF Phase 5,Apartment,2,3,1106,21,7,2,4.98,1,1,1,3,35263061
DLF Phase 5,Builder Floor,3,4,1541,19,12,1,9.7,1,1,0,3,47854696
DLF Phase 5,Apartment,3,4,1703,1,15,2,7.49,1,1,1,3,59733906
DLF Phase 3,Villa,5,6,3580,18,7,0,11.55,1,1,0,4,72230373
DLF Phase 3,Apartment,4,4,1642,12,8,2,10.55,0,0,1,2,41571497
Sector 92,Apartment,2,2,1441,21,7,2,3.84,0,1,1,3,19439013
South City 1,Builder Floor,3,4,2015,21,43,2,11.79,0,0,1,4,34989930
Sector 85,Apartment,2,2,820,20,4,1,12.73,0,0,1,4,12837569
Sector 92,Apartment,2,3,1134,5,7,1,9.02,1,1,1,1,24094872
DLF Phase 4,Builder Floor,3,4,2067,5,41,1,13.92,1,0,0,2,52299012
DLF Phase 1,Apartment,3,4,997,12,30,2,11.77,0,0,0,5,22066539
Sector 83,Apartment,2,3,910,0,18,1,8.97,1,0,1,2,21441369
Sohna Road,Apartment,3,3,1160,21,30,2,13.6,0,1,0,4,16578600
Sector 84,Builder Floor,3,3,1557,20,7,1,9.05,0,0,1,2,31282483
Sohna Road,Builder Floor,2,3,1490,23,23,2,7.87,0,0,1,1,25762975
Golf Course Extension Road,Builder Floor,4,4,2847,8,37,2,5.41,1,1,1,2,68206494
Sohna Road,Apartment,2,3,1058,21,7,2,13.25,0,0,0,4,19068063
New Gurgaon,Builder Floor,3,3,2232,11,38,2,1.93,0,1,1,4,42744887
Sector 65,Builder Floor,4,5,2771,11,29,2,7.16,1,1,1,3,51754955
Sector 83,Builder Floor,3,4,2335,3,34,3,8.11,0,0,1,4,41910629
Sector 65,Apartment,4,5,2350,18,39,2,8.37,1,1,1,1,47112345
Sector 89,Villa,1,1,675,15,41,2,9.81,0,1,0,4,12224551
Sector 56,Builder Floor,3,3,3216,11,18,3,7.64,1,1,0,2,53784033
Golf Course Extension Road,Apartment,3,4,1669,0,43,3,3.93,1,0,1,5,51841745
Sector 65,Apartment,3,3,1772,22,25,2,12.87,1,1,1,4,31538223
Sector 92,Villa,4,4,2311,20,27,1,9.9,1,0,0,1,42589955
DLF Phase 5,Apartment,4,4,2349,3,27,2,12.89,1,0,1,1,59124503
Sector 83,Penthouse,4,4,2712,8,12,1,4.21,1,1,1,1,49652579
Sector 57,Builder Floor,2,2,1216,6,23,2,9.59,1,0,1,1,19390934
Golf Course Extension Road,Builder Floor,3,3,1226,9,17,2,10.74,1,1,1,2,34591946
Sector 92,Apartment,3,3,1807,12,44,2,5.81,1,0,0,3,33335800
Palam Vihar,Apartment,3,3,1578,7,7,2,12.2,1,1,1,5,30154818
Sector 70,Villa,5,5,1790,19,24,2,0.14,0,0,1,3,41996557
Sector 54,Apartment,2,2,1520,9,7,1,8.96,1,0,1,3,25106604
Golf Course Extension Road,Builder Floor,3,3,1576,9,29,1,9.24,1,0,1,3,44034989
Sector 56,Apartment,3,3,1961,7,28,2,8.05,0,0,1,2,33781559
Sector 57,Apartment,4,4,633,19,23,2,9.49,1,0,0,5,18526795
DLF Phase 4,Apartment,5,6,3349,14,10,3,2.59,0,0,1,4,74842573
Sector 83,Apartment,2,3,1112,0,16,1,10.3,0,1,0,4,24366756
Sector 56,Penthouse,2,2,764,14,43,1,5.1,1,1,0,5,21083781
Sector 89,Apartment,3,3,1568,23,34,2,6.84,0,1,1,5,26144180
Sector 84,Apartment,3,3,1511,16,25,2,5.06,1,1,0,1,31042864
Sector 57,Apartment,5,6,3525,12,2,1,7.16,0,1,1,3,69679608
Sector 67,Apartment,3,4,1837,11,5,2,9.36,1,1,0,1,32099165
DLF Phase 1,Apartment,2,2,773,2,14,0,12.59,1,1,1,2,20941626
DLF Phase 2,Villa,3,3,1984,22,31,0,7.3,1,0,1,2,34574332
Sector 67,Apartment,3,3,930,18,40,1,4.92,1,1,0,5,20987112
Sector 57,Apartment,4,4,1769,23,6,2,7.37,0,0,1,2,33021128
Golf Course Extension Road,Apartment,2,2,1204,4,28,3,10.36,1,1,1,5,35747326
Sector 83,Penthouse,2,3,1025,2,9,1,5.27,1,0,0,4,18178942
Sector 89,Apartment,5,5,3834,20,6,0,6.27,1,1,1,3,66468969
Golf Course Extension Road,Apartment,2,3,1247,4,17,2,8.49,1,0,0,2,42406090
Golf Course Road,Builder Floor,4,4,2750,23,40,3,4.48,1,0,0,1,66618005
Sector 85,Apartment,3,3,2080,8,35,1,3.22,1,1,1,2,39988887
Sector 89,Apartment,3,4,1613,5,12,1,2.19,1,0,0,3,32791891
Sector 54,Apartment,2,3,901,15,18,1,5.35,1,0,1,2,17751045
Sector 65,Builder Floor,2,2,1186,9,43,1,0.82,0,0,0,5,20545832
Sector 56,Apartment,3,4,2164,15,34,2,8.79,1,1,0,2,33897220
Sector 67,Builder Floor,2,2,1134,2,1,4,2.72,0,1,0,4,24910591
Sector 65,Builder Floor,3,4,2048,17,15,2,5.72,1,0,1,4,36133840
New Gurgaon,Apartment,2,3,1192,10,18,4,4.11,0,1,1,2,24401477
Sector 56,Apartment,3,3,1147,18,22,2,9.49,1,1,1,1,21212353
Sector 92,Apartment,4,4,1577,24,18,3,12.77,1,1,1,2,33140508
Sector 85,Builder Floor,2,3,1637,22,1,1,9.54,0,0,1,5,27000696
DLF Phase 4,Apartment,2,2,873,14,20,1,8.18,1,0,1,5,33130171
DLF Phase 5,Apartment,4,5,2042,10,36,2,10.07,1,0,1,5,60757112
DLF Phase 5,Apartment,3,4,2185,24,38,1,0.55,1,1,1,1,57591109
Sector 65,Penthouse,2,2,866,21,25,1,1.93,1,1,1,4,15606339
DLF Phase 3,Apartment,3,4,1512,23,16,2,1.51,0,1,1,5,42951512
Sohna Road,Villa,2,2,1140,9,20,1,1.56,1,0,1,5,28901674
Palam Vihar,Apartment,2,2,1104,8,38,2,3.98,0,0,1,2,22484267
DLF Phase 2,Apartment,5,6,2320,2,33,1,8.03,1,0,1,4,40758946
Sector 85,Apartment,4,4,2291,22,7,3,1.81,1,0,1,5,41811904
Sector 57,Apartment,3,4,2085,8,23,1,14.03,0,0,1,5,37001643
Sector 67,Apartment,2,3,1165,17,11,2,12.83,1,0,1,2,19540146
Golf Course Extension Road,Apartment,2,2,1015,11,33,0,14.58,0,1,1,2,25060923
Sector 56,Villa,4,4,2929,22,40,3,0.73,0,0,1,3,50326492
Sector 57,Villa,1,2,838,20,5,2,12.79,1,1,0,2,12742150
Palam Vihar,Builder Floor,3,3,2201,23,41,1,12.08,0,1,1,2,37440116
Sector 82,Apartment,2,3,885,15,8,1,13.54,1,1,0,3,16784300
DLF Phase 5,Apartment,3,4,1339,3,17,1,7.97,0,1,0,5,44053351
Sector 65,Apartment,2,3,1322,0,18,2,11.84,1,0,1,2,21823239
DLF Phase 1,Builder Floor,2,3,1247,12,27,2,0.86,1,0,1,1,22973041
Sector 65,Villa,4,5,1714,7,31,1,1.23,0,1,1,3,36099051
Palam Vihar,Apartment,3,3,1920,5,4,2,1.87,0,0,1,3,38346791
Golf Course Road,Apartment,2,3,1227,7,2,3,13.73,0,1,1,5,42154875
Sector 89,Apartment,4,5,3227,18,5,0,1.01,0,0,0,2,56852128
Sector 89,Apartment,2,3,1078,23,17,2,1.59,1,0,0,1,19664057
Sector 83,Apartment,3,4,2382,23,39,2,13.96,1,1,1,5,40254380
Sector 89,Builder Floor,3,4,2400,11,32,2,1.7,0,0,0,2,44177535
DLF Phase 3,Builder Floor,2,3,1011,0,29,0,13.06,1,0,0,5,29064670
South City 1,Apartment,3,3,1948,3,16,1,11.86,1,1,1,3,39957733
Sector 56,Apartment,4,4,2281,22,1,1,0.7,1,0,1,3,45448068
Sector 85,Penthouse,5,6,2823,12,12,2,0.43,0,1,0,2,53420817
Sector 67,Apartment,3,4,1903,16,19,2,8.06,1,0,1,5,40612667
Sector 85,Apartment,1,2,489,18,9,1,14.96,1,0,1,2,3500000
DLF Phase 3,Apartment,2,2,753,18,7,1,13.19,1,0,0,4,28234131
South City 1,Apartment,3,4,1576,21,30,1,4.72,0,0,1,2,33510652
DLF Phase 3,Apartment,2,3,1530,4,15,3,5.86,1,0,1,4,36576086
South City 1,Builder Floor,3,4,1714,10,44,1,5.88,1,1,1,3,33317491
Sector 65,Apartment,3,4,1790,6,4,2,11.04,1,1,1,1,31419747
Sector 92,Apartment,2,3,1421,2,6,3,5.18,0,1,0,3,26438683
Golf Course Extension Road,Builder Floor,2,3,752,10,38,3,2.3,1,0,1,1,33747180
Sohna Road,Apartment,3,3,1984,16,35,2,11.23,1,0,1,5,35467609
Sector 57,Villa,2,3,1667,10,2,1,6.92,0,1,0,1,22745946
Sector 70,Villa,5,6,3064,14,5,3,1.24,1,1,0,5,62487963
DLF Phase 5,Apartment,3,4,992,18,8,2,11.87,0,0,1,4,39472379
New Gurgaon,Builder Floor,4,5,2357,7,30,2,8.82,1,0,0,5,42392039
Sector 89,Apartment,4,5,2741,15,19,1,7.39,1,0,1,2,54787015
New Gurgaon,Penthouse,4,5,2462,20,30,0,10.13,0,0,1,2,45958229
Sector 83,Apartment,1,2,638,14,31,2,7.63,0,1,1,2,10548851
Sector 65,Penthouse,5,6,3274,2,16,3,9.76,0,0,1,3,62923180
New Gurgaon,Builder Floor,2,3,938,23,38,3,13.03,0,0,0,2,19422720
DLF Phase 4,Apartment,1,1,486,5,22,3,9.24,0,1,1,5,27455558
Sohna Road,Apartment,3,3,1644,2,33,2,9.93,1,0,1,5,28747831
Golf Course Extension Road,Penthouse,2,2,1309,4,22,1,9.25,1,1,0,5,34993471
Sector 82,Villa,2,3,867,0,8,2,8.01,1,1,1,2,14377265
Golf Course Road,Apartment,2,2,1775,21,37,2,2.66,1,0,0,4,51591756
DLF Phase 5,Builder Floor,2,2,521,13,12,2,5.1,0,1,1,4,25250504
Sector 70,Apartment,3,3,1083,11,5,3,10.43,0,0,1,3,23137960
New Gurgaon,Apartment,2,2,1355,12,25,1,6.44,1,0,1,5,27582876
Sector 67,Apartment,3,4,1996,13,29,0,6.15,1,1,1,5,37613546
Sector 56,Apartment,5,5,2949,24,13,3,11.41,0,1,1,3,50264187
Sector 85,Builder Floor,3,3,2084,11,26,1,0.18,0,1,0,5,39035393
DLF Phase 4,Apartment,3,4,2038,22,22,2,10.22,1,1,1,1,51962609
Sohna Road,Builder Floor,5,5,3000,12,29,3,7.39,1,0,1,3,60076269
Sector 54,Apartment,2,3,1275,23,12,1,5.71,1,1,1,5,21750667
Sector 84,Apartment,3,3,480,5,43,3,5.17,0,1,1,3,17976437
Sector 85,Apartment,4,4,2325,20,28,1,2.68,1,0,1,1,39905589
New Gurgaon,Apartment,5,5,2966,14,9,3,5.08,0,1,0,1,53095629
Sector 54,Apartment,3,4,2603,21,10,1,5.93,1,0,0,2,47983447
Sector 83,Apartment,2,2,968,22,42,2,6.62,0,1,1,5,24092441
Sector 65,Apartment,4,4,2379,15,26,2,10.12,1,1,1,1,42141090
Sector 67,Apartment,2,3,1598,8,36,2,6.86,1,1,1,1,33121157
Sector 83,Apartment,3,3,2035,7,40,2,11.96,1,0,0,1,38368024
South City 1,Apartment,3,3,1810,4,11,3,9.63,1,0,0,2,32959752
New Gurgaon,Villa,3,3,2204,14,6,2,2.92,1,0,0,5,40159533
DLF Phase 1,Villa,4,4,1956,6,4,4,4.23,0,1,0,3,42050992
Sector 83,Apartment,4,4,3366,23,27,2,1.28,1,0,1,2,60702614
Sector 82,Apartment,3,4,2069,16,24,2,14.19,1,1,1,5,41894002
Golf Course Road,Apartment,1,2,450,15,5,1,13.31,1,0,1,1,26376516
Sector 65,Villa,3,4,1545,23,3,4,1.36,0,0,0,2,32248366
Sohna Road,Apartment,4,4,1191,10,7,1,8.65,0,0,1,4,29550059
Golf Course Extension Road,Apartment,3,3,2134,6,24,1,14.41,1,1,1,4,55445936
DLF Phase 2,Apartment,5,5,3394,10,22,1,11.23,1,1,0,1,60645374
Sector 65,Apartment,4,4,2142,1,12,1,7.43,0,0,1,5,46197943
New Gurgaon,Apartment,3,3,2304,1,35,3,3.69,0,0,1,5,48014673
Sector 70,Builder Floor,2,3,1176,5,17,1,4.26,1,1,1,2,25239688
Sector 83,Apartment,3,4,2901,2,3,3,11.07,0,0,0,4,51385635
Sector 54,Builder Floor,4,5,1728,0,11,2,11.73,1,1,0,5,37889890
Sector 92,Apartment,3,3,2069,23,6,3,7.98,1,1,1,2,39491131
Sector 57,Apartment,4,5,2177,22,43,2,1.9,0,0,0,2,44419391
Sector 56,Villa,2,3,1010,19,36,1,14.01,1,1,1,4,20576769
Sector 84,Apartment,3,4,1727,15,17,2,12.69,0,1,1,1,33580131
Sector 65,Builder Floor,3,4,1954,13,22,2,2.19,1,1,0,2,35517135
Golf Course Road,Apartment,3,3,1824,16,1,1,0.95,1,1,0,1,54349690
Sector 89,Apartment,4,4,2779,17,44,1,8.08,1,1,0,4,46601567
Sector 54,Villa,2,3,1369,24,3,1,4.33,1,0,1,2,29981018
Sector 57,Apartment,2,3,1606,3,16,1,4.32,1,0,1,3,29364979
New Gurgaon,Villa,3,4,1295,2,35,2,1.4,1,0,1,4,32124546
Golf Course Road,Apartment,2,3,763,7,14,1,14.31,1,1,1,4,35925350
Sector 83,Villa,3,4,1771,3,7,2,12.47,1,0,1,3,33103880
Sector 92,Apartment,1,2,488,22,26,4,1.8,1,0,1,4,6945122
Sector 83,Apartment,2,3,1444,14,43,1,13.16,0,0,1,3,21812813
Golf Course Road,Builder Floor,3,4,1351,12,31,2,10.28,1,0,1,3,49840226
DLF Phase 5,Villa,4,5,2092,13,24,1,4.95,1,0,0,4,60387798
New Gurgaon,Villa,2,2,1106,13,19,1,13.08,1,0,0,3,19355290
DLF Phase 4,Builder Floor,2,3,1694,4,37,2,9.01,1,1,0,3,43840663
DLF Phase 2,Villa,2,2,1790,4,1,1,12.75,1,1,1,4,31234195
Golf Course Road,Apartment,3,3,1320,21,25,1,7.09,0,1,1,3,50154644
Sector 57,Apartment,2,3,585,12,10,1,7.56,1,0,0,1,16319583
Sector 84,Apartment,3,4,1558,3,18,3,4.44,1,1,1,4,36156322
Sector 70,Apartment,4,4,2379,17,42,2,5.88,1,1,1,4,46675025
Golf Course Extension Road,Apartment,3,3,1782,5,1,4,8.56,1,0,0,1,45246325
Palam Vihar,Apartment,2,3,1176,4,29,3,14.21,1,0,1,5,21474244
Sector 89,Apartment,3,3,2142,2,13,1,9.04,1,1,1,2,39919757
DLF Phase 1,Builder Floor,5,6,2718,19,4,0,2.3,1,1,0,3,53502329
Sector 92,Apartment,3,4,1889,2,12,1,0.2,1,0,1,3,41358692
Sector 82,Apartment,2,2,1380,2,19,2,12.78,1,0,0,2,22993899
Sector 85,Apartment,3,4,1892,19,26,2,5.53,0,1,1,3,32194959
DLF Phase 3,Builder Floor,2,2,1389,1,44,1,4.79,1,1,1,3,31720849
Sector 85,Builder Floor,3,4,1082,19,38,1,12.03,0,1,1,1,24748563
DLF Phase 2,Builder Floor,4,5,2464,17,16,0,14.19,1,1,1,1,44276581
Sector 56,Apartment,3,3,1896,9,44,3,11.25,1,0,1,1,30224815
Sector 54,Apartment,3,3,1730,23,25,3,2.69,0,1,0,1,29799266
DLF Phase 3,Apartment,3,4,1548,20,10,1,5.93,1,0,0,4,37436772
Golf Course Extension Road,Apartment,1,2,664,6,37,1,11.42,0,0,1,3,22134297
Sohna Road,Apartment,2,2,1234,19,28,1,13.61,1,0,1,2,22246531
Sector 89,Apartment,4,5,2370,21,28,3,14.98,1,0,1,3,40188472
Sector 85,Apartment,5,5,2770,13,25,4,7.72,1,1,1,4,57453081
Sector 67,Villa,4,4,2238,9,25,1,12.36,1,1,0,4,40712648
Sector 67,Villa,5,5,2464,19,12,1,0.79,1,0,1,3,46802410
Sector 89,Apartment,2,3,1066,15,8,1,4.36,0,1,1,3,17426844
South City 1,Apartment,2,2,937,5,36,2,5.64,1,1,1,1,19808030
Sector 65,Apartment,3,4,1637,16,39,2,14.64,1,1,1,4,32080440
Sector 84,Apartment,1,1,651,5,24,2,0.15,0,1,0,3,12207382
Palam Vihar,Villa,4,5,2859,21,23,4,4.69,0,0,1,2,51474733
Sector 65,Apartment,5,6,2964,17,37,1,13.96,0,1,1,2,53766946
Sector 67,Builder Floor,4,4,2355,9,11,3,4.67,0,0,0,1,47035196
Sector 65,Apartment,3,3,1860,9,17,1,3.45,1,0,1,1,34541129
Sector 89,Penthouse,2,2,1475,8,28,1,10.98,1,0,1,3,26321577
Sector 70,Apartment,2,3,1137,21,3,2,11.21,1,0,0,2,24168638
Golf Course Extension Road,Builder Floor,3,4,1994,14,2,3,7.14,1,1,0,4,57948892
Sector 67,Apartment,3,4,1955,10,29,2,14.21,1,1,0,5,34052963
Golf Course Road,Builder Floor,3,3,1538,6,34,3,3.12,1,1,1,2,58623098
Sector 89,Apartment,5,5,3494,17,14,3,13.71,1,1,1,4,60595171
Sector 89,Apartment,4,4,1239,1,33,1,11.36,0,0,1,2,30416472
DLF Phase 4,Villa,2,2,1497,1,18,3,5.59,1,0,1,3,49333555
Sector 89,Villa,2,2,865,12,29,3,12.12,1,1,1,5,20059830
Sector 57,Villa,3,4,1741,10,2,2,2.08,1,1,0,5,35530055
Sector 83,Builder Floor,2,2,1432,24,11,2,2.05,1,1,1,3,20182695
DLF Phase 4,Builder Floor,4,5,2160,18,31,3,13.96,1,0,1,3,54199884
Golf Course Road,Apartment,3,3,1898,19,13,3,1.51,1,1,1,1,56062398
Sohna Road,Apartment,2,2,1436,0,44,1,0.16,0,1,1,4,26695251
Sector 83,Apartment,3,3,2576,16,26,3,5.9,0,0,1,4,44899231
DLF Phase 5,Builder Floor,3,3,1793,19,34,3,1.65,0,1,1,1,52486896
New Gurgaon,Apartment,4,4,2500,17,10,1,12.96,1,0,1,4,38439689
Palam Vihar,Apartment,1,2,605,7,12,2,13.85,1,0,0,5,6290265
Sector 56,Apartment,4,4,2276,12,22,1,7.29,1,1,1,2,47426156
South City 1,Builder Floor,3,4,1234,3,31,1,6.44,1,1,1,5,27608392
Sector 67,Apartment,4,5,1772,18,19,2,8.13,0,1,1,1,33590031
Sector 70,Apartment,1,2,598,2,24,3,3.47,0,1,1,4,15134389
Golf Course Extension Road,Apartment,3,4,1943,5,25,0,4.54,0,0,0,4,52264106
Sector 92,Apartment,3,3,2329,5,35,3,1.6,0,0,0,2,37458086
Golf Course Road,Apartment,3,3,1711,21,8,2,6.75,0,0,1,2,48864726
Golf Course Extension Road,Builder Floor,4,4,3256,5,5,3,9.21,0,1,1,2,69027464
DLF Phase 5,Apartment,3,3,1294,23,22,3,13.96,1,1,0,5,46834448
New Gurgaon,Builder Floor,4,4,2517,7,28,3,11.11,1,1,1,1,52618849
Sector 85,Apartment,2,3,1125,24,12,3,10.87,0,1,1,1,19606348
South City 1,Builder Floor,4,4,1664,16,33,3,4.69,1,1,1,1,36440731
Sector 65,Apartment,2,2,725,9,16,1,13.34,1,1,1,5,13911772
Golf Course Road,Apartment,4,5,2156,23,26,1,14.21,1,1,1,3,61858588
DLF Phase 1,Builder Floor,5,5,2748,4,12,1,13.99,1,1,1,4,53906655
DLF Phase 4,Apartment,2,2,951,18,23,2,0.68,1,0,0,5,30808038
Sector 89,Apartment,3,4,2119,10,26,1,9.1,1,0,1,1,39339115
Sector 65,Villa,3,3,1629,9,41,1,9.68,0,0,1,5,33366757
Sector 82,Apartment,2,3,923,2,13,3,4.5,0,1,1,5,23665256
DLF Phase 3,Builder Floor,3,4,1700,21,23,2,14.89,1,1,1,3,38326302
South City 1,Apartment,3,3,1534,23,31,3,4.44,1,0,1,2,27377851
Sector 92,Builder Floor,4,5,3322,9,36,1,3.33,1,1,1,1,59090714
Sohna Road,Apartment,4,4,2223,1,27,1,7.31,1,1,1,5,46211651
Sector 54,Apartment,3,3,1414,8,36,1,4.91,0,1,1,2,29440701
Sector 83,Apartment,3,3,2490,4,42,0,13.87,1,1,1,4,47753754
Sector 57,Apartment,4,5,2806,20,23,1,6.66,0,1,0,4,50937431
DLF Phase 3,Apartment,3,4,1844,16,38,1,6.21,0,1,0,4,48102615
DLF Phase 5,Apartment,3,4,1465,5,3,1,9.43,0,0,1,5,51723311
Sector 92,Apartment,3,4,2121,10,30,2,1.31,1,0,1,5,39396740
Sector 70,Apartment,5,6,1975,4,32,1,11.38,1,1,1,3,43792978
Sector 82,Apartment,4,5,2788,6,15,0,11.55,0,0,1,1,49515137
Golf Course Road,Villa,3,4,1905,6,38,2,7.16,0,1,1,2,60335412
DLF Phase 4,Apartment,4,5,2954,3,11,2,14.34,0,1,1,4,70958047
Sohna Road,Apartment,3,4,808,20,2,3,8.73,0,1,1,2,20431989
Sector 89,Apartment,4,5,1884,9,26,2,10.46,1,1,0,3,38461729
DLF Phase 5,Apartment,3,4,1380,23,34,4,13.87,0,1,1,4,45032742
Sector 67,Villa,2,2,886,17,1,3,10.03,1,0,0,2,21772444
Sector 83,Apartment,3,4,1978,0,11,2,6.53,1,1,1,1,37879825
DLF Phase 1,Penthouse,3,3,1675,13,5,2,0.47,0,1,1,1,31296454
Sector 67,Apartment,3,3,1434,5,26,0,10.95,1,0,1,3,26350711
Palam Vihar,Builder Floor,3,3,1336,10,6,2,14.48,0,0,1,2,27316166
Sector 54,Apartment,3,3,1396,13,35,2,7.11,0,1,0,3,28745556
New Gurgaon,Villa,4,5,2884,19,5,3,5.16,0,1,1,3,53029047
Sohna Road,Apartment,4,4,2362,2,9,2,7.84,0,0,1,3,44107556
Sohna Road,Apartment,3,3,2149,15,28,4,10.95,1,0,0,5,39403790
Sector 70,Apartment,5,5,4865,15,19,3,0.11,1,1,1,1,87107852
Sector 67,Apartment,3,4,1792,6,5,4,13.32,1,0,1,5,32259695
DLF Phase 3,Villa,4,4,1606,7,23,1,13.31,1,1,1,5,46325122
DLF Phase 4,Apartment,3,3,1742,3,44,1,8.17,1,1,1,1,45408622
Sector 92,Apartment,2,3,1726,11,44,3,1.92,0,1,1,3,37854964
Sector 82,Builder Floor,2,3,1504,11,16,3,10.11,1,0,1,2,26827303
Sector 82,Apartment,4,5,2038,9,7,1,2.15,1,1,1,3,46453110
New Gurgaon,Villa,3,4,1672,11,14,3,7.66,0,1,0,3,32389938
Sector 67,Builder Floor,3,4,2125,10,22,2,1.5,1,1,1,5,45754791
Sector 57,Apartment,3,4,2001,10,9,1,8.88,1,1,0,2,41727537
Sector 56,Villa,2,3,1419,14,23,2,4.84,1,1,1,1,28077897
Sector 65,Apartment,2,3,1133,5,43,3,12.48,0,0,0,4,18907866
Sector 70,Apartment,4,5,2617,10,4,2,12.02,0,1,1,1,45650378
DLF Phase 1,Apartment,2,2,1114,1,43,3,14.98,0,0,1,2,21833090
Sector 70,Apartment,3,4,2385,23,26,0,3.94,1,1,1,1,42079162
Sector 70,Builder Floor,3,3,1158,21,41,2,1.02,1,0,1,5,27896936
Sohna Road,Villa,4,4,1547,8,6,3,6.7,1,0,1,2,33528805
Sector 83,Apartment,2,3,999,10,31,2,1.34,1,0,0,4,22722112
Sector 70,Apartment,2,3,1010,15,17,1,2.76,1,0,1,4,20801073
DLF Phase 1,Penthouse,3,4,1158,12,9,2,9.0,0,0,1,2,25378335
Sector 83,Apartment,3,4,1083,12,27,3,8.92,1,0,0,1,24313526
Sector 85,Apartment,2,2,1499,21,6,1,0.75,1,0,1,4,29164173
Golf Course Extension Road,Apartment,4,4,2306,21,6,2,6.7,1,0,1,2,55962555
Sector 82,Villa,2,3,1132,17,4,1,8.0,0,1,1,2,24970268
Sector 84,Apartment,3,3,1823,20,43,2,4.09,1,1,1,2,40090519
Sector 89,Builder Floor,2,3,1647,24,3,2,13.09,0,0,1,3,29492218
South City 1,Builder Floor,3,3,1848,0,24,3,2.5,1,1,0,1,37008092
Sector 67,Apartment,3,3,1753,19,18,2,3.88,1,1,1,2,35937347
Sector 57,Apartment,2,3,1021,9,32,2,2.44,1,0,1,2,23968246
Sector 82,Villa,4,5,2735,18,21,3,1.84,1,0,1,3,49589321
DLF Phase 3,Apartment,3,3,1772,16,29,1,13.2,1,0,0,5,47609713
DLF Phase 1,Builder Floor,4,5,3325,0,32,2,4.24,0,1,1,3,65381905
Sector 83,Villa,2,2,1154,0,25,3,10.87,1,1,0,2,22652399
Sohna Road,Builder Floor,3,4,2223,16,12,1,6.48,1,0,1,1,39785641
South City 1,Builder Floor,1,2,500,14,9,1,9.57,1,1,0,3,5907193
Sector 67,Builder Floor,4,5,1996,1,7,2,13.93,1,1,1,2,41135175
Sohna Road,Villa,3,4,1032,10,14,1,12.68,1,0,1,1,23531954
Sector 84,Apartment,4,5,2844,20,20,1,1.13,1,1,1,3,52411293
Palam Vihar,Apartment,3,4,1783,1,20,4,12.69,1,0,1,4,32498210
South City 1,Apartment,4,5,2758,19,10,2,6.83,0,1,1,1,51680688
Sector 70,Builder Floor,3,3,2512,8,11,3,5.32,0,1,1,2,44457565
New Gurgaon,Apartment,1,2,481,18,39,1,10.12,1,1,1,1,6064116
New Gurgaon,Builder Floor,2,2,920,1,19,3,14.26,0,1,1,1,19660407
Golf Course Extension Road,Apartment,3,4,1469,15,19,3,1.5,1,1,1,2,39815520
Sector 82,Builder Floor,3,3,916,19,43,3,11.54,0,0,1,4,19675315
Sector 83,Apartment,2,3,1145,8,6,1,3.13,1,0,1,1,26553391
Sector 89,Builder Floor,3,4,2171,19,8,2,5.76,1,1,1,2,42361769
Golf Course Road,Apartment,3,3,1820,20,1,2,13.12,1,1,1,1,55755649
South City 1,Apartment,3,4,1140,3,23,3,8.23,1,1,0,5,27275670
DLF Phase 1,Apartment,2,3,1100,23,40,3,1.11,0,1,1,4,15516272
Sector 65,Builder Floor,3,4,1852,12,37,1,7.67,1,1,1,5,35227951
Sector 85,Apartment,1,2,734,14,10,3,11.87,1,1,1,1,12897451
Sector 83,Apartment,2,3,1423,19,2,3,7.98,1,0,0,4,27656867
Sector 65,Penthouse,4,4,2206,1,36,2,2.59,0,1,1,2,42189537
Sector 92,Builder Floor,2,3,1102,19,2,1,6.73,1,1,1,5,23262070
Sector 67,Villa,3,3,2049,17,15,3,13.87,0,1,1,4,38142943
Sohna Road,Apartment,2,2,1033,24,20,2,9.91,1,1,1,4,19049123
Palam Vihar,Apartment,3,3,2159,23,42,3,10.98,1,0,1,1,39536585
DLF Phase 1,Villa,1,1,507,8,21,3,11.81,1,1,1,5,7174388
New Gurgaon,Apartment,2,2,1634,19,30,1,1.45,1,1,1,2,26262782
Golf Course Extension Road,Builder Floor,3,3,1898,0,24,2,8.76,0,1,1,3,49115000
Sector 82,Apartment,3,3,976,2,2,2,5.7,0,1,1,1,21011448
Palam Vihar,Apartment,5,5,3448,22,38,3,2.17,1,1,1,4,63934341
Sector 67,Apartment,3,4,1907,16,22,1,3.12,1,0,1,5,40035781
Sector 67,Apartment,3,3,2004,10,29,1,11.74,1,1,1,3,27370149
Sector 57,Apartment,3,4,2745,23,14,3,2.51,1,0,1,4,55279138
Sector 82,Apartment,2,2,1126,24,5,1,4.76,1,1,1,5,23005537
DLF Phase 4,Penthouse,4,4,1530,7,24,2,4.34,1,1,1,5,50538337
Sector 67,Apartment,3,4,2332,20,26,1,0.82,1,0,0,3,40503992
Sector 65,Builder Floor,2,2,701,11,2,2,6.99,0,1,1,4,16925359
DLF Phase 5,Builder Floor,4,5,1982,10,34,2,11.51,1,0,1,3,56411209
Golf Course Extension Road,Apartment,1,1,605,12,23,2,0.43,1,0,1,2,24562317
Sohna Road,Apartment,5,6,2370,14,41,4,1.78,1,0,1,1,49453303
DLF Phase 5,Builder Floor,4,5,2364,24,35,1,10.83,1,1,1,1,59781718
Sector 57,Apartment,3,3,1742,19,15,1,8.94,1,0,0,2,31634548
Sector 70,Builder Floor,2,2,1630,24,3,2,10.76,0,0,0,4,23806829
Sector 65,Builder Floor,2,2,521,16,12,2,3.53,1,0,1,3,13948046
DLF Phase 4,Penthouse,2,2,1224,11,38,2,12.08,1,0,1,1,38664899
Sector 92,Apartment,2,3,942,18,17,1,7.25,0,0,0,2,22691140
Sohna Road,Apartment,3,4,1563,19,38,3,9.19,0,1,1,5,31046702
Sector 84,Builder Floor,5,6,3476,10,27,2,1.47,1,1,0,1,72366112
Sohna Road,Apartment,3,4,2017,9,19,1,3.15,1,1,1,1,40464852
New Gurgaon,Villa,3,4,1943,16,21,2,11.62,0,0,1,2,35126071
DLF Phase 1,Apartment,3,4,1271,21,40,1,3.44,1,1,0,3,23631482
Sector 92,Apartment,4,5,3064,12,24,1,1.48,1,0,0,1,54889125
DLF Phase 2,Builder Floor,1,1,477,15,24,1,9.0,0,0,1,3,10770677
DLF Phase 4,Apartment,3,3,2382,19,19,1,8.26,1,0,1,2,52434331
